,precision,recall,f1-score,support
CLEAN,0.9407819087773093,0.8848233597692863,0.9119450120750511,5548.0
OFFENSIVE,0.3339191564147627,0.42792792792792794,0.3751233958538993,444.0
HATE,0.49384098544232924,0.6409883720930233,0.5578747628083491,688.0
accuracy,0.8293413173652695,0.8293413173652695,0.8293413173652695,0.8293413173652695
macro avg,0.5895140168781338,0.6512465532634125,0.6149810569124331,6680.0
weighted avg,0.8544132834324834,0.8293413173652695,0.8397969388568353,6680.0
