,precision,recall,f1-score,support
CLEAN,0.9469654528478058,0.9140230713770728,0.9302026965055489,5548.0
OFFENSIVE,0.38131699846860645,0.5608108108108109,0.45396536007292615,444.0
HATE,0.6205357142857143,0.6061046511627907,0.6132352941176471,688.0
accuracy,0.8588323353293413,0.8588323353293413,0.8588323353293413,0.8588323353293413
macro avg,0.6496060552007088,0.6936461777835582,0.6658011168987074,6680.0
weighted avg,0.8757481513694999,0.8588323353293413,0.865902853658399,6680.0
