,precision,recall,f1-score,support
CLEAN,0.9272338148742643,0.9370944484498919,0.9321380546839982,5548.0
OFFENSIVE,0.4661458333333333,0.40315315315315314,0.4323671497584541,444.0
HATE,0.5631349782293179,0.563953488372093,0.5635439360929557,688.0
accuracy,0.8631736526946108,0.8631736526946108,0.8631736526946108,0.8631736526946108
macro avg,0.6521715421456385,0.6347336966583793,0.642683046845136,6680.0
weighted avg,0.8590866496922439,0.8631736526946108,0.8609567619628039,6680.0
