text,label_id
"Thành hồ và thành hà, thành nào cũng bị ô nhiễm không khí độc hại rất nguy hiểm ! Có lẽ ông trời ổng trừng phạt bọn Việt cộng gian ác, gian tà, gian dối, gian dâm, đã nghèo đói mà còn bày đặt ""giải phóng Miền Nam"" !",2
Nga Nguyễn xem ròi à,0
Ức hiếp dân thì giỏi lắm!,1
Biết thế thì im cmm mồm đi. Lại còn đòi dân chủ hóa. Đm thg tàu nó mà bóp thì chỉ có chết. Biết điều nó còn tha cho. Bật nó hỏi xem có thg dân chủ nào ở cạnh mà cầu cứu k. Toàn mấy thg xàm,2
"Đặng Bảo tào lao, nhạc trước giờ cũng jack nó sáng tác chứ có cái đb mà liên quan kicm, bài hồng nhan trước đó chắc có cứt tên kicm trong đó",2
Thay vì ở đây xàm lol,1
ông già hay xaolon phết Tùng sói said :)),2
Sam Sam haha,0
Mac ia qua,1
a xi đăng là qq gi vậy bà con,1
Cứ tính ngìn tỷ đkm sợ thật,1
Ý thức cộng đồng đ có thì ac sống làm chi z trời🥴,1
Đẹp mà ý thức như cc thì vứt 😁😁😁,1
Tin tức như cc,1
"Thằng ad ""phản động"" chỉ giỏi ""xuyên tạc đường nối chính sách của đãng và nhà lước, bôi nhọ các anh hùng nực nượng vũ trang nhân dân"". Hết đặt mìn xe đò thì đặt mìn bưu điện, ném lựu đạn vào chợ vào rạp hát, pháo kích vào nhà dân vào trường học ko phải là khủng bố khủng mẹ gì hết, phải gọi là ""đi nàm kách mệnh"" mới đúng.",2
Giờ tao thấy hối hận khi vừa nc với 1 con bò,1
Dạo này nó cho truyền thông nhiều tiền nên im hẳn khá lâu,1
"Đúng rồi, toàn bọn rẻ rách, cặn bã, ăn cơm ăn cức của Việt Nam mà mở mồm ra là chửi sằn bậy !!!",2
ddjtme giống 100% như đúc người 🤣🤣,1
ThanhHuy Nguyen vcl,1
chuẩn bị đấu tố kiểu búa liềm,2
"Tâm thần cho nghỉ việc ,không đề ảnh hưởng đến ngành CA!",0
Cho em liếm lỗ nhị Thầy,2
nhớ giữ mồm giữ miệng chứ trong tù là hay bị mắc bệnh lạ lắm đấy,1
Mai Vy Trang mô. ???,0
"Phí vai lin ra, thgian bố đợi có khi tán đổ con khác mẹ roii =))",1
Tộc trưởng nói nghe xàm cặc. nhưng em thích =))),2
Nổ quá bà cụ ơi,2
Mặt hàng này còn không:)),0
Thứ ngu như m nói chuyện mất tg...đi học lại lớp mẫu giáo đi,2
Huy Quang Nguyễn chuẩn bị đi học chưa bạn tôi ??,0
Tui nghĩ con má đó nếu có hết bệnh thì nó cx phải xứng đáng là nhận án tử hình,2
Nhin vao tai san cua cac bac la biet ket qua,0
Bắt trend nè 😊😊,0
Phan Xích Long b eyyy 😛😛,0
Nhà Linh cá lóc ở Hậu Giang sao Chị đi Sài Gòn làm gì ở trên,0
Cố lên Việt Nam!,0
Vòng tiền xoay vòng lo nhìu mặt khác của xã hội chứ đâu lo cho mỗi bạn. Vd tiền xây biệt phủ tiền cho con đi du học...,1
Link đâu add?,0
"cảm giác \"" chênh vênh\"" 😔",0
Thứ bóng dơ,1
Anh Độ đã có công lớn trong việc giúp nông dân cày đất cho tơi lên bằng AK :)),0
Sờ chim a ơu,1
"Nãy vào tường nhà "" con "" này. Đọc vài bình luận trong đấy,rồi tự nhủ "" hoá ra khi qua tuổi trưởng thành thì con người suy nghĩ thật kinh tởm,dù là chung dòng máu"". Lòng người khó đoán thật,cái gì cũng có thể nói được. Đọc nhiều khéo bị tẩy não cũng nên. Ahihi !!",2
"Lại quá chuẩn luôn, múp múp như này là ngon👍",0
Đôi lúc mệt mỏi muốn bỏ lại tất cả về quê sống 1 cuộc sống ko gánh nặng tiền bạc. Thế nhưng bao suy nghĩ. Ở đời đâu phải muốn là được đâu.,0
Bô ơi là bô,0
"Bây h tại trung ương thành đại la toàn đỉnh cao trí tuệ, nơi những con bò tự hào luôn rống lên rằng vn vô địch, ra đường người với người thì luôn tỏ ra ta đây hống hách về nhà say rượu đánh vk như dog, có chuyện lên phường thì cúi đầu im thin thít tìm người thân quen để bỏ phong bì, dưới chân thiên tử mà như cc 😤😤😤",2
Nhị Thắng vãi cả đc lên fan cứng. 🤣🤣🤣,1
"Cái mỏ giống cá tai tượng quá ,,bởi vậy nó sạo ke cai thứ chửi Việt nam la kg ưa roi",2
Chả biết hát cg chứ t chỉ đợi anh t ra comeback thôi!!,0
lại thêm loại khùng,2
Chua bao giờ người lại rẽ như bây giờ...!!,1
Cô ba vàng ngọc nghe mắt cười vc đồ thứ nước rửa cầu tiêu mà tưởng mình là sân siêu bột kết.Nói chuyện đéo biết nhục tí nào?Cô Ba Vàng Mã hahahaha,2
Ở 1 diễn biến khác..,0
Noi chuyen tao lai nguoi ta hoi ong mot duong ong tra loi mot neo tao Lao,2
Nay bú hơi nhiều,1
Minh hiếu ơi may với nó cũng một thứ xạo lồn xàm lồn,2
"Thứ ko nhân cách , tiền nhìu cko ngta là cai nghiệp kiep truoc thiếu ngta h trả chứ méo đc miếng đức nào đâu mà hô hào , chị ba ! Chị ba phi",2
Lấy được vợ khôn mát lòng rười rượi :3,0
chó sủa thì kệ cmn :D,1
"đem bom mà rải thảm cho rồi chứ bọn này nát lắm rồi, nó có phân biệt được những người phụ nữ như mẹ nó nữa đâu, ái zà",2
nghe vô lý nhưng rất thuyết phục :),0
Nguyễn Nhật Long vl nắc,1
Chúc ông luôn khỏe,0
Chương trình ln gì vậy ? :D :))),2
Vu Thuy Bich Vy cai nết ia md ne =))),1
"Đinh Bá Trung ơi nếu không có ai đồng ý với ý kiến của mày thì mày nên xem lại đi,1 người cũng đéo có mà cứ cãi. Mày hút thuốc trên xe thì tao xịt thẳng vào mõm mày trước khi lên xe chứ đợi mày gây cháy xe nữa à. Mượn lời ad tý nhé( thằng lỏng bao)",1
ok anh êiiii,0
Bị cô lập thì về đây với em nè abe em dẫn abe đi chơi gái nè . Bao ngon,1
Phạm Hương người ta gọi là đi trước thời đại đấy bạn ạ,0
Hãy tỏ ra là não mình không phẳng đi các bạn.,0
Thấy ngầu vl luôn,0
Anh hùng bàn phím nữa :)),1
Cảm xúc sau khi nhận được huy hiệu fancung :₫,0
"Hay đấy, vừa mới xme",0
Cười chết được,0
Nguyễn Quang Huy thăng l nào chế cái này @@,2
"Thang cc nao ma chang the dc,",1
"Làm như ở dưới gầm giường người ta mà nói, ad nói chuyện ngu vđ",2
Trời ơi miệng dì mà như cá lóc chùi đít vậy oe,2
"Lũ chó , bán nước hại dân",2
đc anh ơi =))),0
Thảo Đào Văn rõ ràng,0
thầy làm e chảy máu rồi đền đi thây,0
vl ad câu like vcc. mà dkm m. t k thấy chứ k phải chó hùa. m thấy k cmt đàng hoàng cho ngta thấy thì m là chó j? chó động kinh hả,2
lại thêm loại khùng,2
đây là một vấn đề hết sức QUAN NGẠI,1
thông đít hàng ngày :),1
Đoàn Thị Thảo vâng,0
dm ông nói phét à 🙂 cái vòng cổ đã quá 2l cụ rồi,1
Oke anh bô,0
Oke anh trung,0
Anh Thư mấy lần đag bú cho chồng c cũng hay cười dị á 🙂 cái giờ c thèm ổng đ’ cho c bú nữa 😭,1
Các bác nên áp dụng gấp thôi,0
Thà rằng cauu không nói ra để hai đứa vẫn như bình thường thì chắc có lẽ tốt hơn cái kiểu thành người dưng với nhau như bây giờ đến từ bạn bè cũng không còn có thể nữa 🙂,0
Giống nhau như 2 giọt nước luôn Thầy,0
tym luôn anh ơi,0
"Bảo quản không đúng quy trình,còn đi kiện họ.Phạt cho thấy mẹ ra.Thử hỏi mua nước về,để trong khó nhiệt dô quá cao,độ ẩm quá lớn thì hỏi chất lượng nào chiệu nổi.""Thông minh tý đi bà con ơi""",2
Nhân cách thua con gấu bông nhà t🙂,1
Cần có 1 người bạn ngồi tâm sự vs mk😔😔,0
thà là các bạn cô đơn ăn tết với gia đình còn hơn là không có gia đình bên cạnh và không có tiền trong người :)))))))))))))),0
"Ta thì nghĩ thằng này là người của tàu cộng, được cử qua đây để làm dư lợn viên, mục đích là làm ảnh hưởng ngôn luận có lợi cho mẫu quốc. Vì xưa nay t đều biết rằng cộng sản mạnh nhất ở điểm là tạo ngôn luận ảnh hưởng mọi người. Từ đó nó sẽ đủ tư cách đi tạo thế, và nói rằng những thằng có suy nghĩ khác nó tức là khác vs mọi người vì suy nghĩ của nó là của mọi người, tức là đi ngược vs dư luận, tức là phản động",2
Lê Thị Bích Hồng tk trẩu,2
Ông bệnh thần kinh mà không hây,2
Vcc,1
"Xin lỗi cảnh sát , buồn cười thật. Phải xin lỗi mọi người dân chứ, vượt đèn đỏ gây tai nạn cho dân . Xl cảnh sát wai gì, nó mà thấy thì ăn hành ngay và luôn",1
Mong virut này nhanh được đẩy lùi :( và không có bệnh nhân nào phải tử vong! ❤️,0
Thịt chó đây này mấy bố ạ,0
Thoại Trần nhà quê,2
Sợ thực sự 😞,0
Địt mẹ lũ chó bán nước,2
☘️Em đang bán 1 số loại thuốc lá thơm ☘️Ai lấy loạj nào Ib em nhe ☘️E co bán lẻ và nhận ship toàn quốc,0
uoc gi cung dc vay,0
trán ngắn tóc dài mồm lai trung cuốc.,1
Mpv cái máu lồn đỏ như tới tháng,1
Gánh gánh cái l má tui bây à. Cái gì củng dân.,2
Cũng may người Nhật được dân Việt ủng hộ,0
Cười vào mặt ông già :v,0
Ngứa mắt vc :v,1
"Lá lành đùm lá rách là ở đó. Tiền thuế người giàu ""đùm"" người kém may mắn. Đó cũng là tư tưởng của mọi đảng chính trị thế giới, và điều nực cười nhất đó là Đảng Cộng sản nỗi dậy vì các tư tưởng bảo vệ người nghèo, người kém may mắn. Nhưng khi nắm quyền thì họ lật lộng. VN cũng có câu hay về những người đó: ""quẹt mỏ như gà"".",2
"Tuan Quoc so sánh vs con gái, chửi con gái ngta đ* này đ* nọ, đéo biết mày có cc không nữa, hay não toàn phân bò",2
"bao phòng chưa anh, chứ em thấy giá đó hơi chua",0
"Huỳnh Hòa ông Quang phông bạt vào đây tán con Thốn mặt lằm rõ ràng kìa bạn, giờ sao? Chơi hay nghỉ? Ks thế lồn nào lại dc với ca sĩ đây :'(",2
Quang Huy n ở cái tầm rồi nha hahaaa,0
Tú cho anh Ba con blue,0
"Bữa nghe bảo anh này nhiễm phóng xạ, nằm viện này nọ cơ mà 😏",1
Nói dân trí thấp lại tự ái,1
căng...,0
Thuy Thu La m nên order chiếc này cho ny m nè,0
Cả thế giới đang cầu nguyện cho dân chúng bình an - báo toàn đăng mấy tin k liên quan ... haizzz chuyện tc của họ kệ đi soi mói vừa,0
Biết sợ mà vẫn cầm😂,0
"Quăng mẹ xuống cho rồi , ông già nuôi tốn tiền bỉm sữa vl",1
ba bá dơ :)),2
"Nhị Thắng ông a chốt hạ câu lên top luôn,vãi cả nồi😂",1
Con me nay an noi lao phét mai mọt bi qua bao nang ne,2
Thành Học Nguyễn Huy r về lây cho ae,0
Xaolonnnnnnnnn=))),1
Đổi thành gặp nhau cuối năm hay gì mà.,0
Đitme ngần ấy tuổi r mà k biết đóng cái khóa quần vào thằng đĩ vượn này,2
Nói gì tào lao kg,1
Đản Đản thứ nl hông,2
Anh đánh máy giỏi thật! Dám biến đường đường là chủ tịch của một thành phố thủ đô trở thành tên nói láo! Tiên sư anh đánh máy!,2
Lê Thanh Tâm mấy anh trên núi tởm thậttt,2
Phương Minn hay cố tình vào đây để bán đồ online :))) sống sạch lên,2
Tưởng Xuân Hiển vcl ba chó :vvv,2
Còn cây kéo đâu a :3,0
Lo bản thân chưa xong đòi lo cho ngta à,0
cô giàu thật thì cô nên giúp người khó khăn đi đừng chửi m. N nv nữa,0
Giọt nước tràn ly đi.. hãy ra nhiều luật vice lone hơn nữa. tôi ủng hộ,1
Anh đó chửi con đỷ này nghe đã tai,2
Ôi dm phát biểu vây coi dân nhu đồ ngu chắc,1
Sau chi ra lăng thế chi chi xinh qua,0
dm linkkkkkkkkkkkk,1
"chắc lão đại biểu này ít đọc báo nên hơi bị mù thông tin, bây giờ ra đường gặp trẻ trâu thì bị đấm lúc nào éo biết nhé",1
Ad ơi lần sau trích cái link dùm mọi người với. Một thao tác mà ngàn người khỏe.,0
Người du lịch ko muốn quay lại. Đi 1 lần là muốn chửi thề rồi.,1
Tiêu Chảy Cấp,0
Giúp e làm đẹp với . E ko có điều kiện. Ko có khả năg nhưg thấy có người đẹp e rất thích,0
Đúng,0
Đĩ già khùng,2
Con bóng sadec =]],2
Lệ cay là thằng nào ?? Lệ Rơi hả,0
Mầm mống tai họa của xã hội,1
"Đm, thằng giám đốc này đúng ngu hơn heo. Nó nói mình thì cũng kệ mẹ nó rồi âm thầm đì. Đây lại tố cáo thì khác éo j nhận mình là thằng mặt heo cho cả thiên hạ biết :))))",2
tien su no lam mom ?....,1
hát như cái đách lồn dị đó Abe:),2
Như cl luôn =)),1
Hoàng Lệ phát biểu ngu quá ! Xây dựng thì ko có thấy toàn kiểu chia rẻ ! Vớ vẩn,2
"Lạc hậu, nghèo đói , trộm cươp...thời đại rực cmn rỡ",1
Mpv cái máu lồn đỏ như tới tháng,1
haha :9),0
Đức Hải,0
Minh Hoàng nó lại top ms ghê vl,1
Chào cứng :v,0
Đấy nghe chưa. Quốc sư nói Mỹ đã xóa cờ hó VNCH lâu rồi.,2
Quan trọng là ổng giàu ổng mặc cc gì cũng đúng🙂,2
Chào cc :))),1
"Haha, vừa đặt hàng",0
Đụ mẹ a be,2
Bảo dan tri thap thì tự ái :),1
Xạo lol để giựt tiền người ta,1
Duy Linh Bởi vì khẩu trang k thần thánh như dân buôn khẩu trang vẫn thường quảng cáo,0
"Vừa giỏi vừa đẹp trai, cháu mới 21 thôi mà yêu chú luôn ý",0
Thì ra con đàn bà cũng nhận ra cái sai à,1
"Đình Quang đm anh đẹp trai vl, anh vậy mà xấu thì đéo đứa nào dám ra ngoài r anh ạ",1
Anh Lân thật biết chiều lòng khán giả khi phỏng vấn Trần Dần :)),0
Cách tốt nhất để thoát Tàu là dân chủ hóa đất nước nhưng lãnh đạo Việt Nam hiện nay lại xa rời dân chủ.,2
Cà khịa vl,1
Về lập kênh mới à ?,0
Cô panda đã like + share+ sub,0
Ở Việt nam là ra Cailozcatkhong roii đó,1
thay nhời muốn nói.....còn nhiều loài tương tự zậy đó. ai rỗi hơi sưu tầm tiếp đi.....,0
Gì ba giào vá hà cho con ít sài đi,0
Kim Hàng kèo thơm m kkk,0
"hỡi đồng bào ( người dân cu đen vn ) đừng có tin và nghe lời của kẻ đang cầm quyền lãnh đạo toàn trị + độc tài + hút máu chúng ta.Vì bản chất chúng là LOÀI THÚ HOANG,+điên -lên đã quyết bảo vệ quyền lực phạm hạnh PHÁT XÍT +PHONG KIẾN CỰC ĐOAN VỚI TƯ T",2
Lê Phương Linh liều. Vé cao chết mẹ,1
hot lồn chứ hot girl,1
Trend qq gì mà lạ lấm. Cãi lộn cát không,1
Vui vẻ cc cứ theo a độ mà triển,1
Tphcm trong tương lai sẽ là thủ đô thì phải. Vì người ngu sẽ bỏ hết thủ đô hn quá,2
Công nhân chi chưi cug điêu luyên ma chi noi chuyên có duyên nưa,0
Ben my sao cung co quai Thái nua vay troi....song lam gi cho chat Dat,1
Con nít còn biết cá chết do đâu mà -_- !,0
Mỏ như cái lồn linh cá lóc,2
HN Thu Nguyên hoặc cho nó xuống đất ngủ thử cho quen hơi đất,1
Câu hỏi của chương trình ( Ai Là Triệu Phú ),0
Vũ KHẤC Tiệp,2
Vừa nhận được thông báo lên fan cứng thích thú vl :)),0
Gần bằng Bác Ngạn kể rồi anh ưi 🙄🙄,0
MCdn48 Na kute làm cái talkshow chắc cháy vé luôn quá,0
Lon me no,2
Vậy trả thuế lại cho dân đi dân nó tự chống. Mọe làm không được chứ gì. Nói mẹ là cán dọng hết rồi nên làm gì còn mà trả. NGU,2
"Cũng ko ngạc nhiên jì lắm, gần hết 2020 xăng xái cho đạt yêu cầu quan thầy ấy mà, riêng cái điều này coi bộ khó đạt í,có thằng chó nào ra đường nói tiếng tàu với đồng bào,đồng nghiệp,bạn bè bằng tiếng tàu ko,lúc đó nó cho vào bệnh viện tâm thần thì bỏ mẹ,hay về nhà hôn vợ,nựng con nó có nói tiếng tàu được vợ con nó chắc ngạc nhiên lắm vì nghĩ nó bị khùng,hahaha",1
Cực kì thuyết phục :),0
Mưa gió bão bùng,0
Cc,1
chán luôn,1
"Khi quay lại sẽ tốt hơn , vì học hỏi được cái hay của nước ngoài",0
Anh tôi nay đã già rồi,0
live tiếp đi a làm top 1 nữa,0
Em của Phùng Thanh Độ thất lạc bấy lâu nay Phùng Sơn,0
Lấy cây đơm luôn đi abe,0
đem hẳn đặc sản ra trình làng,0
hy vọng bác ko bị chết đột ngột như bác Thanh :V,2
iQ người tày,0
CON QUI CAI CHUYEN DI LUA GAT... MAY GAT CHI MINH HIEU ... SAO LON,2
Nay bú hơi nhiều,1
Dkm đừng chưởi tau nữa để tau còn ăn,0
Công an giao thông là nghề cao quý nhất yea yea,0
"Khu vực Tsim Sha Tsui ( Tân Sa Chủy ), Hong Kong chiều ngày 01/12/2019: Ế đù... 🙂 côn an cũng thả tim nữa 🙂 hôm qua thì trước khi rút có cảnh vẫy tay bái bai",0
ba bá dơ :)),2
Phúc Báo dịch thì sát đít mà đi du lịch như đéo có chuyện gì rồi mang về Việt Nam đéo hiểu mấy đĩ nhà giàu này,2
Việt nam vô địch,0
thầy nhớ mang vinh quang về - nghệ sĩ hài hước clm,1
Da.n ban khong trung. De bua nao qua Cali thu*? pho^?i ong Tr D coi trung khong. Co chem thi 1 nhat thi 8 Tr D cung di doi thoi.,2
"Nhìn mặt tiên tri Trần Dần gầy nhiều, chắc no sợ covid-19, hay bị dương tính covid-19, nếu chưa bị thì ông nên nằm im, ba hoa là chết vì covid-19",0
chi em un ho chi chuoi linh loc,0
Toàn ngu muội. Đi ra đó mà đánh đi.,1
quá đc lun anh ưiiiiiii.,0
"Thằng Việt chờ khi nào thằng Chung xả nước đầu nguồn thì lên truyền thông hoan nghênh nữa nhé, dù gì Việt và Chung cũng là anh em tốt, Chung từng giữ nhà dùm Việt hẳn 1000 năm cơ :)",2
"Nói chuyện thiếu văn hóa , tục tiểu , không ra gì",2
"bảo là đồng lòng tránh dịch mà bán khẩu trang và mì gói giá trên trời, học sinh thì sợ dịch hơn sợ bị phụ huynh gank vậy mà vẫn bắt đi học? thế mà bảo là đồng lòng tránh dịch à? thế là giết hại lẫn nhau ròii",0
"Cái page này phản động đấy, ad súc vật biết cc j đâu",2
phuc NObi ne.troi sinh nguoi ta da vay roi.k thong cam thi thoi.dung co noi bong nay bong no.ky lam ban.bo nge.🙄,0
Hoàng Xuân Tâm mày muốn đợi Tùng ra mv thì mày phải ráng chờ anh GD tung sản phẩm đã khi đó Tùng mới có ý tưởng ra mv cho mày xem,2
Mn bây giờ có ý thức bảo vệ sức khỏe của bản thân bằng cách béo khỏe mỗi ngày,0
Chôn sống nó đi,2
Phàm :)) vlon thanh niên,2
Đúng.là nước mắt cá sấu.. Các bạn bạn diệt tận nơi,1
Chị ba là trai hay gái dạ,0
"Thế đ' nào mà trưa hôm lại sục đc vào cái page này!!! Sướng vãi... Ở đây có thể thả cửa tẹt ga... kiểu như muốn bủm thì bủm đ' gì cứ phải nhăn mặt nhịn làm gì. Nhiều khi cv, vc xảy ra mâu thuẫn xô xát muốn xả quá mà k biết thả vào đâu. Thôi thì từ h xả vào đây vậy :)",0
Làm chuyện ruồi bu...diễn éo sâu!,1
Nứng qá abe ơi :)),1
Nhìn chị sang ghê 💐💞💞💞😍,0
Ông co noi gi đi nua thi ông cung ko dc chết trên đất nước vn đâu phẩn động,2
Lanh dao nuoc ngoai noi nhung cau noi tro thanh kinh dien.con lanh dao vn noi toan nhung loi vo van.vn toi khi nao moi phat trien day.,2
Đúng là tuổi trẻ chưa trải qua sự đời,0
Đm lần đầu tiên bố địt vào mày ad ạ.,2
Thứ bóng dơ,1
Nguyễn Bảo Chấn clm,2
Fan cứng,0
việc đéo gì phải nhường nhịn quyền lợi của mình bị xâm phạm mà,1
._. Cô 3 giàu thấy mẹ hà,0
Những thằng nói đạo lý thường sống như lon coca truong mình tuấn nguyễn bắc son 🤣🤣🤣🤣🤣,2
"Giờ ngân sách thu được ở địa phương nào thi chỉ chi tiêu cho địa phương đó. Saigon là nơi nghèo đói, vì bị bọn Mỹ ""Ngụy"" kềm kẹp, bóc lột lâu năm, được CS vào giải phóng, cứu đói, cứ để cho nó thu bao nhiêu xài bấy nhiêu. Không đủ chi thì kệ Saigon, cho nó chết !",2
Đệt cmm 😃,1
T thắc mắc rất nhiều lun,0
Anh trung vàng bạc 😂,0
"Tàu hũ in tiền sang VN gom đất, nhà, vàng và mua chuộc chó với đầy tớ",2
Đéo 🤣,1
Thầy địt mẹ giả tạo vl =)),2
khô gà thì ít. lá chanh thì nhiều.,0
Ai đó hãy ghép thay cái chai sting bằng cái khác đi :3,0
Lợi cái đầu buồi j hả,1
Xin phép moi người cho tui chũi con chó 1 cái :v,2
Mất lịch sự thì có,1
Thân gửi anh,0
- không biết gì sao làm bọ chưởng ?,2
dkm thằng nào sủa câu này -_-,1
Đồ Uyển Đình Ngọc dcm=)) chai sting vô đầu nha,2
"Trúc Phạm mấy đứa đc lắm, diễn đạt lắm 🤣",0
3k và 38 người. Con số đã nói lên tất cả. Tỉ lệ này là 99% Không đồng ý và chỉ có 1% đồng ý. haha Đâu bao giờ dám trưng cầu dân ý.,2
Nguyễn Hà quá trình hình thành Tùng Sói kìa :)),0
"Đây nữa nek, toàn lũ giáo sư tiến sĩ đầu óc cức",2
và khi bạn đã sinh ra ngay vạch đích thì đối với nỗ lực rất đơn giản còn người sinh ngay vạch đua thì nó lại khác,0
Bả này có dương vật đó,2
Duyệt...✔,0
Đẹp zai giống bố nhưng tâm hồn thích chơi đồ chơi con gái :v,0
Chúc mừng năm mới,0
Toàn là những con người thiếu ý thức mà ra cầu mong dừng lại ở con số này thôi chứ lo lắng quá đi cầu cho máy cha máy mẹ đừng đi tùm lum nữa làm khổ nhiều người lắm muốn chết về nhà đóng cửa chết mình mẹ đi,2
Giang Thanh :)) núp vcl,0
Trúc Loan bị ngu à? Nghe nhạc 2 thằng mà éo hiểu vấn đề,2
"6-700 triệu tiền ship/tháng, gì dữ z má, nói không sợ thụt lưỡi hả trời, ship hàng ra nước ngoài còn chưa tới cỡ đó, mầy ship ra sao diêm vương cho người ngòai hành tinh hay gì mà dữ z",2
Phạm Đăng the mat nước do roi ma k biet ngu ma con kich voi dong,1
Điên,1
chỉ 1 người đứng ra thì làm được gì khi mà tất cả những kẻ khác chỉ biết đứng đó nhìn xem gió thổi chiều nào ta bay theo chiều đó,1
Địt mẹ cái mấu này. Tao nằm ở đây hơi nhiều rồi đấy :))) trích lời anh tôi trong buổi sờ trym tối hôm kia :)))),1
Tiền mà k xem trọng sau này không có cháu mà húp,1
"Gia mà nói chuyện vô duyên, khoe khoang đu thu",1
Quê vlin,1
anh lớn sau này chắc không trông em mà sẽ xem mèo tôm 😌,0
Mat la chi Ba o duoi chac la ong Ba yo,2
Xấu người xấu nết nhìn là biết cái miệng đẻ ra trước (khẩu nghiệp),1
"Chưa bao giờ nền giáo dục được như ngày hôm nay, học sinh nữ lột quần áo đánh nhau ngoài đường, học sinh nam đứng cổ vũ, thầy giáo giao cấu với học trò đến có thai, cô thì đánh học sinh đến nhập viện cấp cứu, học sinh ra đường như du côn, đánh nhau như phim kiếm hiệp, đấy gọi là hạnh phúc hả ông?",1
Bắt được đừng chữa nhốt vào cho chết luôn...loại này đừng để đẻ trứng!!!,2
Bó tay luôn không còn gì để nói,0
Mẹ mày. Đang họp đấy bọn ngu,2
Add nick mình= có link,0
"anh Dần ơi,572 trương định là quận 1 nha anh .....xưa anh ở Gò Vấp mà bây chờ anh đòi trụ sở UBNN phường Tân Định quận 1 là sao vậy anh tiên tri......he he he",0
"r, hiểu r, bạn là dlv :)) thôi mình out, k nói lại bạn đc, bye nhé",2
Hinh nhu song mui co bi lech ve ben trai,0
Tàu Hủ bản lĩnh lấy nick chính ra sủa nữa đừng lấy nick face clmmm,2
assmin đi chơi gái bị tống à :)),1
"100 người tin ông là cố dấn tối cao 3 đời tổng thống mỹ trong đó có tôi,còn 10 người tin ông chắc chắn còn tôi.không còn người nào tin ông thì khi đó tôi đã chết....i love idol forever",0
"Chỉ cần chặn từ bức tường vt 17 ,nam Bắc phân ranh sẽ trả lời ngay ai cần ai ????? Để bk k phải nuôi nk như bọn chúng từng lếu láo .Hiện tại nk đang bị ĐÔ HỘ bởi bk ,thế mà mn vẫn vui vẽ vì cảm thấy mình k đủ NÍ nuận đành câm như hến để nhờ ơn ỉa đái từ bk",2
thêm một người bị cộng sản nhồi sọ không biết sao có thể nạo ra được hết chất bã trong đầu,2
top 1 ez,0
Giống người k :)),0
Cực kỳ thuyết minh,0
.,0
Train với GAM đi anh Ba,0
Vẫn chưa què bằng nhân cách của anh🙂,2
Cảm ơn NKYN_có vũ khí đáp lại bò đỏ rồi!😄,2
Thay vì ngồi xàm lol,1
Clm @@@,1
anh lân hỏi toàn câu hóc búa và trot tên dần này .lão lại càng lên cơn thần kinh nặng hơn .nước mỹ chưa có thuốc trị bệnh thần kinh cho trần dần thì chữa làm sao virus19 được kkkk,2
đã đảo Hàn xẻng bị CS mua chuộc treo cờ máu!!! bên cali mà bắt chước treo thế này chắc nhiều ông bà đứt gân máu tăng xong chết quá 🥶,2
"bởi méo coi phim vn, chán vl",1
Trượt 1 cái xác định,0
Nguyễn Hữu Nhân đớp cả của cháu. Thứ mắc dạy,2
Vài cuốn gì. Trả lại 3/4 tài sản là hết :v,0
Xaolon a ưii😆😆😆,1
"Bọn Việt cộng hầu hết nó khai lý lịch của nó xuất thân từ những gia đình thành phần là bần cố nông, mà bần cố nông thì đéo được học hành đến nơi đến chốn. Hậu quả là bây giờ bọn Việt cộng nó quản lý, điều hành đất nước như cái con C ! Ngóc đầu lên không nổi !",2
Clm nó dơ như chó rách,2
Vãi thật :)) lạy luôn 😰😢,1
Dm tao buồn vl luôn ý :)),1
Lx má cười ỉa :))),1
Vl a ưi,1
866446651,0
Chó ko mọc nga voi...bê đê như thế nào vẫn bóng gió nghe,1
Nhân cách thua con gấu bông nhà t🙂,1
"Chúc bác dần nhiều sức khoẻ nhé, VIỆT NAM MUÔN NĂM 🇻🇳",0
Nhìn cái mặt là k ưa r vênh vênh váo váo,2
Thuyên Võ chây thì chết condime với tụi mình r :))),2
"Đéo tin! Mèo rồi lại hoàn mèo thôi! Dăm ba bữa rồi chìm thôi quá lắm thì kiểm điểm, rút kinh nghiệm",1
Gg :)),0
Già mà dơ,1
Hau Nguyen con cặc :v,2
Sao lại cứ đến nụ cười . lên không nghe rõ lời nói.ngừng cho giọng nói vào vô lý,0
Bả này có dương vật đó,2
Lệ Hằng tại bữa em bị trúng lời nguyền chặt heo á,0
Con me gia mat day vo van hoa,2
7.2K kia chắc fan của thằng Nện Đàn nào đó,0
t k nuốt nổi thời trang,1
nhà bao việc vẫn phải đi phá tanh bành,0
Sai lai cang sai dien lai cang dien,1
"Phương Dung Nguyễn chị chơi vậy, ai đ* chị",2
lãnh đạo v+ toàn bọn ăn tàn phá hoại đúng quy trình.,2
uy tín chó gì bọn độc tài,2
Dờ.... đéo phải đờ nghe chưa thằng hl :3,2
Thế K-ICM ko phải là con trai rồi mà là cây ATM,2
",ai ho ông khùng trần dần len nói xàm lúc nầy vậy?",2
Thăng đit lao nên lam quan chăng thê.cho va cho,2
Làm chuyện ruồi bu...diễn éo sâu!,1
"Địt mẹ đến là hài, cướp như thế mà nó chỉ bắt vì tội gây rối trật tự công cộng. Cái tội này là tội máu lồn nhất. Dân oan đi khiếu kiện nó cũng vu cho người ta tội này được, rồi thì thanh niên ra quảng trường chơi chúng nó cũng vu tội này...Nhưng tuyệt nhiên chúng nó cho lũ an ninh, dlv đánh người giữa phố thì đéo thấy tội này đâu.",1
em lập xong cho thầy r thầy ơi,0
"Ta ước gì có một lão Hitler tái sinh trên đất nước này, làm sạch hết lũ cặn bã dơ bẩn",2
Khó chịu vl,1
Địt mẹ lũ chó bán nước,2
Năm sau đến lượt 2k2 rồi :)) sau năm tiếp theo nữa là 2k3 rồi đến 2k4 ờ và tiếp tục là 2k5 2k6 2k7 đcm nhiều vailon :)),1
Chỉ là lại từ bỏ tiền ra cho cày view thôi chứ hay cc j đâu,1
Nhắm làm lại mẹ tao hk :))) hay lắm mẹ ơi love you ❤️❤️❤️,0
Cho,1
"Tú ông ngu suẩn nhìn mặt và thái độ sặc mùi ""âm hộ""",2
link đâu con mẹ m,1
Võ hậu,0
Thanh Thảo giống con poodle hay đi du lịch cùng chúng mình nèeeee,0
Quỹ đầu cằc nè mấy em,2
"HUI bây giờ triển vọng vậy, hồi tui còn học thì trong đó nuôi cả đàn bò tin vào sự dẫn dắt tài tình của đảng và nhà nước :))))",2
Sao tôi nhận k đc vậy,0
"Okie, nhớ ăn cơm đúng giờ nha ông già :v",0
"DM...thằng assmin này phản lại cái động...bố nó thông minh,tài giỏi mới làm lãnh đạo...nó có gen di truyền thông minh,tài giỏi đó mới làm lãnh đạo như bố nó...không lẽ mày muốn thằng phụ bếp làm ""tủ lạnh"",thằng thiến heo làm TBT...v..v..DM có mà xuống hố cả nút đất nước này ah...DM...",2
hóng clip tùng chơi 😂,0
"chắc lão đại biểu này ít đọc báo nên hơi bị mù thông tin, bây giờ ra đường gặp trẻ trâu thì bị đấm lúc nào éo biết nhé",1
Và đây là giải pháp,0
Cả họ con này bị ma ám,2
Chụt Chụt thông kiểu đéo gì =)) toang thật sự r,1
đứa nào năm vừa rồi chưa đóng học phí cho abe?,0
"Mua vòng tay gucci 50tr đi, ho bên My mày tuong ngon",0
Sử đẹp thật đẹp cho nó biết lễ độ và phép tắt,2
Dở hơi đeso chịu đc,1
Em thử tranh luận chính trị với đám cầu thủ đỏ đó... sẽ thấy tụi nó chửi em ko khác gì bọn bò đỏ nhé,2
Nguyễn Thùy Giang đỡ đi =)),0
Oh shjt,1
"Dit me cai quy trinh,vao cap cuu deo co tien,deo bao hiem thi nam do di.",2
Ngơ cái buồi :v,1
Phụng Mỹ e lai dưới lon e lại lên,1
Thoại Trần chính tã ?? Chó chê mèo lắm lông..gạch đá đủ xây nhà chưa b,2
"Nghèo chết mẹ,thiếu nợ người ta chết mẹ.Bộ mặt con mẹ gì.NGUỴ BIỆN.",2
😞,0
cua hoàng đế cơ mà,0
"có bài sấm truyền, đọc hoài",0
Cực kì khuyết tật,1
Vi Lấy chồng đi m ơi:(( đi học là out luôn,0
Hợp đồng iphone với mixigaming có trị giá lên tới hàng nghìn đô,0
Dm minh hieu la đo ngu,2
Địt mẹ thg hát nhá !! Lấy ngay cái đít anh độ nói chuyện haizzzz :(((,2
”👎🏿”,1
Cờ giáo hội....tượng trưng cho hòa bình vs công lý. Ko biết sao,0
Á á dm.,1
Quang Nguyễn Đức lây chắc còn hơn cô Nhung 17 ý chứ,0
Thằng già sống bẩn quá,2
Kết quả là lõi giấy vsinh đ có gtri gì =))),0
thôi ông im mẹ mồm :)),2
Đéo quan tâm t nào lãnh đạo?,2
Trung bá zoe,2
Đc anh ui,0
Cũng đéo làm gì cho đời,1
Chua thay thang bede nao sau nhu thang quy nay no banh noc,2
Phúc Hưng h mới thấy,0
Đấu khẩu - Chim lợn 👍,1
👍,0
oce thầy :33,0
Nghe giọng lứng quá abe,1
Nói thế đụng chạm bác em nha! Ở xứ đông Lào bác em luôn đi đầu khi có tiệc tùng đó. Chớ khi ra quân là bác trốn mẹ trong hang Pác bó. Cải cách ruộng đất là bác có bí danh CB ( là chó bò) giết người rồi đổ tội cho người khác.,2
Mái tự cắt. Đuôi thì ngồi cày 6 tiếng với giá 600k cảm thấy ưng,0
"Đừng lôi mẹ người ta vào, tao địt vào miệng mày Vũ Long Bảo cấm lôi fụ huynh vào nha ^_^",2
Nguyễn Đăng Khoa thg học trò l này :))),0
"Tú Trinh ko chạy ăn cứt, ăn đb à 🙄",2
Chết rồi ha mấy đứa,0
xin lỗi tụi bay chết kệ bà tụi bây tụi tao kiểm tra có cái cục cức gì đâu ( tao biết đó là thứ gì ),2
Đặc điểm nhận dạng người tăng động,0
Yêu tất cả anh em ❤️,0
"Hương Dương okey, nó là cánh hoa nha 😆😆😆",0
Rất vô lý nhưng cực kỳ thuyết phục,0
Tên bài hát còn trẻ trâu hơn cả t nhé ! Cười vl 😁,2
Nhìn mặt k co tí gì gọi là phúc hậu...ác khẩu,1
Biệt danh ml,1
"Ơ, vnexpress cũng tương cho 1 bài à. Ô nhiễm là ô nhiễm thế nào, đồ phản động, đất nước yên bình.môi trường sạch đẹp nhé 😂😜",2
Má nứng quá aiu ơi,1
Ôi 1 thằng bede,2
Con này vừa xấu người vừa xấu nết khẩu nghiệp nó lại nặng nữa chứ,2
K icm ca sĩ concac à,2
Cái bọn trẻ trâu miền bắc hô hô miệng Việt kiều hàn mang bịnh dìa. R bảo viết thì nói chung chung Việt kiều.,2
"con hàng này ngon quá, t sục 5 phút bắn cmm rồi",1
"Cái qq, đem clip đi kt liền",1
Không phải cứ mập là đẹp nhưng có người phải mập sẽ đẹp,0
Công nhân sửa chữa đường dùng máy công suất lớn thổi bụi mù mịt giữa phố_Hà nội VN mới có,1
Phạm Nguyễn Cát Vy cljv con,1
Chib3 nay chet ko co nham mat,2
Tao cháu ông tổng thống mỹ nè .đụ má xạo lồn.,1
Nứng qá abe ơi :)),1
Đây là đàn ông hay đàn bà v?,0
Thay Ngu,2
Tao lao .nói chuyện hoan tưởng,1
Giọng anh trung B52 thánh thót vãi lồn,1
có cl bố mày tin ấy,1
Chi vui qua cjo em sin zalo chi di,0
Xạo l*n quen rồi bạn ơi. 😄,1
đã có Nas ! hãy cười lên các bạn .... cười cho thế giới biết chúng ta đang hạnh phúc như thế nào !,0
Đợi đợi cl :)),1
"Thực sự văng tục , chửi bậy kể cả chửi văn không phải là cái hay để mọi người hưởng ứng......đmm chẳng biết có phải một người viết hay không . Nhưng mà chửi hay vkllllllllll (y) Đọc mà nhiều lúc thấy đời đỡ bất công !",1
"Ơ, vnexpress cũng tương cho 1 bài à. Ô nhiễm là ô nhiễm thế nào, đồ phản động, đất nước yên bình.môi trường sạch đẹp nhé 😂😜",2
Hy vọng lời ông Thanh nói ko bao giờ sai :(,0
Chui hay qua em oi,0
đkm dơ vc,1
Quan trọng là ổng giàu ổng mặc cc gì cũng đúng🙂,2
Haha trend cai(.),1
Cho vào tù cách ly mẹ đi,1
"Cần nhân giống bò này gấp ,để sau này đi nghiêm thu công trình .Cứ cột mỗi con 1 cột điện,nếu kéo không đổ thì chất lượng công trình oke....",2
Sống chậm,0
"Chua to chức dam cuoi voi nhu Quỳnh thi chết the nao được ,anh lan ky qua nhe,cu hoi hoài ke hoạch 9 nam tuong lai.......",0
"Đụ mẹ, thầy làm clg vậy?",2
"Làm như ở dưới gầm giường người ta mà nói, ad nói chuyện ngu vđ",2
Cực kì cái con mã mẹ tụi mày chứ thuyết phục 🤬,2
Tộc trưởng vừa đi đu bai chụp ảnh hoa với vợ về đó ae,0
Khiếp cái quả mồm của ông đấy chắc huyền thoại cmnr 😂😂,1
Bao nhiêu ae ra đảo giờ chưa về hôm bữa theo 12-20 của Abe giơ tay Abe thuê thuyền cứu về nào 😂,0
Biệt danh ml,1
Thua lào vs campuchia rùi.phát triển thụt lùi cmne,1
xin cánh tay của các anh em chưa xem tập nào như tao :((,0
Như một Con điên...,2
Nguyễn Trọng Thái đợi cái lol,1
"Sinh viên ĐH sư phạm và phụ huynh nên bãi công tẩy chay mụ hồng hán nô, hán gian mang chức hiệu trưởng này đi.",2
Đỗ Xuyên. Bình thuận kìa.,0
Ý thức NCC @@,1
Nhìn giả tạo vcl,1
"Khoan nói chuyện xây cái cổng nhưng thằng add óc chó quá, người nghèo mà mày cái đéo gì cũng lấy ra làm chuẩn để ko đc làm cái này cái khác. Bây giờ là cho người nghèo cái ""cần"" chứ ko phải bỏ tiền vào mồm người nghèo, ko là nghèo bền vững đấy.",2
Thấy bài đăng éo nào cũng chửi cho đc :\ đừng mượn hình ảnh đẹp r đem tâm hồn đéo đẹp vào r chửi,0
Nhung Kim là sao chị ơi :v,0
Đầu ốc tôm nên nói ra không có lời nào nghe được . phụ nữ Việt Nam không có người nào phát ngôn như vậy thật ghê tởm,1
Ngọc hoàng lại đi rừng ah :)),0
Chị kêu cá lóc nhẹ lắm. Chị phải kêu linh cá tra mới hộp với cái miệng hô của nó...kkkk.,2
Trần dần có chết có liên quang gì thế giới vũ hoàng lân phỏng vấn tào lao,2
Có vận dụng được vào những chỗ có tóc khác khong a ?,0
DM...assmin...mặt thộn...sao mài thích bới cứt tìm giun thế thằng mặt thộn...hơ hơ hơ...,2
con gì trông cửa trông nhà,0
Mình đi qua thái k chỉ đấu giải mà còn chuyển giới nữa nhé hí,0
Ba gà,2
"Ủa.. E chị quen quá !! À đúg rồi em thấy chị ở 'chùa phật quang' thầy chi.. TpChâu Đốc, bữa ngày 20/4âl🙏",0
T cũng tính chửi. Toàn cmt xàm lol ko,1
QUỐC SƯ Ơi còn luyện võ PHƠI QUẦN ÁO kg ?,0
Trần Trung Tín vãi lồn kkk,1
Ngộp ngạt thì lên rừng mà ở nha anh,0
xạo lol quá má ơi,2
Đéo ghi nguồn.,1
Vũ Trọng Chiến chắc miền bắc. Hhhh,0
"đồng hóa từ từ, ai cũng nhìn ra, trừ 3 triệu con bò :v cơ mà ai cũng sợ bóc lịch nên thôi cam chịu vậy :V",2
Nhok Lầy địt mẹ trên mạng thì gáy khét vãi l em ạ =)) ra đường câm như con chó,2
Không biết vui hay buồn. Lần đầu tiên trong đời ngắn như này luôn,0
trung trần dần ? D: ?,0
Chị đẹp gái quá c oi,0
sena cũng có có tuổi nhưng tiuooir lôn,2
"Chia địa bàn là có thật,đất có Thổ công,sông có Hà bá.sợ nhất là những khu đất vàng dân ở bao đời cũng phải nhường cho ""giải toả"".còn lấn biển,phá rừng...thì bạt ngàn nơi nơi",1
Cởi thì cởi mẹ ra không thì mặc mẹ vào 🙃,1
"Tôi bảo ô ad nhé, ô mở phim sex lên, vặn loa hết cỡ mà nghe diễn viên họ rên sẽ tốt cho não hơn là đi đôi co với phản biện với lũ tiến sĩ việt +",2
Dm tao buồn vl luôn ý :)),1
"Nói thì hay, n lúc thực hiện thì chán vãi lồng.",1
Đề nghị Anh Tiệp Câm Mồm Laii,2
Kkkk...iu nhau là phải có đụ..,1
?????? 😀????,0
Nhai lại chán ko hả thằng ad?,2
Tính ta ông cũng tốt hơn khối người . Về thôi,0
Nay chuyển qua đi xe côn tay rồi à?,0
Thiếu tiền cj hiếu dell trả bớt xạo l đi m,2
Yêu thầy dấu bé 3,0
"coi như xong các cầu thủ không nên vui mừng quá sớm không khéo lại xôi hỏng bỏng không (lũ chúng nó tiền của nạn nhân chất độc da cam,trẻ em tàn tật,đồng bào lũ lụt,tiền trợ cấp xh",2
Cc j zay :)),1
Giết người dấu tay đây mà,1
Giờ là tới lúc bọn chúng trả thù người biểu tình,2
Vũ Thanh Tùng chồng con r tán cẩn thận gãy răng :)). Mà bạn ấy chưa j đã vào sủa phun toàn cứt kiếc thì ai dám tán :)),2
Nó chuẩn bị dizz thầy thật r thầy Ba ơiiii =))),1
Tộc trưởng đi đâu chơi đấyyyyyy,0
đút vào mồm thầy,1
"Ăn hôi khắp mọi mặt trận, giống như thánh ăn hôi nguyễn lân trung",2
cú có Gai🤣,1
Lâm Đình Khoa đc vl a ạ,0
Thằng ad chắc theo công giáo nên suốt ngày thiên đường,2
Chưa chiếu đã quảng cáo cmnr... lại cắt cmn hết để có thời gian đọc slogan,1
Trinh ở ngoài đéo ai thèm ngó đâu anh cứ an tâm ở đấy,1
ok a,0
Tại bọn lính cả,2
xuất khẩu gạo còn bị trả về vì vượt mức an toàn thì làm ăn j nữa,1
Xi - Men tiếng pháp là tuần lễ. Các thiếu nữ phá đel bộ vòng nầy gồm 7 chíếc. Tượng trưng chl tuần lễ. Còn dân nầy mắc ngu quá nên đeo 70 chiếc.,2
Uống nước rửa bát xong ngồi đợi đ chết,1
"nói z thôi cho dân chúng bớt xoắn lên nhưng thực chắc cũng đâu vào đấy. nó chơi ngầm thì đố ai biết. cái nhà nước này nó nát bét hết rồi. các bác đừng có mơ làm nhà nước nữa, từ cấp 3 đã xác định là làm nghề gì mà k liên qua nhà nước rồi, vì tao biết g",2
"Lúc nhỏ cứ nghĩ người mà ko có não là ko sống được, lớn lên mới biết thầy bar ko có não vẫn sống như thường",2
Ông nội nào cũng ở không lắm khi không gọi điện cho bà Linh hỏi người ta đ* không Bởi vậy người ta chửi đâu có quan,2
Phong cách và thần kinh nó mong manh lắm🧐,1
Bắn ngu quá mấy thằng em cho ở nhà trông sói ! Chán Độ vl,2
Đời là thế thôi😅,0
Chị ba ơi chị thiệt là đẹp gái. Mà chị có hai cái hòn dái.,2
Đâu đó vẫn còn bọn óc vật,2
Bú bóng cao su ha gì cười ghê z abe :)),0
"mới có anh công an "" vuốt tóc "" chị bán hàng rong mà bê bết máu luôn ấy chứ!",2
"Tội anh tôi, lương tháng 7 - 8 triệu, đến tôm nhỏ chẳng có mà ăn, chỉ ăn được mỗi cua hoàng đế và tôm Alaska😢😢😢",0
"lũ bò tin rằng coi pháo bông tốt hơn xây tượng đài...rồi xem bóng đá lại hừng hực khí thế hưng phấn hơn gấp mấy lần pháo bông .... cuối cùng thì lôi thằng "" nát"" ngây ngô vào chơi đồ ...xong cả đám cười ngặt ngẹo happy vãi nồi ! đất nước lạc quan lạ cmn lùng ...",2
Sách lược diệt chủng dân tộc Việt Nam của Tàu cộng!,2
Bị khùng r 🤪😨 Nói tiền nhiều mà giựt tiền cô minh hiếu 🤣🤣,1
Thôi anh im đi,2
Tóc đan trường mới đẹp anh ưi,0
Nhung ơi thức đêm trông ngóng vì em =)),0
Bên mĩ nổi tieng đánh bom,1
Loại Viết chính tả còn không rành còn đòi bàn chính trị . Ngu dốt thất học.,2
"Thằng Vẹo lúc bố nó phang mẹ nó thì mẹ nó nghẹo cổ trên gối vì phê, thế là đẻ ra nó cũng Vẹo cổ theo. Đứng Vẹo, Ngồi Vẹo, lãnh đạo đường lối Vẹo",2
gần ra phim như này chưa thầy,0
"Có 2 cảm xúc, face lag thật rồi :))",0
"Nguyễn Việt Nam , Ủa cứt 🐕‍🦺 vàng 👈 mới biết đó nghen. 🖕",1
mai ông Hùng King về bẻ cổ chúng nó !,2
Đù,1
9x5=35 vẫn đỗ bách khoa thì các bạn 2k1 không lên lo lắng,0
Kewt,0
Con bóng sa đéc,1
- giờ chuyện đó là bt chó giờ nhiều lắm 19,1
Thấy ngta chỉ trích bắt đầu đổi giọng. Kịch bản là đây ! 😑,1
Trần Công Luận đem đi tử hình cho nó lẹ phạt chi cho nó mệt,1
"Với những người bị viêm cấp tính thì thời gian bị dị ứng đến khi khỏi tùy thuộc thương tổn, có thể điều trị trong nhiều ngày hoặc lên tới vài tuần lễ. Để tránh “rước họa vào thân” người tiêu dùng cần biết cách phân biệt nước hoa thật và nhái",0
An noi chuyen do van hoa vay ma than tuong,1
Bán đôi dép nike hoa cúc để ăn tết ai mua ib giá yêu thương ❤,0
Ns cái quái j vậy trời ... tưởng mình là hoàng thân quốc thích của bên tàu bên mĩ j còn tồn tại hay sao ak... hay là coi mấy cái phim rồi lên cơn sản.người nhà đưa ra nước ngoài điều trị tâm thần.. mong chú sớm bình phục rồi chở lại đúng con người của mình .đừng thần tượng mấy ông công công hồi đó rồi hóa điên hóa khùng ...,2
Nó chuẩn bị dizz thầy thật r thầy Ba ơiiii =))),1
Nhin mat con mu nay giong lu tau khua,2
"đm , đúng là mặc đồ như cái quanque thiệttt 🤦🏻‍♀️",1
Và trong “Sena” cũng địt có chữ G nào luônnn :33 (j4f),0
mây ba mu nay toan la sl ko đây toan phe phai no ko đây toan la đeo vang gia đê lên mxh sl lůa đao la chu yêu,2
Học sinh như cái đách l abe,2
Phúc Hưng clm :))),1
Đơm chết mẹ nó liền :)),1
vì vậy các bạn cứ ở ngoài đó nha. đừng có vô trong Nam này làm gì. hít bụi mịn như hít cỏ Mỹ vậy đó. hèn chi phát phát biểu ra là biết ở đâu liền ah !!! 🤣🤣🤣,2
"Nhật cũng đéo phải thằng vừa gì đâu, với mấy thằng Đức nữa, thử khủng hoảng chính trị quân phiệt nhật nó lên xem nó có san bằng cái châu á ko :))",2
"nữ sinh chạm vào mà CA đi tù 9 tháng, CA chạm vào má chị bán hàng rong chảy máu tạm đình chỉ =]]z báo còn viết thêm chị ấy chăn dắt ăn xin mới ghê",0
"OK nhưng thời gian từ nhà đến trường rồi từ trường về bãi đỗ xe bé làm gì ngủ à,trùng hợp nhỉ bà Quy quên, tài xế ko kiểm tra hay vệ sinh xe khi về(rất ít) đến cô chủ nhiệm ko quan tâm vl trường quốc tế.",0
Đụ mé mình vừa đăng clgt.*độ said,1
Clm nó dơ như chó rách,2
"Tuổi 17 bẻ gãy sừng trâu, lên 18 thì càng lên level. Đề nghị các bạn đái nhẹ, ị khẽ, địt duyên! Khéo lại bể tường... 😓😓😓",1
Đẹp zai gần bằng chip,0
Bài này như lồn,2
Nhị Thắng vãi cả đc lên fan cứng. 🤣🤣🤣,1
"NHNN lại có việc , thằng Son đổi USD số lượng lớn ra tiền Việt kìa . Dân đổi 100USD thì nó đè ra phạt 90tr , thằng cán bộ đổi mấy triệu USD có khi xe chở tiền nó lùi vào tận cửa phòng khách ... Pháp luật phân biệt đối xử vcl",2
Tr ơi !hãy uống nữa đi cho một giọt nước đái nghe đắng cay trong quần,1
Nó bán hàng giả đó mọi người. Mình bị rồi nè.,2
Xaolol riết quen cô Ba ơi,2
"Ad chửi hết bọn khựa làm chó gì?! Dân nó cũng y như dân mình thôi. Chế hính cho đỡ tức hả, không tác dụng gì, để sức mà xem nước ta ""thắt chặt tình hữu nghị"" ra sao nhé. Vụ Formosa chìm xuồng rồi nhé :v Đm, ai bầu thằng cẩu nô tài lên làm lãnh đạo thế?!",2
Bản tin rau muống cho hay tham nhũng đã được chặn ko cho dân phát hiện nữa 😌😌😌,2
đủ vui chưa bro ?,0
Cô iu quá dữ,0
Cuối năm xem gặp nhau cuối năm rồi. Tình hình tham nhũng ở mức ổn định 😂😂😂😂😂😂,2
Đợi cc ang nhỉ,1
học trò lol,2
"Hướng dẫn con mẹ gì, giống như hút thuốc lá thế thôi.",1
được vãi l anh ui =)))))))))))))))))),0
Cái page này rần rà rùi cũng thành cái ổ phản động thôi...unlike,0
Duy Vâu đcm cà khìa vcl :))))))),1
Oh shjt,1
Lời hứa mấy ông này như trò hề. Còn nhớ cái ngày ông Dũng lên làm thủ tướng ông ấy hứa nếu k xóa đc nạn tham nhũng thì sẽ từ chức. Và thực tế thì nạn tham nhũng tăng lên. Còn ông có từ chức mẹ gì đâu,2
Nguyen van Giang thắng tới nơi sủa bậy,0
"Phải khai trừ. Ngườ đảg viên mà toàn đi đâu cũng giả danh giữ chức vụ này chjwcs vụ kia, người đảng viên mà đi đánh một đứa trẻ 12tuôi rất hèn hạ. Phải khai trừ và ko chấp nhận một cơ quan nào làm hết",1
"ơ, e tưởng phải bằng nhiều vailon chứ :)))",1
1 câu chuyện khá là buồn,0
Toàn bọn vô công rồi nghề ngồi sủa ăn lương tháng chứ vinh quang gì? Bản thân hiểu rõ hơn ai hết nhưng vì đồng tiền bát gạo nên vẫn cứ đi cắn sủa vậy đó. Tôi chỉ quan tâm sự thật chứ mấy loại này riết chán chẳng thèm phản biện 😩,2
Paula Lưu dân bmay thích pbvm nhỉ sv,2
Cố lên bác ơi..và dân minh hãy thể hiện la người có dân trí cao đi.để hàn xẻng nó lóe mắt ra,0
tao còn đang mong kỷ luật bỏ mẹ lên đây,1
Dang Khoa Nguyen đã bảo nói nhỏ thôi k nghe.ông thấy mấy đứa tự nhục vào sủa chưa,1
Nghe một hồi xong vẫn đ hiểu phụ nữ cần cc gì :((((,1
"Tôi mong anh Tiệp hãy vì sức khỏe bản thân, gia đình và cộng đồng, anh quá nỗi tiếng rồi đó, nếu nổi tiếng về cái tốt tôi sẽ nghe a còn anh chống lại quy luật, pháp luật và đạo Đức tôi sẽ kịch liệt phản đối và coi thường a",0
Lê Chánh Huy vl nhật văn mình dữ v 🤣,1
"con này thực sự nó giống như con thú nhốt lâu ngày, nó chửi cả dân tộc, cho dù thế nào chăng nữa nó cũng phải được truòng trị để làm gương cho những kẻ khác việc nó xin lỗi mọi người có chấp nhận chăng nữa chẳng qua là một tình tiết giảm nhẹ thôi chứ còn tội của nó thì không thể tha thứ được.",2
Stupid cực mạnh,1
Bán online 10 năm mà đm đạo đức kém vc boom hàng chết mẹ nó đi mng ơi :)),2
Vui quá cô ơii,0
Kick nó đi Abe,0
thấm vãi l*n :'<,1
anh Độ độ quả đâu ` cho hai bố con đuok quá,0
Vl ;)),1
Xin nhà tiên tri cho biết: Liệu trong đại dịch COVID 19 này lũ 3/// CCCĐ tại Hải ngoại có thể miễn dịch ko ạ? Và nếu bị nhiễm dịch thì lũ 3/// sỏ lá sẽ đổ lỗi cho cộng sản hay do sự chủ quan của chính quyền Mỹ ?,2
Xa tít đằng xa tít đằng xa,0
Cố gắng dành giải nhất để về ăn tết với vợ con nhé,0
Trứng mà đòi khôn hơn vịt :v,0
Ní nuận của dlv đây 🤣,2
Dy Dy em thấy nhiều ng khen nè =)))) a đừng quan tâm em review mà nên đi xem thử đi,0
"Người nhục phải là bọn chúng và bạn chứ tại sao lại là chúng tôi? Chúng tôi mua 1 vỉ trứng hay cái kẹo cũng phải ""bỏ ống"" cho các bạn 10% trong khi các bạn nhận tiền mà lại ko làm việc đàng hoàng còn quay lại hăm doạ bắt bớ chúng tôi thì hay ho chỗ nào",2
Lỗ đít nè chơi đi,1
"dân ở thế dưới vì sao ? vì không dám hành động nên mới ở thế dưới , dân đồng lòng cùng hành động thì mới ở thế trên được bạn ạ , VN mình 1 đảng không như các nước tư bản đa đảng khác , đến các nước tư bản đa đảng dân họ còn dám biểu tình đập phá nên họ mới có thể đứng ở phía trên , còn VN thì không .",2
"Tú ông ngu suẩn nhìn mặt và thái độ sặc mùi ""âm hộ""",2
"Cô chân thật , nhữg điều cô nói ra có thể hơi tục nhưg cuộc sống mà ko ai lm j cô thì s cô chửi đúg ko",0
Đcmm đi chết đi:)),2
Khúc cuối anh cười cảm động thực sự,0
Làm hết mặt mũi + tắm trắng luôn hết nhiu,0
Khung qua linh oi tôi sau ma Khung nua,2
"Thằng áp dê ngon thì nói cho thiên hạ biết đi, hay đi làm Thông ngôn cmn đi",1
"đéo biết thì im, thằng cục trưởng cục phân kia bảo dư lượng chất độc trong nông sản vượt mức cho phép nhưng ăn vào ko sao, độc giả tức quá nên mới bảo ""Kính thưa thằng cục cứt: chất độc ko thể ăn được"", hiểu chửa???",2
Ád mỉa mai vc cơ mà tao thích,1
Mẹ làm ảnh hưởng bon tao Vl,1
Gia Môn bất Hạnh :v,0
Cứ như thế này thì duyệt mẹ đi cho nhanh 😀,1
"Đây nữa nek, toàn lũ giáo sư tiến sĩ đầu óc cức",2
dm linkkkkkkkkkkkk,1
"Đây đích thị là chính sách ngu dân mà... Bắt chước các nước tiên tiến trên thế giới thì ko bắt chước, muốn đua đòi theo các nước kém phát triển -))",1
"Cm nó 50 ,k",1
Ông ko nhận nhưng thằng lái xe và vợ của ông nhận.,0
Xin video đc ko bạn yêu,0
Đề nghị Anh Tiệp Câm Mồm Laii,2
"Có ông,cũng thấy vui vui.. Chờ ngày đón cs Nhừ Qùynh lên xe tăng ! Kk",0
Tiền ngta gửi nước ngoài hết rồi lấy đâu ra mà ủng hộ.,1
Ha Anh Tri chắc chắn là con sam rồi. Nếu là con so thì b k cmt đc bài này nữa đâu. 🤣🤣🤣🤣,0
cac gì bóng của thầy là con chó à?hay linh thú nằm trong thầy đây,0
oke thầy,0
Hàm răng làm nên tên tuổi,0
"ông can đang bận bảo vệ bọn ngu nhưng ra vẽ gánh team , và đứng trong bệ đá cổ nhưng vẫn cần sự cover từ đồng đội tránh bị dive bệ đá =))",2
Giá thấp lopbi cai sao không trúng hả người Việt Nam,0
nghe khúc hỏi ôg hùg với tư nha khoẻ ko tao sợ nín thở luô,0
Chấp nhận add em dới <33333,0
"Vào đọc hộ cái xem từ bh,thiển cận vcl :))) auto chó hùa",1
"Đụ má, em ức chế quá.",1
Ngô Tuấn phục cái máu lồn,2
Tao đang có công việc rất chi là ổn định và không thiếu ăn thiếu mặc trong bộ phận nhà nước nhưng ng phụ nữ của tao lại khuyên tao nghĩ làm ở đó và trở lại nghề củ là lái taxi theo mọi người tao nên nghe lời khuyên này không???,0
Ok thầy :),0
"Tui tin là boác kính yêu nói được 29 ngôn ngữ đó mọi người. Chắc là boác chỉ nói được chữ Hello bang 29 ngôn ngữ ( Hi, Bon jour, Hola, Nĩ hảo, Hallo, Ciao...) mà tại tụi bưng bô bốc phét nói là boác nói 29 ngôn ngữ :).",2
Chả hiểu cái mẹ gì luôn,1
đó là sự tinh tế kèm theo một chút vãi loz.,1
Lại Hợp Sâm wtf ?????,1
Luật là tao tao là luật ý kiến cặc gì lên phường,1
Ý bạn này có phải là người khác nỗ lực để xắm oto cho bạn ngồi tránh mưa phải không !? 😅,0
Phan Nhật cà khịa hơi cay đấy:)),0
lại nữa àh.... tụi thân cộng nó như sói đói... luôn luôn rình rập,2
Nhìn ngu vcl:))),1
"Chắc là muốn quay lại với người cũ, hay chỉ là quay lại với những kỉ niệm đẹp những cảm xúc xưa đó.",0
Chui e la chjnh xac rui e oi..e nô banh nha xac.khoc gja tao.,2
Nó lại hợp lí vlone,0
"Trần ĐOÀN chuyên bán mấy cái hàng fake mà nói xạo nói láo, vốn có 40k,50k một chai đi bán 200k,300k. Chưa hết nó còn dám nói hàng chính hãng vài triệu sale còn 200k, thứ lừa đảo, mất dạy. Ai mà mua hàng con này sài coi chừng ung thư da đó nha, nó bỏ ba cái chất gây nghiện vô để ngta mua hoài đó, sài vô đi rồi có ngày ung thư hỏi sao xui, thà mua chai dâu thơm chính hãng sài hơi đắt mà thơm lâu, an toàn nha mọi người!",2
"Nó đang tự chửi nó , lấy chồng còn ( sinh con) ủa mà nó đẻ được không ta ? Vì nó là quỷ rồi !... bọn bay thua con chó là con người thô tục từ thiện áp phe còn phước không?",2
Trường Giang nói mới tỉnh ra bạn à. Chứ đâu ai ác như chị Nhung bạn nói chết bh mới là mấy người xung quanh kìa haha.,2
Chửi hay bên nước ngoài thì đổi avata làm như quan tâm lắm trong nước không nói toàn thứ ngu nhà dại ngoài đường,1
nhìn avt nó là hiểu nhé :)),0
Cũng có cặp như ai,0
Khắc Thành Nguyễn phục cái máu lồn,2
Chắc bệnh này mấy người có tiền sẽ bị nhiều nhỉ ...ng nghèo lo trồng lúa nuôi bò tiền đâu mà bay để rồi mắc bệnh,2
Thằng chủ chó bị lũ chó bắt giam đến giờ chưa thả. Ad nắm thông tin vụ này chia sẻ với anh em gấp nhé !,1
tuc.tiu,0
Nhật An có chữ n cũng bắt bẻ mm .,0
Con điên con hâm con chập cheng,2
Chào thầy ba girl😌nứng vcl,1
Ông co noi gi đi nua thi ông cung ko dc chết trên đất nước vn đâu phẩn động,2
Thầy ba cũng có 1 captain,0
🥰,0
Cô Minh Hiếu dethw quá à 🥰,0
Lại Hợp Sâm wtf ?????,1
Con bóng sadec =]],2
Ngô kỷ vào nge ổng giáng day phút thu 36 nhé,0
"Nguyên nhân chỉnh sửa chữ bố láo gây nhầm lần hiểu nhầm,số thứ tự gây xáo trộn mất thời gian vào những việc vô ích, còn gọi ruồi bu,suy ra độc tài là những kẻ ăn cắp thời gian láo nếu nhất gốc vẫn là cái búa liềm ám dân tộc ,triệu hồi hitler sống dậy...😅",2
Lưu Thị Phương Thảo cô giáo đi cmt dạo :<,0
Trị ơi con Việt kêu hàng nó qua mất dạy rồi,2
Cho xin địa chỉ...tao gửi ít đồ cho thần tượng của tao...nhà mầy chỗ nào cờ hó,2
Duy Tran khẩu trang có bán hok,0
Đinhh Thị Hoàii Thuu ngủ mẹ m đi,1
"còn nhớ vụ gài đổi 100usd để "" tịch thu "" cả tiệm vàng nhà người ta năm 2014 ! làm cho những ai biết chuyện đều liên tưởng đến chiến dịch đánh tư sản X1,X2,X3 của ông nào đó ko đáng nhớ...",1
Bên tàu+ chắc chắn cũng có giải cấp nhà nước này 🤣🤣🤣,2
Như cl luôn =)),1
Si đa mà xông pha hiến máu là có thật :)),1
Bong gia xam lol qua,2
đó là sự tinh tế kèm theo một chút vãi loz.,1
chị minh hiếu nói chuyện quá duyên và vui.,0
Thầy Lol bữa kêu ko reaction nữa sau vụ Hương Ly r mà😂😂,2
Dạo này anh còn sản xuất điện thoại Cphone không ta???? 😂😂😂😂😂,0
Tự nhiên thấy con đó cái xễu lên xễu xuống à ko biết... 😂,0
XỨ sở thần tiên có khác,0
Nhìn nó mất đập cho một trận mở mồm ra là cái lũ,2
Con nhà cộng nô có khác . Dân có mù có điếc cũng biết cái quân cs nhà nó là lũ bán nước hại dân . Thấy MC PHAN ANH đc nhìu người mến mộ thì nó đi cắn người tốt,2
chúc abe được nhiều sub,0
"Phong cách ""chịch dở"" 🙈🙈🙈",1
nhà mày khôn vãi lòn,2
Thảo Đào Văn giàu hết r đi làm công để làm gì.tay nhanh hơn não.lướt fb nhớ gắn não vô nha,2
😥,0
Hanh Viet tôi thấy 1 bông hoa giữa 1 vùng cứt,1
Sao mình chả biết gì nhỉ,0
Trong khi thế giới đang đi lên thì nước mình lại đi xuống...,2
Nước hoa đểu lấy đâu ra xịn :))) Hot girl méo gì nhìn xấu vkl thề :))),2
Tưởng Xuân Hiển vcl ba chó :vvv,2
Ghi thêm chữ đ*t chị m nx :)),1
đó là sự tinh tế kèm theo một chút vãi loz.,1
"Lũ bán nước thì đang bận bán nước chớ đâu, hỏi cái lồn !",2
HN Thu Nguyên mấy thằng nhơ bẩn cả nc vn,2
Đúng chất miền tây thiệt thà dễ thương ghê luôn,0
Như này thì saoo :))),0
Cực kì thuyết phục :))))),0
"Mấy tk nhiều tiền có khác,lúc nào cũng dị và khác ng😄",2
"Thiên đường mà, nó lột dân chừng ko còn cái quần thì thôi",2
Anh bar .,0
"Hợp lý vl a ơi, ngta nói ước mơ ko đánh thuế, nhưng đéo đủ tiền đóng thuế thì mơ mơ cc",1
Con này là bê đê bong lộ xấu gớm... xấu xúc phạm ng nhìn...,2
Thứ dô diên,2
Vậy trả thuế lại cho dân đi dân nó tự chống. Mọe làm không được chứ gì. Nói mẹ là cán dọng hết rồi nên làm gì còn mà trả. NGU,2
Trần Dần đã đạt cảnh giới cao nhất của thần quyền là...thần kinh,2
Con chó điên,1
Toàn chó đàn,1
Ơ . K thấy có khánh nhở,0
kay vờ lờ.,1
Con này vừa xấu người vừa xấu nết khẩu nghiệp nó lại nặng nữa chứ,2
Đù mẹ.,1
Đẹp trai k abe :v,0
Chuôi con Linh love Chet Chet me no Di nguoi dep oi,2
Ad nói chiện như cc ngta phò thì đã sao ngta có trộm cướp gì nhà m chưa hả con chó ad ??? M đã xác định đc nghề nghiệp của ta chưa mà chửi chửi thì chửi cho đúng chư đừng thấy sao,2
nhìn mặt con mụ này hãm ko chịu dc,2
cô này chỉ có chết mới hết gào thét,2
Buồn sâu sắc,0
Trend qq gì mà lạ lấm. Cãi lộn cát không,1
Già mà dơ,1
Cách phân biệt thằng ngu ba gà và ba vi thì đúng hơn đó thầy,2
cml,1
Đem lại tiếng cười... ???? Toàn post bài hãm lồn mới đáng cười :))))))))),1
😀,0
Sang vũ hán mà ở cho đợ ngột ngạt 😒,2
link đâu con mẹ m,1
Đm cú vl,1
Cà khịa đi xíu thầy vô chửi cm🤦,1
"Nguyễn Hữu Minh mua đôi này hàng fake đủ mua bitis real cmnr , chất lượng ăn đứt con hàng dởm này",1
Như Quỳnh điên khùng ksbsshhwwhsnhsjs,0
Gọi là báo nhưng chúng là bồi bút của lũ cướp nên chúng tiếp tay cho bọn cướp,2
Ngu cmm.,2
Kẹo của bố làm từ 💩,0
Là sv hay người ?,1
Má nó tứk,1
"Quá troi xl , đm bán hàng 10 năm , bớt đi cd oi",2
Dờ.... đéo phải đờ nghe chưa thằng hl :3,2
Nguyễn Thị Hương thế sao ko ở bên đó luôn mà chữa nhỉ,0
"Về với tập,ăn banh bao thịt người nhe ha ha h a",2
Sao lại có an vy vậy :v,0
trưởng thành về chiều cao =)),0
thôi anh im mẹ mồm đi nói nhiều quá,2
Mâp dê thương ma.,0
Bóng già đeo vàng giả sửa như chó,2
nhìn cứ tưởng anh em sinh 3,0
"Ông im mẹ mồm đi,xl quen mồm",2
Tóm lại là con gái hay trai... 😶😶😶...bực mình vl nhìn hoài ko ra 😑😑,1
nứng nứng hóa,1
Con đỷ mẹ mày con chó,2
Hán hoá từ từ,1
Ccc,1
Chi dep wa di,0
"Cái lỗ mũi như lỗ trâu mà còn ngột ngạt,hít hết cả khí trời của ngta rồi còn j.",1
"Ơ cái địt con mẹ con Vj Chon lon nào vào sủa cái câu ngu ngục vcl =))) mục đích ca sĩ ra bài là để cho khán giả nghe ,thưởng thức. Và các khán giả có quyền nhân xét về sản phẩm đó ? Lại là mấy con fans hâm mộ trẩu tre này",2
Khói dm giốg vãi loz khác mỗi cái mặt,1
"Đào Q.Anh Q.Anh Đào câu kia là ông Độ nói, người lớn th cha m",2
Mật danh susan trong phim mr bean là có thật =)),0
Thầy lúc nào chả khổ 😂😂,0
Chí Bảo,0
Mất văn hóa..mặc vậy bó tay.....cơm. phong cách như cc người ta.😋😋😋,1
Thật chán với chế độ quản lý dân sinh,2
Ờ giống mình ghê :v,0
Đ*o hiểu lun,1
K-ATM là ca sĩ ?,0
Quảng ngãi vẫn chưa cho học sinh THPT nghỉ,0
Cuối năm 2017 mà bây giờ đã lọt cuối 2019. Bọn ngu dốt này con ốc làm chưa được nhưng thích chém gió,2
Nhâm Nguyễn nhân mộc nhĩ với thịt băm :))),0
Thầy Giáo Ba ngu như Ba Rọi Béo :)))),2
Đijt mẹ thằng ad phản động tuyên truyền vớ vẩn,2
Uống nước rửa bát xong ngồi đợi đ chết,1
Lệ xồn...=]],1
Ông nội nào cũng ở không lắm khi không gọi điện cho bà Linh hỏi người ta đ* không Bởi vậy người ta chửi đâu có quan,2
"Thật ra thì nó đéo thích là đéo bh thích đâu chỉ là đợi đợi xem có cái kèo mới ngon hơn , thơm hơn không thoi còn không có thì vẫn có 1 thằng ngu cứ ngồi đó đợi mình , qt , lo lắng dại đéo gì mà nói ra cho nó biết mình là nó không thích mình lỡ mình bỏ đi thì toi , gọi là bỏ thì tiếc mà đéo muốn lấy . Món đấy dai nhai tốn thời gian lắm tốt nhất vứt mẹ đi kiếm món mới cho lành :)))))",1
Vl anh em nhà ông độ đông thế cơ à =)) giống nhau y sì,1
Thôi về nước luôn 😂😂😂,0
"Thằng viện kiểm sát kia con cười, thằng chó",2
Vl. bỏ 33 giây cuộc đời ra để cười. tốn thời gian mà đéo đc cl gì,1
Nỗ lực làm phò...cao cấp à?,1
Mắc bệnh hoang tưởng. Chắc nó tưởng nó là bố thiên hạ. Nhãi ranh,2
Đm tao cừ tao ỉa 🤣🤣,1
Thôi ồn im mẹ mồm đi 😆😆,2
Ngứa mắt vc :v,1
TÂM THẦN ?!? CHỨ KG PHẢI TRỊNH THƯỢNG ?! CÁCH HÀNH XỬ CỦA 1 NHÓM CÓ TIỀN CÓ QUYỀN NÊN BỐ LÁO !!!,2
Chị xạo lol quá chi ba oi,2
"Đm cái mỏ như mỏ vịt thề lề, thè lè, thấy ghê jk nào dừa chắc ooke",1
"Khau nghiep khong chi doc Ma con ac ,day la tinh cach cua con nguoi hay Sao ,, ???",1
Em oi ..con Linh Dai Loan no´co´nhô? lông dai´cua em chua ma em lai lên Xi`Gon`kiêm´no´con nua?..lam`nhu em co bao nhiêu vang`lây ra deo hêt´hay sao vây ???..dzom`giông vang gia?..nhin den thui`lui`ha`..nêu´la vang thiêt thi no se sang´loe`luôn ah em oi cho anh noi nghe ne..em quên cai con Linh Dai Loan di ..no´noi bon CSVN an cut´cua no nêu´ma no ngung goi tiên USD ve thôi..chu no không co noi em an cut´cua no..em co biet Miên Tây bây gio bi nuoc man va khô han khong ne ???..bon Trung Quôc no ngan dong`chây? cua sông Me Kông rôi...dân mien Tay se chet doi´het..em chui? thang Trung Quoc dum anh di em...em dzam chui? khong ne ??..anh so bn Trung công no´den nha em no nhô? sach lông dai´cua em do nha,2
Bên e co cơm tinh thương nak. Lm phúc đi,0
Buon long chua,0
Do lười chụp ảnh có mỗi kiểu chụp trộm thôi,0
Nguyễn Bá Quang vào xem cmt ko vui như trk đkm cno óc chó vl,2
Hơizzzz=))),0
Minh Tuấn đừng chửi t mất dạy trong khi đó là hot trend,0
Em oi ..con Linh Dai Loan no´co´nhô? lông dai´cua em chua ma em lai lên Xi`Gon`kiêm´no´con nua?..lam`nhu em co bao nhiêu vang`lây ra deo hêt´hay sao vây ???..dzom`giông vang gia?..nhin den thui`lui`ha`..nêu´la vang thiêt thi no se sang´loe`luôn ah em oi cho anh noi nghe ne..em quên cai con Linh Dai Loan di ..no´noi bon CSVN an cut´cua no nêu´ma no ngung goi tiên USD ve thôi..chu no không co noi em an cut´cua no..em co biet Miên Tây bây gio bi nuoc man va khô han khong ne ???..bon Trung Quôc no ngan dong`chây? cua sông Me Kông rôi...dân mien Tay se chet doi´het..em chui? thang Trung Quoc dum anh di em...em dzam chui? khong ne ??..anh so bn Trung công no´den nha em no nhô? sach lông dai´cua em do nha,2
"Ông thấy đấy ông ad ạ. Nó cướp rồi cắt cổ, mình đi. Nó cướp mình bắt nó không chế mà nó bị thương thì mình đi tù :)) nchung luật pháp buồn cười lắm.",2
Điên .,1
Anh Minh chậm cdmm,2
Nhin chị đẹp quá ak yêu chị rồi ❤,0
Đm đc vl =)))),1
Phan Hoài Nhân có vẻ hay,0
Clm @@@,1
thoại cc nhá thầy,2
:v Mấy thằng này bệnh thật vậy mà cũng nói được !,2
"Lũ chó , bán nước hại dân",2
<3..,0
🌝,0
Ok,0
vâng ạ nhưng em buồn vai lon anh ưi 😞,1
Ghi nợ Minh NguyenĐoàn Ngọc Huyền복승아,0
Thời lồn nào rồi mà còn mị nhau như vậy,1
Chuyện người ta làm chúng bây ở đây làm thầy bói. Rảnh háng thật,2
"Khổ vcl phải ăn mì ạ :""((",1
Hy vọng đảng mua vk để chống giặc chứ đừng dùng để đàn áp người dân,0
Vl anh ơi 🤣,1
"Một số lớn người VN phải xếp vào một trong những dân tộc tàn độc nhất thế giới ,mục tiêu là chủ nghĩa cá nhân là trên hết.",2
Vậy là ngay gần nhà mình mà có những kẻ tồi tệ vậy sao! Hại người sẽ thành hại chính mình thôi.,1
Dúng Dúng để đảng soi sáng,0
Phạm Thanh như thế tức là lây từ Nhung hả b? B nghĩ kĩ chưa?,0
nó joke mà sao mấy ông nhạt vl vậy,0
Học sinh như cái đách l abe,2
Tụt mẹ m ra cho nhanh đỡ phải mặc,1
"cái thằng tung cựa...nó lại đi trước chúng ta ah ! đã duyệt bao nhiêu cái tượng đài, tốn bao nhiêu tiền tỷ rồi mà... ko có cái nào to nhất để đập là sao hả...các đồng chí ! về viết kiểm điểm hết cho tôi...",2
Nghe trần dần thấy cười đau cả bụng,0
Chi dep wa,0
Ám ảnh vl,0
lời nói đâu mất tiền mua sau bà ăn nói ko có văn hóa dzay,2
Công an xã là nơi nhiều cái chết bí ẩn nhất,1
"Xem dc 1/3 toàn thấy nói đạo lý, chả có đéo gì bổ ích",1
chẳng bảo sao việt nam gần đây ung thư càng tăng,1
thầy đéo xoá kênh kêu gọi học trò report cho bay kênh thiệt luôn :)),2
chỉ 1 người đứng ra thì làm được gì khi mà tất cả những kẻ khác chỉ biết đứng đó nhìn xem gió thổi chiều nào ta bay theo chiều đó,1
"Thứ ko nhân cách , tiền nhìu cko ngta là cai nghiệp kiep truoc thiếu ngta h trả chứ méo đc miếng đức nào đâu mà hô hào , chị ba ! Chị ba phi",2
"đến con trâu qua ngòi bút của họ nó cũng biết thù "" giặc mỹ "" cơ mà ! hay anh Tám BBQ là nhân vật hư cấu đến giờ vẫn lắm người hoài nghi !.... à còn diệt chủng mà mấy triệu tín đồ vẫn tin là doanh nhân hay danh nhân gì mới hay ! ... nói họ là bậc thầy quả ko ngoa !",2
Bình Minh =))),0
@Tủn 3K đẹp đẽ quá mà chuyện cá nhân của nó vs thk nào đó mà đi xiên xỏ đá xéo minh hiếu . trong khi minh hiếu chả có khái niệm gì nghĩ đến tên con trần đoàn nữa . chả biết gì tự nhiên bị chửi già đầu ko biết dạy Fan. chấm hỏi luôn . bị chửi đáng,2
hủy thằng bố mày ý :)) ngu,2
"Xóa bài là đúng thôi,(ko thì các ông lãnh đạo bị lôi cái đuôi ra), có quỹ xóa đói giảm nghèo có mà",2
dơ vl,1
Địt con mẹ cnó vẽ rađể ăn chia với nhau ý mà. Làm cổng 200ti để tế thằng tổ cnó ah,2
Anh Trung tele :)),0
"Bao giờ bác ""Dần"" mới live stream???",0
"khi nào về thầy ơi , nhớ thầy quá rồi =))",0
Địt mẹ cái mấu này. Tao nằm ở đây hơi nhiều rồi đấy :))) trích lời anh tôi trong buổi sờ trym tối hôm kia :)))),1
Huỳnh Hữu Vinh cô áo đen kéo khẩu trang xuống luôn,0
"Vả vô cái mỏ loz mày bây giờ, thứ học sinh trời đánh",2
Chi nay thi rat dep nhung phien co Dung chuoi nua De minh gay nghiep do Cô,0
"Đm nó bây giờ mày là thằng ất ơ mới vào làm thì đm trên dưới cả bộ máy nó ăn thì mày có dám không ăn ? Còn cha mẹ phải nuôi còn dự định tương lai đm ở đâu cũng thế thôi , trên mạng ai biết mày là ai mày nói như kiểu thánh thiện lắm nhưng mà đời sống đéo có cái bỏ vào mồm thì xin mượn lời Ngọc Trinh là "" cạp đất mà ăn"" nhé . Thân ái",2
À thì ra vì muốn ăn 150 tĩ nên bán cái lương tâm vốn đã rách rưới để chê khoa học gia Nhật !,1
Đề nghị mấy bạn sống chậm lại :)),0
tao sợ quá các mày ạ :(((,0
"hơi quá lời, thật ra thiên hạ đã chửi còn hơn chó",1
Quốc Dũng vậy luật sư có thể phổ cập luật tại đây không ? Nếu luật sư bảo google ko tính phí vậy xin luật sư cho biết keyword để search là gì ?,0
Nghe chị nói ko .đéo thấy lol gì .,1
Giọt nước tràn ly đi.. hãy ra nhiều luật vice lone hơn nữa. tôi ủng hộ,1
"Ủa chị xài cái gì vậy chị,chị có cái miệng ko chứ chị có đéo gì mà ở gần kho đạn vậy",2
Đụ con đĩ mẹ thầy nhá,2
Mé:))) vl NSND 😂,0
Biệt danh ml,1
Chửi thô nhưng duyên duyên ghê á ><,0
khác mỗi cái nốt ruồi duyênnn🥴,0
Bác Trần Dần năm nay bác cũng già đi nhiều rồi.Bác cố gắng giữ gìn sức khỏe để vượt qua mua dịch này❤️❤️❤️,0
"Hội bảo vệ trẻ em - phụ nữ tiêu tốn ngân sách 1 năm bao nhiêu tỷ, có làm được trò gì không ? Bao nhiêu trẻ em bị bạo hành, lạm dụng , phụ nữ bị hành hạ đéll bao giờ thấy hội thối đấy ra mặt bảo vệ",2
CEO apple Tim Cook là gay thì phải,0
Bây giờ nước mỹ toang. Ko thấy bọn 3/// nổ và chém nữa ta.,2
Tr ơi tr nc hoa gì mấy trăm Sài nc hoa hàng hiệu là bt r tiền tr một chai bự còn hàng dùng thử chai nhỏ xíu 5 mL nhỏ hơn chai thuốc nhỏ mắt cũng trăm mấy 2 3 trăm ngàn r,0
cái máu lồn gì cũng kêu lỗ là thế lồn nào nhỉ .,1
"Riêng abe , thầy dập luôn",0
"cười xỉu lun má ơi,,, cô có duyên quá, like cho cô",0
me nhà no,1
Trai Làng Xai id trong video nhé bro,0
Xin video vs ông ơi,0
"Phải khai trừ. Ngườ đảg viên mà toàn đi đâu cũng giả danh giữ chức vụ này chjwcs vụ kia, người đảng viên mà đi đánh một đứa trẻ 12tuôi rất hèn hạ. Phải khai trừ và ko chấp nhận một cơ quan nào làm hết",1
"Ở xứ người đứng chửi Tổng thống cũng chả sao , dân chủ thật sự, còn bị phạt như nội dung trên là lòi cái bản mặt dân chủ giả hiệu.",2
Công nhân sửa chữa đường dùng máy công suất lớn thổi bụi mù mịt giữa phố_Hà nội VN mới có,1
Sắp tới đông lào sẽ đánh chiếm hàn quốc ông giáo ak .,0
An noi mat dai,1
Ngu còn sủa cho lớn...lúc đầu cũng mê việt kiều,2
Chửi ý nghĩa đấy nhưng đéo xoay chuyển đc j>>>Khi nào dân đéo ngán nữa thì ắt có mùa xuân,1
CĐLCL,2
Huế Đêm trung thu em xách lồn đi chơi :v,1
số nhà thầy cần =)),0
Noi giong biet dot nat k dao duc,1
Dòng họ cao sang mà có ng bị vậy hok tiền để trị bệnh tội ghê.,2
Bexuammailonto :),2
"Ko biết từ khi nào mình không màn chuyện chính trị nữa, chuyện gì đến thì kệ mẹ nó cứ làm việc mình đam mê",1
trẻ trâu à,1
Oaiii 😆,0
Bai vo nay Bac Ho ma con song bung tay 1 cai la ong toi.can gi phai sung voi dao.dung la ba que ba xao...,2
Đm cú vl,1
"nói z thôi cho dân chúng bớt xoắn lên nhưng thực chắc cũng đâu vào đấy. nó chơi ngầm thì đố ai biết. cái nhà nước này nó nát bét hết rồi. các bác đừng có mơ làm nhà nước nữa, từ cấp 3 đã xác định là làm nghề gì mà k liên qua nhà nước rồi, vì tao biết g",2
Lỗ đít nè chơi đi,1
Có cc nè em :),2
gạt tay #19,0
Thầy đang gập cơ bụng hả thầy,0
"Hương Quỳnh a là a thua T luôn r e, riết k có từ ngữ nào để nói",0
"Duyên mà thật thà quá, yêu cô",0
ăn bận như cac họ,1
cái lồn má,1
Đọc mà lòng cay cay cay,0
Lê Hoàng Trọng xin video,0
nứng chưa ae,1
Nhìn bê tha vl,1
làm giáo án xóa kênh đi thầy,0
Dùng kĩ năng nha Abe đừng tấu hài nữa là sẽ lên VCSA comback thôi.e tin Abe,0
Abe hiểu ý học sinh quá!,0
Vlog: ăn mừng nút bạc cùng team sbtc của thầy giáo ba,0
Cực kì thuyết phục 😅😅,0
"Xl la xong sao , de nghi gia dinh xum lai nho nuoc bot uot het nguoi no moi chiu",2
Bán dân để trá nợ,1
Dk me khong biet tang thue moi truong de lam gi ?,1
Sếp nhà người ta không làm mình thất vọng :))),0
Ủng hộ chú Thăng làm Thủ tướng,0
Trọng Lượng cháu chịu😆😆,0
Gia Cát Lồn =))))),2
Sắp tự kỉ vì quá mệt mỏi thì gặp ngay quả ảnh đéo đỡ nổi 🙂,1
Quần què là có thật,1
"Quăng mẹ xuống cho rồi , ông già nuôi tốn tiền bỉm sữa vl",1
"Nói kiểu bình dân cho dễ hiểu thằng ăn cướp mà còn mang huy hiệu Đảng thì phải tin nó chứ , không tin nó thì coi như đứng về phía thế lực thù địch tức là thân địch tức là chống Đảng rồi vì Đảng không có thói quen làm từ thiện chỉ thích nhảy Vào Vớ Vét Về thôi nhé .",2
"Tình yêu là khi bạn yêu 1 người thật lòng thì bạn sẽ yêu luôn cả vợ và con anh ấy, mù quán vcl 🤣",1
Quả nhạc thốn đcđ,1
Chi hiếu chị đất nhiều quá cho em xinh một cái nên nhà đi chị em nghèo lắm chị ơi,0
:)).ở thiên đường mọi ngành nghề đều hợp pháp nhé.đặc biệt là nghề cướp đường.làm thế bỏ tù 6 tháng còn nhẹ,1
Ở Việt nam người ta kêu bóng khùng,2
Đu.má tu.biên tu.diēn luon...,1
Vl :v,1
Tao nhắc lại đéo có nước nào quân đội giỏi như nước tao dm cấm cãi nha mấy con bò 🤣🤣 . Doanh trại trốn phía sau mặt tiền thì phải cho thuê để kinh doanh tụi mày thấy nó tài chưa 😯😯,2
Con cat ne choi hong,1
Đù ..đăńg qúa,1
Thì rõ ràng VN vô đích nên tuy sống với ô nhiễm ở mức nguy hại nhưng dân ta vẫn vui vẻ đi bão và tướng niểng bảo dân ta vẫn vô cùng thông minh đấy thôi !,2
Con mẹ mày. Nói mày là chó thì tội con chó. Mày còn thua con chó nữa tịp à,2
Con quỷ này nó dở quá a c e đừng nói tới nói mở miệng ra là cái đó không,0
Cần làm chặt chẽ hơn ngay từ sân bay để tránh có những trường hợp thiếu trung thực như bà Nhung,1
Hoàng tử khói,0
Nát hết cmn rồi,1
"“Ông già đem hết tiền đãi bạn,dm tháng này thiếu sữa rồi” :)))",1
Tui thấy mấy ông chống cộng chẳng ông nào còn tỉnh táo. Hâm hết ko giống con giáp nào hết,2
Không có một thứ chủ nghĩa nào mà lại tàn phá đất nước và con người như chủ nghĩa này. Các bạn trẻ hãy luôn kiềm chế mình để sau mỗi cuộc hân hoan về bóng đá thì lại đem đau thương về gia đình của mình lâu dài.,2
Bùi Minh Giang cbi cày view cho xếp =))),0
Chị ơi từ thiên cho e ít tiền ăn chống dịch đi chị,0
Cô ba cạo râu chưa sạch kìa cô ba,0
hậu duệ mặt dày,1
Rồi khi nào thầy dạy mấy đứa sắt 3 lên sắt 4 :)),0
🙃🙃🙃🙃,0
Abe mua áo như này là chet con di me sela rồi =)),1
cái mỏ l*n trong làng hài khẩu nghiệp!,1
Lũ sv nào đây ((;,2
Thuykieu Tran chán cực phí tiền . T dễ tính vđ xem xong toàn ngủ,1
Thầy xạo lol hả thầy,2
Du ma nguoi Vietnam sang my khung het tron,2
Ád mỉa mai vc cơ mà tao thích,1
"Day la y kien tam huyet cua rat nhieu tri thuc :phai dan chu hoa thi moi bao ve duoc dat nuoc ,nhung hinh nhu dang cs van chua tinh ra ,ho vua dien tap chong “khung bo “ma ke khung bo lai cam co do sao vang !",2
Vàng ngọc cl đừng có xạo l nha condi mất dạy,2
Trại thương điên sẽ mang cho bạn mọi điều mong muốn,2
Tấc diêng là con vai Rớt này nó đi du học khắp thế giới thưa ví dị,0
Đầy ông kinh doanh bây h thờ Quan Công chứ đéo ai xăm và thờ Thánh Gióng =))))),1
Ngu chua tung co di mua do phe thai ve xai made in tau khua dat nuoc ngoc dau ko noi la do lanh dao ngu ngoc,1
Anh độ dễ như phò ấy :3,2
Trend qq gì mà lạ lấm. Cãi lộn cát không,1
Đhs nói ngu vl :))),1
Phạm Trungg Thằng này ngu hơn mấy con chó rách à!',2
Biết thế thì im cmm mồm đi. Lại còn đòi dân chủ hóa. Đm thg tàu nó mà bóp thì chỉ có chết. Biết điều nó còn tha cho. Bật nó hỏi xem có thg dân chủ nào ở cạnh mà cầu cứu k. Toàn mấy thg xàm,2
chỗ tui chưa có điện nữa mà kế bên quốc lộ 91 tỉnh an giang mới chết chứ .....đất nước có thật đang phát triển k....dốc láo riết quen....,2
đm bọn trung quốc chó,2
Hải Yến có câu nói là ( ko thích nhìn đéo ai bắt xem ),2
Tình đồng chí thật kiên trung!Sách lịch sử dạy giặc tra tấn dã man thế nào cũng không mở mồm có #,2
Dù ai nói ngã nói nghiêng đỷ này vẫn xạo lồn như xưa,2
Câm miệng,1
Anh quên kéo khoá vs đóng cúc nên để vậy đấy.,0
Ngu xuẩn nhất nhì là TT Mỹ (thơ trần đăng khoa),2
Ad chẳng biết cc j cả. Ổng nói đúng rồi. Ko có tranh giành gì hết. Họ rất đồng lòng và tất cả mọi việc mọi vị trí đều đc sắp xếp cả.,2
:)) chuẩn,0
Trung gia cát,0
Đỉnh cao trí tuệ của cán bộ đảng cộng sản Việt Nam là đây...,2
con chào ba chồg ạ :)),0
có gì để xác nhận cái này là sự thật k phải là Giật Tit câu view? -_- từ trk đến h chưa thấy tin nào như này -_- và đây chỉ là MỘT CÁI ẢNH -_-,0
Chó ko mọc nga voi...bê đê như thế nào vẫn bóng gió nghe,1
Anh cái lồnnnn gì cx giỏi mà giỏi nhất là bốc phéttt thôi anh Tiệp ak :))),2
Ae 3/// cố gắng ở trong nhà tránh dịch nha. Chết nó chôn tập thể đó. 3/// mà chết hết thì ko có ai ăn cứt cho mỹ đâu.,2
Sao cai mieng no xau du vay.,2
Tức xanh người,0
"DM...thằng assmin này phản lại cái động...bố nó thông minh,tài giỏi mới làm lãnh đạo...nó có gen di truyền thông minh,tài giỏi đó mới làm lãnh đạo như bố nó...không lẽ mày muốn thằng phụ bếp làm ""tủ lạnh"",thằng thiến heo làm TBT...v..v..DM có mà xuống hố cả nút đất nước này ah...DM...",2
"sắp trầm cảm cmnr , nhiều tâm sự cứ giữ mãi trong lòng và che dấu bằng nụ cười 😷",1
tất cả cũng chỉ vì con mụ này ra..thể chế pháp luật lỏng lẻo chưa đủ răn đe cứ có tiền là chạy án :) 1 con người reo rắt cái chết cho hàng triệu người,2
Toàn giáo án máu lồn chảy ngược,1
Mes ddocj muoons sangr ddm,1
"Làm cái đéo gì thì làm đừng để ng ta nhắc đến VN là gắn với từ ""ăn cắp"" :))",1
"Nếu là dòng chính hãng của các thương hiệu như Dior, Chanel thì thông thường có in sx tại Pháp hay Mỹ này kia.... Chứ dòng Sing cũng có thể là hàng Fake 1 đó nha kaka 😌",0
Ức hiếp dân thì giỏi lắm!,1
Con lợn này béo vãi lon. Bắp tay to bằng ngón chân =)),1
Huỳnh Chí Tính CLMM CHỔNG MÔNG LÊN,2
Chậm lại mng ơiiii :((,0
Em cầm cái này phang vào sự chu đáo của anh Ba =))),2
Bố mấy con bệnh....dcm chúng mày.Làm bố đau cả cứt,2
O DOI la vay luc nguoi ta ha Minh van con thi chuoi nguoi ta cang ngay cang manh Bay gio no tuc roi no quay Lai no can cang nhieu hon xua nghe Cho da tai nhaoi nguoi that la mat the dien cua nguoi vn Bo tay ban thieu,1
Hicc :<< ừ thì mình hong có tiền mua rep nhưng mình đủ tiền mua brand Việt dùng sướng vl chứ hong phải hong có giày đi ạ :<<<,1
Bai vo nay Bac Ho ma con song bung tay 1 cai la ong toi.can gi phai sung voi dao.dung la ba que ba xao...,2
Con linh cá lóc là loại người không tha thứ dc.,2
Lôi huyền thoại ra so sánh với con gà :v,0
Có gì đâu rần rần 🙂,0
Khác gì bọn zom đâu,1
Nta xạo lồn hay k kệ mẹ đi. Nghe vui vui giải trí là dc r. Còn vào khẩu nghiệp lri cho tội con cháu,1
"Chang le noi la ""toi nhan""",0
Nhìn nó mất đập cho một trận mở mồm ra là cái lũ,2
"Thằng ad ""phản động"" chỉ giỏi ""xuyên tạc đường nối chính sách của đãng và nhà lước, bôi nhọ các anh hùng nực nượng vũ trang nhân dân"". Hết đặt mìn xe đò thì đặt mìn bưu điện, ném lựu đạn vào chợ vào rạp hát, pháo kích vào nhà dân vào trường học ko phải là khủng bố khủng mẹ gì hết, phải gọi là ""đi nàm kách mệnh"" mới đúng.",2
Đéo phải là ngu mà là 1 lũ tham quan ô lại,2
Chị ba giúp đỡ e chị,0
Tấc dziêng là cái qq gì dzạ mn,1
"Nhìn gần thì như thk đần, Khi thì lại gần Ôi ông Trần Dần!!!",2
Vaicalon =))),1
Em chửi bỏ mẹ chúng nó đi cái nich em chửi trần dần anh nghe xương quá nhất là quả quyền èm sàng hay gữi luôn cảm ơn nhé xêm buôn cười quá đi,2
8h tối nay nha,0
Hóng dlv vào liếm,2
Ở quê vùng sâu vùng xa chỉ có mỗi cái TV xem vtv nên dân vẫn tin yêu đãng lắm!,0
Đình Quang xạo l z pa,2
bác bên trên nói đúng vl :)),0
Ng Văn Duy cút chỗ này đéo có loại người như m địt mẹ mày,2
Trần Đức Duy ơ vậy chổ ấy chắc hoang mang luôn,0
Phương Thảo thấy chưa m,0
Hết kêu gọi rồi lại nhắn tin :) Dây kinh nghiệm đâu r. Xin mời thủ tướng cứ rút thoải mái,2
"14:10 ""thần quyền môn súng bắn không trúng"" nha mạ ngừ =))",0
Mày ko thay đổi thì ko những bị khóa mõm và khóa luôn cả tay mày luôn,2
"Thằng AD này, mày điên à",2
Thằng ngu người này ai đi làm mà chả đóng thuế . Doanh nghiệp lớn kiếm nhiều lợi nhuận thì đóng thuế nhiều. Thế theo mày đóng thuế nhìu là muốn làm gì thì làm àh.,2
Con trâu xanh cái mặt như cái lồn họ:D,2
"Ad chửi hết bọn khựa làm chó gì?! Dân nó cũng y như dân mình thôi. Chế hính cho đỡ tức hả, không tác dụng gì, để sức mà xem nước ta ""thắt chặt tình hữu nghị"" ra sao nhé. Vụ Formosa chìm xuồng rồi nhé :v Đm, ai bầu thằng cẩu nô tài lên làm lãnh đạo thế?!",2
Be de roi lai con lam chuyện,1
Bác Thăng chuẩn quá,0
Vô văn hoá vl nè =)))),1
Trí thông minh không bằng đc người nhật! Nhưng mưu mô xảo trá thì có thừa,1
Dân có phải toàn đầu bó đâu . Mà đcm lấy cái lý do THUỶ TRIỀU ĐỎ ra loè nhau,1
Hãy nghe những gì ad nói và hãy ỉa vào những gì ad bost,2
"Đã là người có tiền thì đi du lịch cái lúc k có dịch thì đi đi, đến lúc có dịch thì lại đéo hiểu luôn",2
Sat mui vo lon no co hieu no vua sau vua nao yeu nua,2
Nhìn giả tạo vcl,1
cười gượng vl =)))),0
Anh có thể bớt xạo cho dân tình đỡ ghét anh đi =))),2
Do Dat Gil lạc trôii :3 😂😶,0
Dạo này vào đồn CA về hay bị TRÚNG GIÓ thế ......!!!,1
Cứ như thế này thì duyệt mẹ đi cho nhanh 😀,1
Càng lớn càng ôm :((,0
"Nếu bạn đi khám có BHYT- BHXH tại các BV quận cũng sẽ nhận được kết quả bệnh rất nặng và kèm theo bọc thuốc to về uống cho no, 6 tháng sau bạn sẽ bị suy thận, suy gan vì thuốc.",2
Nguỵ biện!! :v,0
Thâm hết cả hậu!!!,1
Những công trình để 5km/h bạn đi dc ko,0
Xin lỗi nhưng mà bạn nói chuyện thiếu i ốt vcl ra bạn Đỗ Huy ạ.,2
Nguyễn Nhật Long vl nắc,1
DM...assmin...mặt thộn...sao mài thích bới cứt tìm giun thế thằng mặt thộn...hơ hơ hơ...,2
"mụ ấy đúng đấy, nhờ ơn đoảng, chính phủ mà mụ hốt nhiều vụ quá hời, có tiền cho thằng quý tử ăn chơi sa đọa, mua biệt thự xứ giãy chết, vậy là mụ hạ cánh an toàn và sẽ đu càng boeing qua giải phóng nước Mỹ.",2
Má ba đẹp quá trời luôn,0
Mình muốn nói một câu thôi : địt mẹ bọn sống ảo,2
Dễ thương quá cô ơi🥰,0
Cang sem cang tuc moi nguoi oi phai su no moi duoc,1
tị tào lao,1
"Cách ly vẫn tranh thủ tạo chút scandal câu like, đánh bóng tên tuổi, xuất viện đăng đàn xin lỗi! sợ thật sự cái anh Tiệp này 🙏",2
Chac bj dua mat day nao hach nich dang linh tinh thoi..chu dua nao ma ngu hon ca cho moi sua ra cau nay...,1
"Chế độ tốt sinh ra con người tốt . Hết xả súng da đen , trẻ em , CS mỹ lại làm 3 cái trò này ..",2
"Lại dễ ăn quá, làm ở nhà nhé",0
Chị Ba khùng nhìn chị buồn nôn,2
Bao giờ cho đến ngày xưa?chúng ta hãy biết ơn lịch sử suốt từ thời 3 lần đánh Nam hán trên sông Bạch đằng.đừng như bây giờ tên cũng không dám gọi.chúc Bác Lượng luôn an toàn!,2
Nể nhất anh phóng viên! Ngồi mặt tỉnh bơ ko biến sắc,0
Mẹ nó. Sắp đc húp mà cứ live cc,1
m lên báo cáo tài chính hợp nhất đó mà xem! nói ra đã thấy mày óc chó ntn rồi! lũ thổ dân mồm vẩu!,2
Phong cách và thần kinh nó mong manh lắm🧐,1
Thấy người ta làm việc tốt thì dè biểu chúng nó k bằng súc vật,1
Con nầy tới số chửi đến lũ Bắc kỳ,2
Vân Thuỳ xàm vl :)),2
"Cắn ko đúng định hướng,ko đủ số lượng là nó đuổi chứ ko phải lấy 3 củ của nó mà dễ đâu mấy ông phản động ơi",2
Ở đây toàn chó hùa vs ahbp ko...sao ko giỏi ra đứng trước mặt tụi nó mà chửi đi...núp lùm rồi chửi...éo bik nhục!,2
Ủa có họ hàng với bà Nhung hả,0
vl thế mà vn mình cứ tự nhục... thôi giờ mình thấy bọn nó còn biến thái hơn mình,1
Trẻ trâu đóng film hài hả 🙂,1
chính phủ nidalee vãi Khoa Nay Đã Lớn,1
Mẹ đang bận đi ỉa lại gọi đi khét quất,1
"Chị 3 nói nghe hay quá, tiếng dì 3 hát cải lương chắt ngọt lắm",0
oki =))),0
"Dân Mỹ muốn giàu thì phait đồng lòng yêu cầu tổng thống giết hết bọn ăn bám Việt Nam Cộng Hòa . Làm hạo tổn báo nhiêu kinh phí Mỹ, gánh nặng cho dân Mỹ",2
Tóc em càng dài càng quắn anh thế thôi ha ha :((,0
Dân có phải toàn đầu bó đâu . Mà đcm lấy cái lý do THUỶ TRIỀU ĐỎ ra loè nhau,1
Phá sản r làm đĩ đực thôi abr,1
Bóng già nói ckx nge muốn xỉu,2
Về bản làm 1 bộ như tộc trưởng em ưi Thụy Hân,0
"Thiếu! Ý thức của người VN quá yếu và quá kém. Giờ giấc cao su, cha chung ko ai khóc, thiếu tinh thần hợp tác...",2
đéo trình bày gì hết,1
Cực kỳ thuyết phục này!,0
Xin hỏi nhà tiên tri.sau đợt dịch này bọn 3/// liệu có bị tiệt chủng không,2
Đéo phải trình bày :))),1
Gu thời trang gạ địt à 😀,1
GỌI TRẦN DẦN LÀ CON TINH TRÙNG KHUYẾT TẬT.,2
Từ mùng 2 đến giờ chị này có thể đi tiếp súc khá nhiều người rồi . chết..bây giờ ai việt nam về nước phải cách ly 14ngày thôi,0
Clm :))))) Trí Xuân,2
Mui ba nay sua nhin ghe qua ma oi. Haizz,2
Mua vo ao tung chao,0
"nếu nó niêm giá thì lỗi do người mua mất cảnh giác ! sống ở thiên đường mà mất cảnh giác là sa chân xuống hố ngay tức thì! đi xe ôm cũng phải hỏi giá, mua bánh mì cũng hỏi giá....đến hối lộ công an hay bác sĩ còn có khung giá ! ko hỏi thì đừng trách .... thiên đường khốn cmn nạn !",1
"Hải Yến vl chưa xem đã cảm thấy chán hơn r, thì thôi lạy m 🙏🙏🙏",2
SøÇø KåKå Mắt Hí Duy Quyền Duy Kha Sờ Sơn Ơn đẹp nè :)))),0
TTuấn AAnh thấm nhuần tư tuong a độ 😂😂😂,0
Ức hiếp dân thì giỏi lắm!,1
Ờ ờ ... tình hình là nó sẽ còn đỏ trong vài ngày tới ! 28 đến 30 ngày sau sẽ có đợt đỏ như vậy ! Chu kỳ nó vậy ! Bà con đừng lo lắng nha kakakaka,0
Làm đéo gì có vụ thắng kiện phải trả án phí . Ngu người 😟,1
Mến em đã lâu hôm nay mới biết em người chuyện giới 👍👍👍,0
tổ cha nhà mấy thằng quản lý với bảo kê ngu như con lợn ! đã biết thể trạng của các em ý đều là nước nôi rất ít mà lại ko chịu cảnh giác vấn đề củi lửa .,2
"@Cư Sĩ Lê Tuấn Nghĩa bên đó dân ăn chay tập thể dục không à, môi trường thì nguyên sơ, ai chả muốn sống ở đó",0
DM...assmin...mặt thộn...sao mài thích bới cứt tìm giun thế thằng mặt thộn...hơ hơ hơ...,2
Mất mẹ cái kềm để kiếm cơm =)),1
Dlv bữa nay hoạt động về mặt kinh tế nữa à. Hay đi nhầm bài?,2
thế thì chúng ta lại có người Tày điện :v,0
"Gia mà nói chuyện vô duyên, khoe khoang đu thu",1
"Khổ vcl phải ăn mì ạ :""((",1
Tuyet Bui Thi sợ qá c nhỉ.,0
Quá nhọ cho đội xóc lọ.,0
"Về chính trị, chúng tuyệt đối không cho nhân dân ta một chút tự do dân chủ nào.",2
Xem zu tip trần dần trong Wc ko nhịn đuoc cười 😅 sấm trạng trình của ông dần mãi không thấy thiêng nhỉ.,0
Hợp lý vl,0
Ăn mặc như cái đb:)),1
Riết thấy page này xàm lồn vãi o.O Chửi thì chửi cho đúng.cái gì đáng chửi thì chửi. chứ cái vẹo gì cũng chửi.sai cũng chửi đúng cũng chửi.thành chí phèo cmnr,2
Thầy Giáo Ba ngu như Ba Rọi Béo :)))),2
Dờ.... đéo phải đờ nghe chưa thằng hl :3,2
Đm ad phản lại cái động. Là công an thì có quyền nhé. Đéo biết gì lại còn nguy hiểm. Sửu nhi,2
Nguyễn Thanh Mai Trúc nhớ tới là chếtttt,0
Đéo làm even nho nhỏ giải nghiệp đi abe :)),2
nghiệp nặng quá là chết đó nha cô,1
Trang này thật đúng là trang phản động -_- vì ad toàn nói đúng,1
Hay lắm a ơi,0
"Giàu sang vì cái tâm tốt nè, tâm từ bi giúp bà con nghèo chân thật đụ má nó",1
"Cũng đồng ý vs ad nhưng bạn m từ khi tham gia và đọc từng câu từng chữ bài đăng của ad thì thay đổi hẳn,từ đứa ngoan hiền thành láo xược,có tí chuyện là chửi bới um lên,1 lol 2 lol. Buồn hẳn :'(",1
Xem cô nói chuyện cười như 1 con điên :)),0
cdm,1
Bà này bã chữi gớm giết thiẹt tôi ko ngờ bã là người miền tây luôn xấu hổ,2
Lê văn tám là hư cấu à bacd,0
Duy Linh vailin live thật để quay mv =)),1
Xích hết lại . Cầm cờ gì kia?,0
Ôi thơm tho j. Ko co quan hệ thì vào lam cung bị đào thải. Mấy nghanh ma dân thuong vn ko bao gio vao đx. Cong an. Quan đội. Ngan hang nha nc. Hang không. Đừng mơ mà vào. Nếu vao đc cung lam cu li sai vat cho tui no. Đm,1
Sống chậm thôi :((,0
Nên v chứ cách li lâu v sao dc 😊😂😂😂😂,0
Sự nghiêp trồng người nó vĩ đại lắm. Trồng riết rừng cũng tang hoang người cũng tan xác,0
Cho con Trùng đi nhuộm lông màu mèo Tom để Sói vần anh ơi! :3,0
"Thì fake thì nói đại đi , hàng bình dany , bình dân qq",1
Giết người dấu tay đây mà,1
Nhìn mặt tùng đang rất là bục :)),0
"Sua cap thi lien quan den bang thong quoc te, chu noi dia van bt. Ad ngu ngu :))",2
Ád mỉa mai vc cơ mà tao thích,1
Phương Loan trend của tít ngày xưa😂,0
"Yên tâm đi, ở việt nam thằng nào nguy hiểm có nguy cơ kéo cả dây chết là nó sẽ bị ngã cầu thang hoặc ngã xe ngay lập tức. Giấy chứng nhận tâm thần được coi là kim bài miễn tử. Nói chung chỉ cần không ngã cầu thang và có chứng nhận tâm thần thì có thể sống khá là dai!!",1
Chuẩn luôn nghe xong chả luốn nghe lại :V,0
"Đu me giau con tham lam bi găt la đung rôi , đu me mây luc đâu nghe lơi no chưi hêt ngưoi nay đên ngưoi kia, ham tiên bi lưa gat rôi chưi con ba vang ngoc",2
Xàm quá,1
Nếu bác về Việt Nam tôi sẽ rất vui,0
:)))))),0
đéo hiểu kiểu gì,1
chắc quay clip 18+ được rồi,1
Cai mat nha tien tri Tran Dan.nhin giong cai phau cau ga cong nghiep wa mn oi,2
M không cô đơn đâu .fan đông thì top 1 là bth,0
Nhà tiên tri nghe bắt oi,1
Giống mấy thằng biến thái tụt quần show hàng đi lung tung trong xóm,1
Chập chững mà nổi tiếng và có nhiều người xem live hơn mày,0
Chi chui cho no biec do khung do,1
A nên sắm một chiếc ik tộc trưởng😂,0
"page này thành phản động ak,dkm toàn post nhảm k",2
Chi ba co căt cho gi khoe khoang sao lôn,2
Hàn quốc thuợng đẳng lắm mọi người đừng lo cho Hàn Quốc nha,2
"Huyền Khánh Phùng thuyền thì đến bến lại chìm , c thì đến đít k kìm được đâu",1
"Thời nhỏ tuy có thiếu thốn mọi thứ thật, nhưng đc cái ăn gì cũng sạch! Con người thật thà chứ không gian manh xảo trá như bây giờ! 😬😬😬",1
Cố lên a3. SBTC vô đối,0
Trả lại để ông khác còn ăn chứ chia sẻ cho nhau là hp mà dis@@,1
Một từ miêu tả phim này...,0
Nguyễn Tài koi ccc bn,1
"Vào trường lớp giáo viên dạy ta bải vệ môi trường cây cối này nọ, song thực tế các bác lớn hằng ngày vẫn đưa ra nhìu dự án, đề xuất để rồi rừng ít lại còn ít hơn. Và lại đưa đề nghị luận xh về việc chặt phá rừng",2
Con bóng sa đéc,1
Bui Hoang thầy lồn,2
ờ ờ . nợ thì chúng m nợ nhé. :T t đéo có nợ ai dâu nhé :T .,1
Hảo Đen có cl ý :)),1
Liên quan gì mỹ bảo vệ vn?????? câu chuyện đó phải nói là mỹ bảo vệ 3que nhen hông,2
Còn linh ở cần Thơ mà chị,0
Vâng quan trọng là chị đã có LỖ chỉ dùng LỰC là tiền nó ra thôi ^^,2
Làm gì có chuyện 1 chai nc hoa mà có vài trăm k 1 chai trời. toàn hàng fake thôi,0
"Tuan Quoc so sánh vs con gái, chửi con gái ngta đ* này đ* nọ, đéo biết mày có cc không nữa, hay não toàn phân bò",2
Đài Loan chửi láo quá thì an tâm nhé ko ai đánh đập đâu mà mấy nghìn quả trứng vào nhà luôn. Các bạn nào gần nhà linh cá lóc cho mấy nghìn quả trứng vô nhà nó cho nó biết thế nào là lễ độ.,2
Em thì thích nhất môn này của thầy mong thầy ra khoá mới để em học tập thêm ạ,0
Ben my sao cung co quai Thái nua vay troi....song lam gi cho chat Dat,1
Thấy ngta chỉ trích bắt đầu đổi giọng. Kịch bản là đây ! 😑,1
Cứ như mấy ông trại tâm thần nghịch kiến ấy nhỉ,2
Thằng này bị cả hội eva bốc phốt mà dm thằng add còn cố đéo chịu hiểu mà đăng lên,2
"Phải chăng VN sẽ chia làm đôi, miền bắc theo khựa miền nam theo mẽo, miền trung chắc theo lào :v",0
Quả mồm sang đéo chịu dc kk,1
lạy A Lân...hahaha...bắt cụ Trần Dần đi bài quyền y như thật...cười muốn ngoác mồm...:))))))))kkkkk,0
🤣🤣,0
Chất từng câu nói của cô mẹ mình hiếu !,0
Ngọc Bảoc,0
xxx video 🔞,1
Thỉnh thoảng lại có địt con mẹ nghe hay vãi lon,1
vcl “đợi không mất thời gian” =))))))))) đme cười ị,1
Bạn nữ nào âm đạo dãn rộng thâm đen,1
Thầy Lol bữa kêu ko reaction nữa sau vụ Hương Ly r mà😂😂,2
Nể nhất mấy bác giờ còn thả Haha được 😞😞,0
Lâu lâu đói lại phải vẽ để đút mồm chứ,1
Có lồn đâu mà lấy 1 tỷ chùi trời,1
杰张 liên quan đéo gì đến con nó mà trù con nó kcos lỗ đít,1
Hây lắm chị ơi bán hàng mà cũng kêu lô tô được luôn hây thế,0
còn t thì chờ đom đóm éo thấy đâu :),0
Mặc dù cô này nói chuyện rất thẳng thắng nhưng mà đúng và thật thà thương cô này quá 😢😍❤,0
ok chi,0
Chôn sống nó đi,2
Thầy có ft với Kenny You hông Thầy 😘🥰,0
Chết rồi cô ba vàng ngọc ơi há há 🤣🤣,0
Má nó dơ vler 🤣🤣🤣,0
sang xử phạt nốt mấy a Ộp pa vì tội ngày xưa xài nhiều CFC quá nhé,0
Già rồi còn đéo gì mà ráng nhoai lên chứ địt cụ,2
Nhìn mặt tộc trưởng là đang tính toán gì đó,0
Con điên xóm đao,2
Sắp tự kỉ vì quá mệt mỏi thì gặp ngay quả ảnh đéo đỡ nổi 🙂,1
Quần què,1
Minh hiếu có cặt linh cá lóc có lồn 2 đua bay loạn luan di kiếm đứa con nuoi,2
Hài vcl. Buồn mà xem video của Thầy là muốn tự tử :)),2
Thăng đit lao nên lam quan chăng thê.cho va cho,2
Trường hợp này ở địa phương khác kêu là gì ko biết còn địa phương mình gọi là khùng á,1
"Pha sấy chỉ có game thủ chuyên nghiệp mới thực hiện được. Quá hoàn hảo, đậm tính giải trí đi sâu vào lòng người =)))",0
nhìn như ghép :)),0
Con điên,2
Khéo nhung lại bị người khác lây sang 😂,0
:)) t bên này t còn dell giám dùng tien mà s chj 3 xaolol vay nhà toàn trã góp sūa cl :))),2
Huỳnh Minh lực,0
Quan ngại sâu sắc,1
Hai con súc vật này trước kia đội nhau Lên đầu bây giờ quay lại cắn nhau hả,2
"Việc to biến tháng nhỏ,việc nhỏ thành không có gì.xong lại còn đánh lạc hướng dư luận sang hướng anh nhà báo.một bàn tháng lớn cho bộ máy tuyên truyền",2
Đm chị tao bị mất gần 700tr. Có cmr ghi đc hình ăn trộm nhưng cũng botay :v,1
Khi đất nước tiến được đến dân chủ tôi nghĩ nên làm riêng một phần nghĩa địa để trôn riêng những người cộng sản ko nên để mộ họ chung với chúng ta được để cho thế hệ sau biết những phần mộ trong nghĩa địa của người theo cộng sản là quỷ đội lốt người có tội đồ lớn với dân tộc,2
Mía sâu có đốt nhà dột có nơi ai làm gì nói đàn hoàn mày chửi hết quơ đũa hết vậy mới xin lỗi lại cả cộng đồng bây giờ chửi tiếp bó tay.,2
Bảox Nhânm kk,0
tôm hùm mì anh zai =)),0
CON QUI CAI CHUYEN DI LUA GAT... MAY GAT CHI MINH HIEU ... SAO LON,2
nghe mắc i* quá abeeee,2
có cl bố mày tin ấy,1
Con nhà cộng nô có khác . Dân có mù có điếc cũng biết cái quân cs nhà nó là lũ bán nước hại dân . Thấy MC PHAN ANH đc nhìu người mến mộ thì nó đi cắn người tốt,2
Có ai tới đây chỉ để xem idol tấu hài không :)),0
chán luôn,1
Cay đỏ dái,1
Quá sàm chứ liệu gì,1
Cảm ơn các vị lãnh đạo đảng ta đã tạo điều kiện cho những đứa trẻ như con của tao vừa sinh ra đã mang nợ trong mình.,2
"Bá ý khẩu nghiệp nặng lắm nha,đầu thai ch hết khẩu nghiệp nx",2
Con cac,1
Kể cả mở nắp bồn cầu cũng nên đái nhẹ nhàng và thanh lịch thôi. Đm rớt vài giọt ra mép bồn cầu t nhìn mà tức nhức nách,1
"Không thấy CS đâu hết, thấy có 3 con chó. Có ai giống mình không ?",2
Đm train như cuccut mà vô quất 1 hơi 3-0 sợ thật :v,1
"Xàm ghê, có miến ziên nào chết liền , tự nhiên so sánh với Lisa",1
Bảo dan tri thap thì tự ái :),1
Lmcs,2
Cũng đã đến lúc những người làm công tác bảo vệ an ninh.các khu phố cần vào cuộc. Vì hình ảnh của đất nước không để mấy thằng lưu manh làm mất mặt được,2
"Huỳnh Hòa ông Quang phông bạt vào đây tán con Thốn mặt lằm rõ ràng kìa bạn, giờ sao? Chơi hay nghỉ? Ks thế lồn nào lại dc với ca sĩ đây :'(",2
hậu duệ mặt dày,1
Cho vào tù cách ly mẹ đi,1
"Việt cộng là cái thứ sinh ra từ thành phần bần cố nông, đã là bần cố nông thì chả có đứa nào được học hành tử tế đến nơi, đến chốn. Hậu quả là bọn Việt cộng nó quản lý, điều hành đất nước như cái con C, ngóc lên không nổi, nên phải bán đất nước cho bọn mọi rợ Tàu để có cái mà ăn dọng chứ !",2
thật là vãi lol a ơi,1
Thầy ơi aaaaashiba😂😂,0
Ôi 1 thằng bede,2
"Tran Dan , nho ong tien doan khi nao Nancy P. chet, toi rat vui khi nghe tin nay.",0
"Anh bảo có làm vid cho anh e xem, có làm ko",0
Nhìn giả tạo vcl,1
Cái lòn má mày mất dạy,2
Đúng rồi đéo thể tin được. Đáng lẽ phải cào bằng ra mới đúng. Thật không thể tin nổi. Phải cào bằng ra mới được,1
Dương Thái Phước ba gà not ba chó@@,2
Trung Văn,0
Xao lôn k co gi vui ..chung ta k nen xao lon..,1
Linh Chi vừa nghe beat và lời đã không ăn nhập rồi các bài kia nghe một lần đã thấy ok mún nghe lần nữa còn bài này nghe cố lắm chỉ được một phút xong là tắt luôn,0
2tr bộ tóc dm làm từ 10h sáng đến 6h tối 🙂,1
Vl sam,1
:)))) xém chết,0
Nguyễn Trọng Hiệp cấy tội xl,1
"biết bao xương máu của con dân Việt Nam đã đổ xuống nhuộm đỏ mảnh đất này mới có được ngày hôm nay, vì lòng tham không đáy mà bọn chó cộng sản tiếp tay cho trung cộng tàn phá đất nước, rồi sau này con cháu sẽ đào mã chôn xác bọn mày cùng tổ tiên nhà bọn mày lên rủa, bọn mày có chết cũng không được yên đâu,",2
con quỷ cái,2
Con bóng chúa sẽ bị ma ám in bv 😏,1
"mới có anh công an "" vuốt tóc "" chị bán hàng rong mà bê bết máu luôn ấy chứ!",2
Phá sản r làm đĩ đực thôi abr,1
Ád mỉa mai vc cơ mà tao thích,1
Add là cai lol,2
K bt yếu kiểu gì mà tao vẫn chết,0
"Có vừa đâu mà khóc lóc, nước mắt giả tạo như nước hoa vậy đó",1
Bóng vcl ý em nói thầy sela còn anh dơ như chó nha :)),2
Vàng ngọc cl đừng có xạo l nha condi mất dạy,2
Bổ chết moẹ abe bây giờ,2
Mày Bố láo ông băn mày bây giờ,2
Xin tên clip đi ông,0
Nguyễn Văn Nam vẽ 1 bức bao nhiêu vậy bạn,0
Giống nhau như 2 giọt nước. Mà mỗi cái là 1 giọt nước mắt với 1 giọt nước 💩 thôi ạ 😂😂,1
Xã hội chó má vốn k công bằng,2
me may du,1
Ba sắp được nút bạc thưa 2 chưa?,0
"đéo phải cái gì thích thử là thử đc nhá,nhất là những thứ liên quan đến vũ trang hay chính trị,giờ m sáng tạo ra bom mới m cũng mang ra thử nghiệm ak",1
Nguyễn Văn Huân,0
Hoài An Trịnh mật vụ đây sao 🤣🤣🤣🤣,0
Ohh,0
Vkl đúng một ổ dlv đang thủ dâm tinh thần với nhau. Tôi ngưỡng mộ a phan anh quá. Còn nhà nước hả. Một nghìn tôi cũng ko đóng góp. Vì tôi quá hiểu bản chất chính quền vn rồi.,2
Cứ tính ngìn tỷ đkm sợ thật,1
phục cái cm mày :),1
Đung tới bac kỳ la em sẽ tiep tuc co cuoc song ko binh yen ne nhe để xem nhieu tap,2
Trend qq gì mà lạ lấm. Cãi lộn cát không,1
Kể cũng lạ k có biển lập ra hẳn bộ hàng hải làm gì trong khi VN nhiều biển thế mới có cục hàng hải,0
lạy thím. đuôi .garena.vn rồi còn sợ wed giả.,0
Mỗi người 1 công việc..dm thằng đăng bài ngu đéo chịu đc,2
"Nhìn là đéo muốn xem rồi, dự là sẽ có những yếu tố bắt buộc phải cười",2
Dan ong hay dan ma co rau vay troi,0
Thế là bạn nằm yên cho nó hiếp dâm à.:v,1
Ngheo mà yên bình là đc. Tao nói riết giờ thấy uổng công. Tao cứ ở nc ngoài ngồi cười khì khì coi tụi bây đống vài thứ thuế ba láp. Ăn đồ ăn hoá chất. Ra đường thi trộm cướp. Uhm yên bình đi tụi mày ạ. Thấy đất nc xây nhiều cao tầng là thấy phát triễn. Tụi ngu ạ tiền vay ODA ấy con ạ. Rồi đời con cháu chúng mày sẽ trả há há.,2
Chợt nhận ra những điều mình làm là vì ai? Cố gắng vì điều gì?,0
Thầy dạy học sinh cách phê đá và cỏ,1
Nghe có vẻ Xe Mẹt Xịt đấy nhưng lại rất Mi Xi,0
Tiên tri lông vịt,0
"Đào Mạnh An bên nó ai bị hoặc nghi bị thì tự cách ly tự điểu trị nhé, nó còn không cho xét nghiệm cơ, chỉ khi nào bạn chết thì nó mới khám nghiệm để kết luận có do virus hay không, ở ngoài đường mà đeo khẩu trang bọn Anh nó còn đấm vào mặt cho chứ ở đó mà điều trị",0
Khẩu trang ban ơ đâu cho minh xin đc nhé,0
Huỳnh Vicky,0
Yêu cái db tốt nhất ko yêu,1
Mọi người cho mình hỏi Chị này phải người chuyển giới không ạ,0
Tham nhũng kỳ diệu :3,1
Chỉ là kiếm cơm thôi mà :'(,0
Thầy ba dơ lắm cô ơi,2
cà khịa t chém,1
Các ông đi chơi bỏ tôi ở nhà với bà chủ kênh thế à,0
Nguyễn Tường Hải Âu chọi tui bà làm trend này từ lúc mới đẻ,0
Ai ăn nói bậy bạ cho Ông Trần Dan bây giờ hãy stop dùng tiep tục nữa dat diều that là gian ác,1
Ý thức còn kém hơn điểm toán của tao,1
"Lần này ARSENAL ho một cái là bay luôn ngoài hạng Anh, sợ gì mà không vô địch",0
Lê Minh Tuấn k bt đc xuất viện k,0
Ngáo thế,1
check tin nhắn nha anh,0
Hai con súc vật này trước kia đội nhau Lên đầu bây giờ quay lại cắn nhau hả,2
Ko bik bao nhiu từ tức nhiên,0
Chửi xóm đi cho e nhé,0
Vl :v,1
Người gọi đây là truấtttt'sss :V,0
Vl sam,1
Người ko ra người.ngợm ko ra ngợm.ý thức thì như đống rác.nhà nước nên bỏ tù những thằng coi thường pháp luật và tính mạng người khác như nó.phạt thật nặng xem nó có im mỏm nó ko.,2
Con này nước ngoài người ta đang lên án nó: con rối của phe cánh tả(thủ đoạn luôn là đánh lạc hướng và che mắt tình hình chính trị TG) nhờ những buổi tuyên truyền mà gia đình nó ngốn cả đống tiền. Mà các nước ô nhiễm như TQ vs Ấn Độ thì đéo bao giờ ghé tới.,2
"Nhìn mấy fan trẩu vào bênh hài vl, ng ta nghe k đc thì ngta nói k đc chứ ngta có chửi idol tụi m đâu mà xù lông lên, m bật nhạc jack lên cho ba mẹ tụi m ông bà m nghe đi, thử ba mẹ ông bà m có chê thì m có chửi ba mẹ m k",2
Dê Kiên lỗi đéo phải do m.mà là ngta do ngta đéo xứg.hiểu k ???,1
Mày nói như lồn. Bọn đa cấp nó đóng thuế còn gấp chục lần doanh nghiệp. Tao cho thằng thớt ăn lồn không oan chứ thằng bên dưới?,2
vãi trò hề,1
"Đm nói ko phải xúc phạm chứ mấy ông càng càng phát ngôn đéo ra cái j, não mấy ông chỉ có tiền thôi ah, mấy ông ""giúp"" dân nhìu wá nhỉ, nói như đúng rồi",2
Cười vô mặt mày một cái... cặn bã ạ... hãy tự biến mất luôn đi,2
Muốn bán hàng thì phải là chủ cửa hiệu,0
cũng đc đó,0
Thật sự sợ,0
Cái con này nghiệp nặng quá anh iu á 🤬🤬🤬🤬🤬,2
Nhiều lúc a tôi xàm lol nhưng nhiều lúc chân lý vl 🙂,2
*Không biết ông già mình định làm gì nữa đây?*,0
Hư cả một thế hệ..,1
Vũ Trọng Quân ủa rồi bú bình cũng ko yên nữa hả,0
Chị ba vàng là chị chó phèn ak haha,2
cai cc,1
Nghe nói anh tôi đag cà khịa,0
Nhin mat la biet Đai Du roi...chư đai gia noi j...vang da thi có..no wa pd oi,1
Oc cho,1
Chẳng thấy nó đẹp ở chỗ nào cả 😤,1
Nhanh vcl,1
T k thích k ưa mẹ này.... Mà dx cái chưit ngta nghe hài vcl bù lại củng đỡ 😂😂,2
Vũ Quốc Việt hic,0
"Chết mẹ đi cho đỡ chật đất, ngu",1
Lúc nào mà chúng chẳng hô hào học tập và làm việc theo tấm gương đạo đức Hồ Chí Minh..... nhưng thực tế chúng toàn làm ngược lại.,2
Lắm tiền mà đéo bh chịu làm even cho học sinh,1
Nó ở cái tầm Trất,0
Dễ thương quá.,0
"má k mặc áo mới đi, mặc hoài áo cũ thầy",0
Bạn hãy đổi tên thành hiệp đầu chó,2
Lai ? Lai là lai chó đó sao,1
Đéo cho thì nói ki bo cho rồi thì soi này soi nọ . Thế mày muốn chúng nó sống sao . Miệng chó ko mọc đk ngày voi cứt j củng phun ra đk,2
Dong di troi danh khanh dam xe dung be dau . No banh xac . Do thu khau nghiep,2
thứ gì đâu,0
ngon cc anh chào em câu đi đốt nhà đấy,1
Hoàng thị bé six 😆,0
cái địt con mẹ m,2
Cừi ha ha,0
Bớt ảo tưởng đi!,0
Công an xã là nơi nhiều cái chết bí ẩn nhất,1
Bich Miu thợ có tâm vl đó :))) dm thợ của t chán đ muốn nói còn kêu tóc hỏng phải cắt hết,2
dám hó hé đéo,1
@Phú Đại GMTV vậy mày vô đây sủa làm cc gì tml,2
"Có tiền, có xe mà ý thức thua điểm thi hóa của cháu nữa :\""((",1
Cũng đúng. Haha,0
Chị minh hiểu tẩy chay chị Ba chuyen gạt người,0
Xao lol ma noi ko so meo mieng nhi,2
Chỉ là lại từ bỏ tiền ra cho cày view thôi chứ hay cc j đâu,1
"Lúc nhỏ cứ nghĩ người mà ko có não là ko sống được, lớn lên mới biết thầy bar ko có não vẫn sống như thường",2
Đông Ca là địt cụ m ngủ đi,1
Con điên con hâm con chập cheng,2
30p rồi kêu chậm cái dmm,1
Bắt Ông ta đứng dậy múa đường quyền bằng được thì mới thôi!!!🤣❤💪,0
Khắc tiệp thì lấy Việt tiệp khoá mõm lại,2
Nói cái gì vậy mà cứ nghe đụ má đụ cha vs vàng,1
"Homie là gì vậy, đọc mấy kia thì hiểu rồi mà ko hiểu homie",0
"Face chỉ dành cho người nói chuyện với nhau, sủa bị block là đúng rồi thắc mắc gì? Muốn tham gia thì đi học tiếng người đi ha cháu ngoan bh!",2
Biết bao nhiu $ mới vào được.. không ăn hối lộ thì ăn cức à.. khj nào mới hồi vốn chứ.. ng ta là dân làm ăn mà..,1
Chúc thầy 20/11 vui vẻ hp thành công trong sự nghiệp và tạo ra nhiều giáo án bổ ích,0
Nhìn mặt nc . Là Bik bộ mặt giả tạo . Bữa đó lôi tên cô mình Hiếu vo trước . Giờ nói kiểu xạo lol,1
"Đi bắt cóc tại quốc gia người ta đã không có mặt mũi nào rồi. Giờ tiền thuê máy bay còn quịt. Nhục mặt quá, thế này vị thế VN lại cắm đầu rồi :))",1
khôn như cha quê tui xích đầy,0
Nguyễn Hữu Thiện,0
Ăn cướp trắng trợn,1
quan ngại :)) mà dân sắp đéo ngại đâu (y),1
Phúc Hưng clm :))),1
Trần Bình Trọng Vừa xog = 1k like :) các bác sống nhanh vl :),1
Khug xau xi deo vang gja len cau lai ha con di khug mjeg lok,2
"Xin lỗi ad chứ nếu ad ở ngoài sáng không thì làm sao ad biết được trong bóng tối đó có cái gì? Trừ khi ad đã nằm trong tối hay có người trong tối đó thì ad mới nắm được tình hình. Và khi chỉ cần thí vài con tốt ad sẽ lên cấp bậc vù vù, lợi cả đôi bên.",2
"Con nay kieu ha ,,,mo cua no an cuc nhieu qua ,,,nen len mang sua qua troi ,,do phan quoc ,,,,,,,,mo lon ,,,,,,,,LINH an lon dap chet me no di ,,,,,,,con cho vua gia vua sau",2
Dỗi vl . Cay vl :)),0
Bắn chết cdm m khá tú,2
Nghe thuyết phục nhưng lại rất thuyết phục :>>,0
Yến Linh Anh Truc Thuỳ Trâm Thu NguyễnPhạm Nhung .... chời ơi vừa xem vừa tức phòng mình :)))),0
Chả sao các anh ạ bọn em vẫn ở đây cơ mà chả giải lần này thì giải lần khác chả năm này thì năm khác các anh vẫn cầm chuột vẫn ôm bàn phím là bọn em vui rồi,0
Ở VN làm dân thường khổ như chó. Bảo sao ng ta đi thoát ly đc thì ko có ai muốn về.,0
Phạm Vũ nc Anh là trời âu chứ là gì 😄,0
Dũng Đỗ đi qua cac thứ cx ho sốt :((,0
Lớn vậy rồi chứ không phải rầu nha đũy ơi =)))),1
"Kính gửi Barack ,Ngài nên học cách sống đế vương như bọn anh đây.. Khaaaaaa. Khaaaa",2
Về đây bên Abe nha mấy đứa,0
Cc,1
Lê Phương Linh liều. Vé cao chết mẹ,1
Abe chơi dơ,2
"Phạm Thanh Tùng dm t cười , rảnh éo chịu",1
Nổ như chó,1
Bác sĩ thâm niên mà còn chịu chết bởi con virut huống chi là sinh viên Y còn mài đít ở ghế nhà trường,0
"Ủa chứ em nghe mấy chú mấy bác hồi xưa kể là người ngoài Bắc với tư thế hào hùng đào núi, vượt rừng vào Miền Nam giải phóng ách đô hộ của thực dân pháp. Vậy khí phách anh hùng, hào cường ngày xưa đâu rồi. Sao giờ than với rên nghe chi mà não ruột quá dạ.",2
"An ninh và tình báo vn Nên tiêu diệt tên trần dần này, tên điên khùng.",2
"“Ông già đem hết tiền đãi bạn,dm tháng này thiếu sữa rồi” :)))",1
Bò đỏ khá cay trước thắng lợi của dân Hongkong,2
Cho,1
Phan Hoài Nhân hợp lý bạn ơi😂,0
Con này sao mà mất dạy quá,2
abe dạo này nóng quá à hoong quạo nha abe . số abe nó mở ra zị thôi chửi cc nè abe,1
Ấy vậy mà mới có thằng ít tóc cất công sang tận bển khom lưng hửi đít thằng Mao chó.,2
Nói đúng hết cmnr nói nhỏ nhỏ thôi,0
Nghe giọng mà n*ng hết sức :))))),1
Ba 3 qwa dep,0
Ngực nhỏ quá đi,1
Sao nó sống tới tận giờ đc nhỉ,1
Nhìn như con điếm vậy :)),1
unbelievable,0
ae cài về cùng mình kiếm tiền mỗi ngày kiếm card 20k ai ko hiểu ib mình chỉ cho,0
"mà t cũng đ' hiểu, rõ ràng là bọn quan nó cũng dùng nước mà ? Hay bọn nó có nguồn nước riêng nên kệ mẹ dân ???",2
"Đánh con mẹ gì trúng 20k, xao lol :))",1
Cánh hoa mà,0
Dị dùm,1
vl thế mà vn mình cứ tự nhục... thôi giờ mình thấy bọn nó còn biến thái hơn mình,1
Tam tu bi ma mieng thi kem gai,1
thôi anh im mẹ mồm đi nói nhiều quá,2
Mắc đ*t quá,1
Nguyễn Thành Nhân tụi nó nhiều người bị mà không thèm xét nghiệm ! Con số thực tế của Anh cao gấp nhiều lần con số công bố ! Gần chục cả mắc mới ở VN toàn người Anh,0
"May là đô khùng, ăn nói tục tiểu ko biết cái loại ca tụng máy là loại ko học thức",2
Biết bao nhiu $ mới vào được.. không ăn hối lộ thì ăn cức à.. khj nào mới hồi vốn chứ.. ng ta là dân làm ăn mà..,1
Thầy nhớ chụp ảnh cùng giang cốt nhé! Em có gặp và giới thiệu về thầy giáo án susan đó 😂,0
Sáng tạo vãi lồn :3,0
Sang thái bắn giải xong lại Đại diện cho ĐNÁ đi bắn giải quốc tế thằng nào bảo refund hết thời :)),0
Ngoài những giáo án xịn sò thì đây là những gì anh em ta sẽ tiếp thu được từ thầy. Cám ơn thầy và xin đuỵt mọe thầy =))),2
Vài trăm xúât quà mừng như vậy là gìau hơn cả Trump oz! Tội nghịêp bọn tư bản bóc lột hút máu người lao động cả đời dell bằng quà mừng của mấy cán bộ do dân và vì dân hỉ!!!!!,2
Nguyễn Huỳnh Anh Thư Phạm Kim Ngân ước gì công ty mình cũng vậy :))),0
Chúc mừng bóng đá VN ha ha ha,0
Thích thì bố mày nhích,0
Bốc họ chăn gái,1
Ơ cái đ ịt đang ngủ mê bị mẹ chửi bỗng zưng fb tn kêu mở za xem thấy cái page chửi thuê đọc vài tí nghe vui tai vãi lìu tóm lại là a xẽ đưa thắm zô idol,1
"Tùng sói said :"" nhìn cái gì mà nhìn ;) """,0
thằng ad này não bị delay 3 năm à :)),2
Đang nói vấn đề j ý,0
Thớt ăn nói mất dạy.. Mà thớt ngu thiệt hay gia ngu ấy nà,2
"Hiếu Đặng Úc nè b , bay qua đi",0
Ngực nhỏ quá đi,1
mỗi câu đấy nhai đi nhai lại trông chán vãi lồn,1
Ngọc Hậu cả khối con chực,2
Có thể bạn chưa biết.,0
😊😊😊,0
mấy cái thứ bắt chước trộm hình của người khác như mày muôn đời nát. Kinh tởm. Người ta đăng từ hôm qua thì mày ăn cắp hình rồi comment lại câu view hả mày? Tưởng vậy hay ho nhưng ko ai ngu như mày để mày qua mặt đâu.,2
Thằng xăm hình said :,0
Những thằng luôn bảo ko quan tâm chính trị thì đây...cái này là chính trị đấy...có bệnh thì chữa bệnh giả...ôm bệnh về người...rồi lúc phát bệnh nặng thì chúng nó đổ lỗi sao ko đi xét nghiệm sớm..giai đoạn cuối r....gia đình fai nhọc công chăm sóc...đôi khi fai bán nhà mua thuốc chữa trị r lại fai uống thuốc giả...để rồi....haizz ...tụi mày là quân giết người...,2
2thag ôn con đến cửa hàng xe hơi đòi mua siêu xe.,2
Vl. bỏ 33 giây cuộc đời ra để cười. tốn thời gian mà đéo đc cl gì,1
Biết bao nhiu $ mới vào được.. không ăn hối lộ thì ăn cức à.. khj nào mới hồi vốn chứ.. ng ta là dân làm ăn mà..,1
Cực kỳ thuyết phục :)),0
Già đầu mà non quá :)))),2
Giang hồ ngậm buồi chứ đéo yêu nhé ông Sói =)),1
Khóc con cak:)),1
"Nói tóm lại là thời gian này A chung đang bị ngáo đá nên toàn nói lung tung, hầu như phát biểu không có chuẩn mực ))) Thương cho Dân thủ đô có người đứng đầu vô liêm sỉ ......... Tốt nhất cho A í vào trại cai tiền thôi kkkkkkkk",2
"Đường sắt Cát Linh- Hà Đông cũng vậy,dân cũng đóng thuế để nuôi cẩu quan và Tàu+!!!",2
"cai kenh xam lol,phong vien nhu cc,tien tri dien khung,toan la 1 lu virut",2
Quá sàm chứ liệu gì,1
Gửi lời chúc đến các ae hàn xẻng,0
"chửi cái qq gì, ko làm đúng quy trình thì bị loại đúng rồi",1
Tien tri cau tieu,1
"hẳn là CH!CH khỏe, CH!CH phê, đê mê tối ngày!!!",1
"anh ơi theo e nghĩ là đâu phải có 1 mình a phải xét nghiệm ? cũng giống như đi bệnh viện vậy, phải chờ tới lượt chứ nhỉ? làm như có mình anh v mà đòi cái gì cũng nhanh. mệt lon quá",2
Bổ chết moẹ abe bây giờ,2
Ủa rồi nhiều tiền để mang dịch về hay gì,1
Ĩ khùng 😑,1
Là sv hay người ?,1
Cố lên ❤❤❤,0
Con nay het thuoc chua roi,2
Mấy người này là con cháu của tụi bán nước chứ ai nữa. Đem vàng qua Mĩ mà hãnh diện hả?? Vàng của ai?? Tiền vàng cũng của người Việt của đất Việt mà lại hãnh diện ghê. Tụi bán nước tui trộm cắp.,2
Cái vụ 4000 tỷ 1 tháng thì đéo thấy ói cái máu lol nào ra cả,1
"Nếu bạn đi khám có BHYT- BHXH tại các BV quận cũng sẽ nhận được kết quả bệnh rất nặng và kèm theo bọc thuốc to về uống cho no, 6 tháng sau bạn sẽ bị suy thận, suy gan vì thuốc.",2
M pk thầy ba giống con gà điểm nào k Thao Hoang,2
@Võ Xuân Hoan m làm như có mình ên mặt m xài ròi. Mình ên mày khen nhưng nhìu ng thấy đéo tốt thì ng ta nói mất cl gì căng,2
Tr oi tin dk hk kon di dag kiem khack,2
Đập chetme nó đi abe,1
Đkm chúng nó bán hết rồi còn đâu mà của mình,1
Chi Di nuoc ngoai giu gin suc khoe lam an phat dat giup do nguoi gia neo don va MO coi. Va tan tat nhe chi,0
Cả nhà ơiiiii!!!!!!,0
Con di linh ca loc di cho,2
Minh hiếu ơi may với nó cũng một thứ xạo lồn xàm lồn,2
Cai miệng nói không sợ bị hậu quả,1
Đm mày 2/5,1
Cln lồn này xàm lồn,2
":)))) sao anh đếch ở nước ngoài luôn đi về đây làm gì để bị ""đối xử "" như thế. Câm mẹ mồm ông vào. Có tí tiền lo mà bổ túc lại cái não đi",2
"Theo t nghĩ đó là 10k lính của Trung quốc, sáng chuẩn bị cho sau này đàn áp Việt nam mà thôi!",0
Xứ sở thiên đường ...,0
"Phan Anh vừa tặng con hẳn 500k rồi, để con chạy ra tgdd mua cái đt về nằm há mỏm đớp kk đợi tin bác nhé.",0
Khó chịu vl,1
Như này đủ tấu hài chưa thầy :Đ,0
Chi này quá mất day,2
Là một thằng con trai,0
"Mấy con đĩ chửi chị này có tìm hiểu không vậy? Bả chửi người ta bả sai nhưng trước đó bà 3 vàng mã thiếu nợ bả, kêu bả chửi người ta, ko chửi thì ko trả tiền. Bày đặt kêu khẩu nghiệp, mấy con đĩ hay kêu khẩu nghiệp là mấy con sống chó nhất ấy :)))",2
bà nên tìm hiểu trước đi rồi mới nói,0
Bùn,0
Miền nam thì cố ko cho ng trung quốc trúng thầu còn ngoài bắc thì ... 😪😪😏😏,2
Coi kênh thầy đéo bh bật loa ngoài =)),0
"Sao quan chức cao cắp csnào , khi vi phạm pl cũng đều trả lời có vẻ ngây ngô , khờ khạo . Chẳng lẽ qui trình chọn lọc cán bộ cấp chiến lược là vậy sao ?!.Nhìn hành vi các qc phạm pháp thì biết nước nhà do các vĩ lđ sẽ đi về đâu . Đúng là các vị coi dân như những con lừa , mưốn làm gì củng được .Thế mà vẵn quang vinh vĩ đại !",2
Đừng so sánh 2 thầy ngu,2
"Vả vô cái mỏ loz mày bây giờ, thứ học sinh trời đánh",2
"công nghệ làm sạch môi trường của nhật cản trở tham nhũng của công chức búa liềm, đúng là chuyện hài nhà sản",2
Vụ gì thì kệ mẹ đi cứ lôi ra mà bới móc ???,1
"Địt mẹ đến là hài, cướp như thế mà nó chỉ bắt vì tội gây rối trật tự công cộng. Cái tội này là tội máu lồn nhất. Dân oan đi khiếu kiện nó cũng vu cho người ta tội này được, rồi thì thanh niên ra quảng trường chơi chúng nó cũng vu tội này...Nhưng tuyệt nhiên chúng nó cho lũ an ninh, dlv đánh người giữa phố thì đéo thấy tội này đâu.",1
Thiên đường xhcn là đây :v,2
"nhỏ nầy nói chuyện ngong cuồng ,mày có làm đc hôn",1
"Lúc nhỏ cứ nghĩ người mà ko có não là ko sống được, lớn lên mới biết thầy bar ko có não vẫn sống như thường",2
Sời đcm nhìn quả mãnh thú chất ko?🙂,1
hết thời xuống núi lấy thun búng l*n :v,1
Đồ hiệu Cao Bằng đấy =))),0
NHÔN LÙNG NGÔN LÙ 🤬,0
"Cuộc sống nó là thế . Mình thích họ , họ thích đứa nhà giàu và đéo quan tâm đến mình :::)",0
Đu.má tu.biên tu.diēn luon...,1
Mắc bệnh hoang tưởng. Chắc nó tưởng nó là bố thiên hạ. Nhãi ranh,2
Cường Sirô mồm thì to khéo ăn vạ =)))) toàn các bố giang hồ mõm,2
Đm đc vl =)))),1
Nguyễn Quốc An nhìn như con đười ươi,2
"Làm cái đéo gì thì làm đừng để ng ta nhắc đến VN là gắn với từ ""ăn cắp"" :))",1
Đạt Trần hỏi luôn cho tiện vì lười vào gg đấy,0
Minh Nhật éo chết vì dịch chết vì nổ đt🤣🤣🤣🤣🤣🤣,1
Rảnh quá thì đi quét nhà đi không tí mẹ về vả cho.,0
Mầm mống tai họa của xã hội,1
Nhớ nghỉ hẳn luôn nhé ☺️,0
Thi hành án tử thì khác gì cái thoòng treo trên cổ chúng nó... mẹ tổ cha bọn tham nhũng,2
Vinh Nguyễn Văn c.i vừa sinh baby hơn 2 tuần r á e 😁,0
Cô ba vàng Ngọc cây cầu trong háng,2
Trần Dần tấc ziên là fan ruột của Đỗ Nam Trung rồi.,0
Con này hết thuốt chửa chữa rồi xin lỗi . Thua cạn lợi,2
thật sự khó chịu mấy thành phận vô ý thức vcl. Ngày xưa củng có mấy lần mắc ỉa đi ra vs công cộng hay chờ tới lượt đc ỉa. Đụ cái lz má dô nhìn cái thôi quyết định nhịn ỉa tới khi về nhà và đến giờ có đi đâu mắc ỉa củng nhịn tới về nhà ỉa luôn á :),2
Tạ Thị Quỳnh khôn nhề,0
Best cà khịa tụi Chinazi hehe,2
đốt đi là hợp lý,0
tập cover ko m Ngọc Thủy,0
Quang Minh xạo lồn vừa phải 🤣🤣🤣,2
Mat day qua bac ky lam gi den linh dien ma dam chui tat ca bac ky nhu vay,2
đụ má coi ứa gan hong :),1
cđmmmmm nhung:),2
Cực kì thuyết phục 😂,0
Ăn mặc còn thua ng ăn xin,1
ĐÃ BÊ ĐÊ RỒI CÒN BỊ BỆNH XẠO LỒN,2
Đu ma ba,2
Noi chuyen tao lai nguoi ta hoi ong mot duong ong tra loi mot neo tao Lao,2
nguoi ta co xau hay tot thi moi nguoi biet. neu Co Hieu ko tot sao moi nguoi thich. Dan ba gi ma cai mieng xau nhu vay cung co nguoi lay.,2
dạo này pản động nhiếu quá mấy bạn bò đỏ ah :D,2
đù má thùng rỗng kêu to,1
3 que có cờ ko?->,2
Thùy Dươn :)),0
Trẻ trâu đóng film hài hả 🙂,1
Nhìn ngok nghếch vcđ,1
Nguyễn Đăng Khoa burn real là gì dmm đọc méo hiểu,0
reaction thì hài là điều tất nhiên nhưng đôi giày bánh cuốn thực sự,0
Phúc Hưng clm :))),1
"Nguyễn Ngọc Linh thì hợp rồi mới truyền đó cậu, bài ghi rõ là truyền cho 9 người rồi mà!",0
Trường,0
Cho những người nghĩ mình có tiền mà bỏ qua tất cả nhân cách và đạo đức để lại những hậu quả nghiêm trọng đến sức khoẻ người dân thôi mong pháp luật không bao dung cho những người vô trách nhiệm đó,0
Đây hả?,0
"tào tháo - ""báo nói thế nào cứ suy ngược lại ắt chính xác"" :))))",0
Phim dở vl ạ hihi. Nữ chính đơ hơn nữ phụ,1
"Người ta bận họp kìa trời ơi, phải họp thì mới hết lũ dc",1
xin lỗi tụi bay chết kệ bà tụi bây tụi tao kiểm tra có cái cục cức gì đâu ( tao biết đó là thứ gì ),2
lik đâu dcm,1
hâhha,0
Nghe rất vô sinh nhưng lại có thai 😂😂,0
Phước Ngọc Nguyễn đcm =))))))))))))),1
Dù cả đất nước có quay lưng lại với a và không tin lời a nói thì e cũng kệ mịa a 😆,0
Già rồi còn đéo gì mà ráng nhoai lên chứ địt cụ,2
em nghĩ thầy phải đổi tên thành 781,0
Nghe anh Độ nói tối nay lại off các ông ạ :)))),0
Bớt xạo loz nha,1
xộn lào quá hà :))) 1 chai bán 1tr giảm còn 300k hai chai :v hàng giả chính hãng nha cả nhà :v,1
CĐLCL,2
Ngưỡng mộ ANH một con người tử tế.,0
"Bảo quản không đúng quy trình,còn đi kiện họ.Phạt cho thấy mẹ ra.Thử hỏi mua nước về,để trong khó nhiệt dô quá cao,độ ẩm quá lớn thì hỏi chất lượng nào chiệu nổi.""Thông minh tý đi bà con ơi""",2
Chó để con linh cá lóc,2
"Đúng là mạng của bọn nó là vàng còn với dân đen như cỏ rác, mong rằng trong đám thối nát sẽ xuất hiện 1vị bao thanh thiên tái sinh.",2
Trần Đặng Thái Sơn tên phim sẽ phải là ĐỊT MẸ Về nhà=)),2
vậy là đã bắt đầu lời kêu gọi toàn quốc kháng chiến của Phúc nghẹo,2
Long Duy Đào,0
"Độ múa dẻo quá , về với đội của "" khánh sky "" đi :)))",0
Xạo l*n quen rồi bạn ơi. 😄,1
Ngu còn sủa cho lớn...lúc đầu cũng mê việt kiều,2
Ếch Xanh bút này chym bé lắm k mua,0
"Cũng đồng ý vs ad nhưng bạn m từ khi tham gia và đọc từng câu từng chữ bài đăng của ad thì thay đổi hẳn,từ đứa ngoan hiền thành láo xược,có tí chuyện là chửi bới um lên,1 lol 2 lol. Buồn hẳn :'(",1
Sợ thì thôi im,0
Mới lên tiếng là bị côn an đánh xịt máu mỏ rồi. Chỉ chờ nợ ngập mặt hết tiền trả lương cho côn an. Lúc đó mới hy vọng. Ráng chờ 5 năm nữa thôi.,2
Ninh Trần cover liền 😂😂,0
đm mấy cái đồng bạc thay lốp vá xăm mà chúng nó coi rẻ mạng người vl :(,0
"Về Việt Nam lánh nạn nè, bên nớ chết á kkkkkk",0
link đâu con mẹ m,1
Em oi ..con Linh Dai Loan no´co´nhô? lông dai´cua em chua ma em lai lên Xi`Gon`kiêm´no´con nua?..lam`nhu em co bao nhiêu vang`lây ra deo hêt´hay sao vây ???..dzom`giông vang gia?..nhin den thui`lui`ha`..nêu´la vang thiêt thi no se sang´loe`luôn ah em oi cho anh noi nghe ne..em quên cai con Linh Dai Loan di ..no´noi bon CSVN an cut´cua no nêu´ma no ngung goi tiên USD ve thôi..chu no không co noi em an cut´cua no..em co biet Miên Tây bây gio bi nuoc man va khô han khong ne ???..bon Trung Quôc no ngan dong`chây? cua sông Me Kông rôi...dân mien Tay se chet doi´het..em chui? thang Trung Quoc dum anh di em...em dzam chui? khong ne ??..anh so bn Trung công no´den nha em no nhô? sach lông dai´cua em do nha,2
Khá rộng,0
"Quá troi xl , đm bán hàng 10 năm , bớt đi cd oi",2
Giáo án cc gì đây,1
Con điên,2
"Phong cách ""chịch dở"" 🙈🙈🙈",1
dân miền tây nam rất thích đeo vàng khoe khoang nhỉ,0
"Ra rả phát biểu làm như cương quyết bảo vệ môi trường lắm, nhưng tau vẫn cho nhiệt điện vào nhé tụi bay làm éo gì đc =))) đúng là đừng nghe những gì chúng nói",1
Con đĩ Linh nc ngu vãi! Ai xuống thăm nó chưa nhỉ,2
bỏ liêm sỉ xin mỗi bạn 1 like avt 😢,0
Thoại Trần đã không nói được lời nào lời nào hay ho xin câm con mẹ nó mồm vào,2
"Day la y kien tam huyet cua rat nhieu tri thuc :phai dan chu hoa thi moi bao ve duoc dat nuoc ,nhung hinh nhu dang cs van chua tinh ra ,ho vua dien tap chong “khung bo “ma ke khung bo lai cam co do sao vang !",2
Đíu ai like. Cho thầy đi ăn cắp luôn,2
Hiền Thu Kiều :)),0
"Đây nữa nek, toàn lũ giáo sư tiến sĩ đầu óc cức",2
Sạo lol hổng có gì vui nên chúng ta đừng nên sạo lol 😂,1
Bán thuốc đêm phia ☺️,0
đéo trình bày gì hết,1
"mới có anh công an "" vuốt tóc "" chị bán hàng rong mà bê bết máu luôn ấy chứ!",2
Xử lý hình phạt thôi:((,0
1 chai 400k chắc lời cỡ 250 cồn ko. Uỗn tiền dữ lắm lun. Giờ gặp livetream của nó lước lẹ,0
"đéo biết thì im, thằng cục trưởng cục phân kia bảo dư lượng chất độc trong nông sản vượt mức cho phép nhưng ăn vào ko sao, độc giả tức quá nên mới bảo ""Kính thưa thằng cục cứt: chất độc ko thể ăn được"", hiểu chửa???",2
Gọi là phản động ba que thì lôi mấy cái ảnh của Vịt Tần ra chối :)) xong bây h lôi mẫy cái hình ra diễu cợt trong khi biển số xanh là xe như thế nào được ưu tiên như thế nào cũng đéo biết :)) ngu vcl,1
ThanhHuy Nguyen kém :)),0
Cay vãi c***,1
Ngứa hết cả cặc,1
Ngoc Chu đme đang ăn sáng 🙂,1
Bà này bã chữi gớm giết thiẹt tôi ko ngờ bã là người miền tây luôn xấu hổ,2
Cần đéo j quan tâm miệng đời,1
"Vài bữa mà ho như chó sửa, thì bắn mày luôn nha.",2
đụ mẹ ai biểu vn nằm ở hạ nguồn nó thượng nguồn nó chặn cái là lõ luôn.,2
Chúc kênh Panda của thầy đạt được nhiều sub nha dấu bé ba,0
Im mẹ đi thằng mặt lon,2
"gọi là đổ thừa, lại là chuyện hài nhà sản",2
Lữ Văn Thánh đó là ý do tôi bảo ông trẩu,2
m nói láo chứ ai,2
đcm 😒 sau có con cho hút cỏ chữa bệnh chứ đéo đưa đi bệnh viện 😒,1
Tội nghiệp ông Hùng với bà Tư Nha quá. Biết tới cô là clip ông Hùng đụ bà Tư Nha nín thở..,1
"Tôi 16 tuổi , cao to đẹp trai nhưng bị đau lưng, phồng đĩa đệm cột sống L3 L4 không chữa được thì sau này thoát vị đĩa đệm , liệt nằm một chỗ :( đúng cuộc sống nó là bù trừ , bạn có cái này mất cái kia , anh tôi nói đúng !",0
Có lẽ đom đóm hay hơn bài này,0
chỉ đứng dẩy là thành ca sĩ đc rồi. Thế mà đợt trước a Bảnh về đội chắc giờ làm ca sĩ nổi tiếng đéo phải đi tù ý nhờ,1
Duyên Suk chả liên quan nhưng avt của bạn là nữ sát thử thần tượng của tôi 😄😄😄,0
nứng chưa ae,1
Pha xử lí hay nhất từng xem,0
Muoi ne haui chuc ne đi duong quyen,0
Xi - Men tiếng pháp là tuần lễ. Các thiếu nữ phá đel bộ vòng nầy gồm 7 chíếc. Tượng trưng chl tuần lễ. Còn dân nầy mắc ngu quá nên đeo 70 chiếc.,2
Hôm nay admin mày chửi đúng lắm! Yên lặng đáng sợ,1
Ý thức?,0
Nó lại được vãi lòn,1
"Rồi, rớt cái lòn luôn",1
"Chồ ui ,ăn mặc sẹt si quá chị Minh Hiếu ơi !",0
Việt Nam sẽ là nước đứng tóp đầu về nước đáng khinh nhất thế giới,2
đấm xàm loinf,1
Cũg chưa biết tin ai đc m ơi =)) đồn như lời,1
"em nghĩ sặc khoai chết thì hợp lý, tổ cha bọn nó",1
Cô bà vàng Ngọc cho con xin thẻ cào viettel 500k gửi về qua dominhluanlonghiep@gmail.com,0
Chắc tại các bạn nghe pop ballad thuần quen rồi nên k nghe được Edm đấy...,0
Đậu xanh rau má thằng DLV nào vào đỡ dùm cái chủ đề này cái :v ? Giải thích sao định hướng XHCN mà lỗ nhiều vậy ?,1
dm bữa ni đường 3m cũng có CA đứng @@,1
Nguyễn Thuận ý kiến cá nhân thôi mà thử sáng tác cái mã bố nhà m à ?,2
ói hànggg =)),1
Bọn chó sủa bậy,1
Cổng thì xấu vcc ra,1
L:),1
Thân Hoài Thương ?? Hay thì like đéo hay chả nhẽ k đc dlike? Lạ lồn thế? Sinh ra nút dlike làm cc gì? Hát như cc thì chả dlike,2
Làm ngưacj đâu lâm,0
Dị ứng với thằng cha này quá,2
Đúng là bọn mắt híp lò xo thụt :))) bên việt nam t cái này ra cách đây 10 năm r và bọn t gọi là cái L :))),2
Chib3 nay chet ko co nham mat,2
Quần què,1
Đầu bui,1
Mn nghĩ ntn vs cái tên loạn thế âm binh?,0
Đứng đầu mẫu nghi thiên hạ,0
"Chị ba nói cai gì chị bà củng có, z chị ba có con cu hok, con có con cu nè",2
"Phố bolsa là nơi bịa đặt đồn tin thất thiệt lại có những người phét lác như trần dần thế mà vẫn có những người tin đúng là "" ngưu tầm mưu mã tầm mã""",2
Bị khùng r 🤪😨 Nói tiền nhiều mà giựt tiền cô minh hiếu 🤣🤣,1
Ý thức của chị còn thấp hơn cả điểm hoá của em 🙂,2
Ôi thơm tho j. Ko co quan hệ thì vào lam cung bị đào thải. Mấy nghanh ma dân thuong vn ko bao gio vao đx. Cong an. Quan đội. Ngan hang nha nc. Hang không. Đừng mơ mà vào. Nếu vao đc cung lam cu li sai vat cho tui no. Đm,1
Idol nè Vũ khắc CẶC,2
Dương Thành Nguyên=)),0
Người đi ô tô nói cái đ” gì cũng đúng :v,1
Tên ăn hô nói tục... Đô trưởng HN...,2
Ăn mặc còn thua ng ăn xin,1
Nó chuẩn bị dizz thầy thật r thầy Ba ơiiii =))),1
đjt nhau thế kỉ đây rồi,1
Anh Trung weeboo =))),2
Nguyễn Hoài Bảo Ghe rk na :)),0
chặt cuu,1
"vẫn biết là cái gì cũng không thể tuyệt đối được , nhưng nói như vậy hoá ra người ta mổ chết là do thiếu may mắn à . địt mịa chúng nó nữa , làm đéo có trách nhiện gì cả , mổ thì chết người , tiêm phòng trẻ em cũng vậy . ... định trốn tránh trách nhiệm đến bao giờ . bảo sao người nhà hành hung bác sĩ . làm ăn tắc trách vậy bố thằng nào chịu được",2
Em xin chia buồn với Hàn Quốc một đất nước thượng đẳng :((( nhưng em cũng muốn nói ditmevualonetaolam :))))),2
Countdown cực mạnh =)),0
Khong Biet ức chế vl :3,1
"Hải Yến bố con thần kinh, thở ra cái là thấy mùi rồi",2
Coi thôi cũng ức chế :vv đm chơi chắc đập luôn,1
tao coi con quỷ mặt rỗ trần đoàn mà tao tức lồng ngực tao ak,2
Như lol thầy ơi,2
Xin hỏi nhà tiên tri.sau đợt dịch này bọn 3/// liệu có bị tiệt chủng không,2
Sống chậm thôiii :(,0
Vl sam,1
Hôm qua xét nghiệm ra âm tính rồi hôm nay mới thấy đăng bài?,0
Oh shjt,1
Thực sự chán :)),0
TRAN DAN TIEN BO.MOI GIA NHAP DCS.,0
Xem 6 7 tập đầu cho biết nhân vật xong xem phát tập 63 ( a độ sad),0
kệ cha chúng mày mọi việc đã có ĐẺNG và đám BÒ ĐỎ ÓC BÒ nó lo.,2
Owo,0
Da chua cô ba oi,0
Lê Thị Trang đắt vcd,1
Chuẩn rồi. Bọn nó k có lập trường và định kiến. Loại người như vậy sống cũng éo để làm gì. Đúng sai mà còn k biết thì biết gì ?,2
"Vậy mà mày nói tiếng VN, đẻ ra tại VN đấy ad chó ah",2
"so với "" nghệ thuật sắp đặt "" trị giá 8.100 tỷ vnd của ông Hoàng Trung Hải thì tác phẩm ""trái chuối"".... rất là chuối !",0
Bắn bỏ nó đê,1
2022về?!?!hài cốt có đc chưa chứ nói gì đến TD xuong thịt.,0
Học sinh chuyên toán tính vậy =)))),0
Anh độ gọi kìa,0
Vũ Khắc Hoàng vcl râu,1
Đặng An .,0
"khi non nước thanh bình, ta sẽ dệt mộng yêu đương ...",0
Dạy bơi cho cá. Bơi thì đương nhiên nó bơi được vì nó là cá. Làm sao cho nó sống được mới là điều người dân đang quan tâm.,1
Đặng Lê Nguyên Nguyễn Tấn Quí,0
T toàn để ý quảng cáo son yurika thoi bởi vì có idol t,0
giọng ca hảm chết cdm ng nghê luôn mà share cái j,1
Lớn vậy rồi chứ không phải rầu nha đũy ơi =)))),1
1 thằng con trai 😲😲😲😲 đouma m cà khịa tao hả,0
đc cái xl là hay😆,1
Chửi hay bên nước ngoài thì đổi avata làm như quan tâm lắm trong nước không nói toàn thứ ngu nhà dại ngoài đường,1
+ sản đã làm cho nhân dân bị bệnh kiệt kháng ( sida ) hết rồi.,2
Cô ơi cho con xin zalo với con hâm mộ cô lắm luôn,0
bị chịch,1
Lan Hoa mấy đứa suốt ngày bảo người ta đạo này nọ cả đời chỉ núp dưới bóng của người khác 🙂,2
"đéo chấp loại này vì nói gì nó cũng vậy thôi, ae kệ nó đi, chắc nó là bảo vệ ở đó đó :))",1
Cháu của diêm vương,0
"Người Nhật bây h ai cũng đẹp mũi cao hết ad ạ, căn bản là họ cho lai với ng âu đặc biệt là Mỹ",0
sau vc ra,1
"Nghe mà thấy nhục nhã, ăn nói vô học",1
"Vẽ Mắt Biếc nè các b vào fb m xem video vẽ nhé, ai mún vẽ thì kb m vẽ cho nhé",0
Cmt dạo để kiếm anh ny cục súc❤,0
Tao cười tao ỉa,0
Cảm ơn em da dạy dỗ con Linh khùng.,2
cái này nhai đi nhai lại quài chán vl ấy,0
Nó dạy thế này đây.người e yêu thương k phải bố cũng chẳng phải mẹ.mà là chú bộ đội. Ngu mà làm đc tổng thống mỹ thì ai cũng muốn ngu,2
Gia cát bị đồng bóng à,2
Giúp mn ơi,0
Quảng cáo con mẹ nó quảng cáo hoằ,1
Đồ giả,1
Muốn nói sao mà chẳng được.,0
Nó lại hợp lỳ vlin 😃,0
"Con này với thằng Don Nguyễn dv hài chưa bị bắt nữa hả? Tụi nó kết hợp với nhau bán hàng giả làm lũng đoạn thị trường, lừa đảo người tiêu dùng. Làm mất uy tín nhà nước VN. Đề nghị công an vào cuộc bắt hết bọn này. Ai đồng ý thì hãy cùng nhau lên tiếng. Bọn này là bọn lừa đảo là tội phạm kinh tế",2
Đập sắp mặt sena thầy ơi,2
Cái nhập code này từ hqua hôm kia r nha,0
hình như thằng này là thằng muốn ăn gỏi MC Phan Anh đây mà :3,2
Cà khịa đi xíu thầy vô chửi cm🤦,1
DLV thì cần đéo gì biết phải hay trái ?,1
Diện Trần khó thương nhiều vào để đất nước nó lớn mạnh trở lại rồi lại đi cướp nước ngủ còn sủa,2
Ai như con nhung háng rộng kia :))),2
"Ai lớp du chu cà mo , em yêu anh cho gờ c.u.",0
Cả họ con này bị ma ám,2
From đồng nai with love :v chúc anh chị nghĩ lễ vv,0
"Bọn phản quốc lúc cặc nào cũng than nghèo kể khổ. Ngồi nhà cả ngày, soi mói báo mạng kích động bạo lực. Bảo sao thất nghiệp với vô học. Về xứ cali chúng mày đi. Mới xả súng đấy. :))))))))",2
Bảo hiểm thì nước đ' nào chả phải nộp :v tai nạn ra ai thanh toán :v bóp cái tít cũng ngu :v,1
Con này cũng xàm lồn lên chửi qua chửi lại chủ yếu nó ăn tiền nhà mạng . Con khùng thúi,2
Quan thì ăn cái bụng to như trống. Còn người dân thì ốm yếu nuôi tụi nó,2
Quá trời cái,1
Kênh như con c,2
Đm xạo lồn :) Fuck,2
Trend này lâu lắm rồi,0
Má nước mắt cá sấu kìa trời,1
"CÒN CSVN LÀ CÒN KHỔ SỞ .PHẢI THAY ĐỔI CHẾ ĐỘ CSVN .KHÔNG THAY ĐỔI ĐƯỢC ,PHẢI LẬT ĐỔ CSVN .KHÔNG LẬT ĐỔ ĐƯỢC ,PHẢI ÁM SÁT NHƯ NGUYÊN PHÚ TRỌNG ÁM SÁT LÊ HẢI AN VẬY .ĐÂY LÀ LUẬT QUẢ BÁO ,DÂN NGHỆ AN RƯỚC HỒ CHÍ MINH GIẢ VỀ CAI TRỊ VN NAY BỊ CSVN GIẾT ...",2
Đi cách ly chứ đâu phải đi du lịch😉,1
CÔN ĐỒ CỤC SÚC VÔ NHÂN TÍNH ĐỀ NGHI VN. NHÀ NƯỚC VN BAN THƯỞNG.,2
Chơi với nhau mà í thức thì khác hẳn,0
Phương Noble's tóc gì làm vậy P,0
Cô ba cọ lông lồn chứ mình cạo bàn thời nhà nó luôn,1
Phương Minn hay cố tình vào đây để bán đồ online :))) sống sạch lên,2
Đặng Thành Nam thế bạn đang ns ji thế 😌,0
12:58 Uýnh một bài dỏ cho cho cho cho cho cho...????!!!!,0
Đm quả nhạc 🤣,1
"Xấu quá trời, mà bày đặt chửi dan vn miệng như hai miếng thịt bò, ghét má quá trời à má ơi",2
Mac ia qua,1
thôn...làm ! cán bộ thôn...làm !,2
"Đm nhớ cái thời này vl. Đã trở thành quá khứ rồi, dĩ vãng rồi. Nhạt cmnr! :(((",0
Nghe ko hiểu nổi ý bài hát là gì nhiều đứa nói hay,0
Nguyễn Đăng Dự nhục mặt fan mu v bạn,2
lên chức để nhét con cháu vào thây bã... bã ko bỏ chức đó nên đuổi luôn :3,1
"Cộng sản là thế, muôn đời",2
Thấy vd cute vch nhờ nền nhạc 😂😂,1
trông có khác buồi thằng trên núi xuống k,2
Các bác sống nhanh vaicutt :(((,1
Chí Phèo thời nay.,1
Chuẩn. Có nhiều người giỏi cào lồn ăn vạ lắm :))),1
"Cai du ma deo bit dang song trong cai thoi ky gi,ma lam alibaba the ko bit",1
vậy là đã bắt đầu lời kêu gọi toàn quốc kháng chiến của Phúc nghẹo,2
Mặt dầy như đít trâu,1
người ở giữa hình như là ông chủ tiệm bánh mì và ông chủ đầm tôm thì phải ^^,0
Vui cùng em bóp vú bên đường 🤭🤭🤭,1
"thì ng ta chả bảo TBCN đang ở bờ vực thẳm , giãy chết . đối lập vs vực thẳm chả phải thiên đường là gì hả bạn .",0
Tạ Bích Loan lần này hỏi:động cơ của a bao nhiêu dung tích cho chuyến đi lần này :)),0
:)) t bên này t còn dell giám dùng tien mà s chj 3 xaolol vay nhà toàn trã góp sūa cl :))),2
Khug xau xi deo vang gja len cau lai ha con di khug mjeg lok,2
Ước gì phỏng vấn cô 2 tiếng coi mới đã. Thích cô quá,0
Toàn chó đàn,1
"Thượng bất chính hạ tắc loạn. Đạo đức xuống cấp trước hết phải đánh giá vai trò của chính quyền trong quản lý, giáo dục yếu kém ko hiệu quả. Đéo làm tốt đc thì lui xuống để người có năng lực lên thay thế.",2
Chị ba chắc còn trinh trâu hahaha,2
chiich phu tran dan.bi cach ly car chisnh phu.,2
Đéo biết game phải để giải trí không nữa 😂😂😂,1
Nguyễn Quốc An nhìn như con đười ươi,2
"chắc sắp tới bóng cười được đại chúng xã hội hoá ! khí vừa sạch, ai ai cũng cầm quả bóng tung tăng vui tươi .... quan trọng là ai cũng cười ngặt ngẹo trông rất là hạnh phúc và lạc quan ! đúng tin thần của đảng và nhà nước !",2
"Chính quyền Hoá Châu ngu như redbull, về đây kiếm anh Chung con , cứ có tiernf là có đất vàng hehehe",2
"Ko lẻ bất cứ nước nào nhận lao động nước ngoài thì nước đó trình độ kém?? Ngu vl. Ngành luyện kim: mổi cty mở ra đều đưa nhân viên ra nước ngoài thực tập( chủ yếu ở Trung Quốc), vì chuyên môn yếu với lại thiếu chuyên cần, bất cẩn. Các nhà thầu TQ hầu n",1
Trời ơi thích cô Minh Hiếu dã mang,0
Yêu quá đii❤️🙆,0
Ủa chi e ma bởi khói nói cũng biết xao ui kkk chi e e ma giờ chửi ta lúc Ninh bo ma,0
:v ... CS nó làm gì nhỉ?,2
cái mỏ l*n trong làng hài khẩu nghiệp!,1
Nhà con Nhung đầu heo rất giàu hãy bắt phạt nó bồi thường thiệt hại..ko để yên dc đâu,2
chưa bở phiếu mà đã cơ cấu 4 chức vụ chủ chốt rồi thì bỏ phiếu làm gì nhỉ??,1
"Các bạn có nhiều tiền thì các bạn sài real, tụi tui làm đủ ăn đủ mặc lo gia đình các kiểu tiền ăn đâu mua 3tr 4tr. Tui ko là fan của ai cả chỉ thấy nói fake hay real thôi",0
Những chú dâm loạn viên đâu tui muốn thấy cái mõm chó của mấy bạn,2
"Khoan nói chuyện xây cái cổng nhưng thằng add óc chó quá, người nghèo mà mày cái đéo gì cũng lấy ra làm chuẩn để ko đc làm cái này cái khác. Bây giờ là cho người nghèo cái ""cần"" chứ ko phải bỏ tiền vào mồm người nghèo, ko là nghèo bền vững đấy.",2
hiếp...:))),1
Nói gì tào lao kg,1
Bọn cặn bả xã hội,1
"Cách ly vẫn tranh thủ tạo chút scandal câu like, đánh bóng tên tuổi, xuất viện đăng đàn xin lỗi! sợ thật sự cái anh Tiệp này 🙏",2
Nhục mặt chửi nhau roi giờ chơi nhau chửi mướn đề con vk trả tien kaaaaaa,1
"Xin lỗi ad chứ nếu ad ở ngoài sáng không thì làm sao ad biết được trong bóng tối đó có cái gì? Trừ khi ad đã nằm trong tối hay có người trong tối đó thì ad mới nắm được tình hình. Và khi chỉ cần thí vài con tốt ad sẽ lên cấp bậc vù vù, lợi cả đôi bên.",2
Kể kiểu tóc mà nó chi tiết bánh cuốn vl a ạ :v,0
Nó đéo biết ngại à,1
Ai k đc điểm danh phát,0
Mầm mống tai họa của xã hội,1
con quỷ cái,2
Ngọc Trân tự cứu đc rồi 2 ngày là về,0
"Thôi xong, en lol rồi 🤣🤣🤣🤣",1
Cho liếm hậu m*n cái abe :)),2
"Trường Giang còn chủ thớt nói họ hàg có nghĩa là đều biết mình bị nhiễm mà còn k chịu khai báo cách ly . Ng thì im về nhà tự cách ly , nhưg đã nhiễm cho người khác . Người thì má thiên hạ đi lây người khác . Cả hai đều y chag chứ ngộ sát cố ý sát hại j .",0
Quà dành tặng abe khi tết về =)),0
"Tâm Nguyễn t mắc cười thật,Quốc tịch VN thì không ở VN chứ ở đâu :))) có thấy người ta chê cái VN này chưa,khi nào nó chê đi tao dô chưởi phụ dí mày :))) nó giàu nên nó đi chuyên cơ riêng mình nó về rồi vô cách ly luôn đó ba ạ",0
Fan anh độ,0
"Phạm Văn Đồng hình như ở đó k cách li và khám chữa như mình đâu bạn, họ khá thờ ơ và yêu cầu tự cách li, hôm qua mình có đọc trên page nào ý",0
"1:22 ai lớp du chu cờ moo, Duyên dáng quá cô ơi",0
hợp lý =)),0
"lolz mắc cười, toàn 1 lủ ở vùng xa vùng xôi ở ... nói chung là chỉ biết và thờ cái Ba Đình, đéo làm được gì thì ngậm cái mổm ăn c..c lại, ko nói, ko ai nói miệng thối đâu mấy con chó DLV ạh",2
Hy sinh cao cả!,0
Mà mệt nói thì nói mẹ đi,1
Chí Bảo nhung chứ chung cc à,2
Xong rồi lại phải lên thi lại. Ôi cuọic đời 🙃,0
Trong Nguyen Nồn còn đẹp hơn bài này 😂😂😂,1
"Ghê, chảnh choẹ",1
Thầy ba dơ lắm cô ơi,2
dốc bác cổ có theo dõi ko :)),0
Lỗ đít nè chơi đi,1
clm =)),1
Đoàn Duy Diện ở đâu thế ạ ah,0
"con hàng này ngon quá, t sục 5 phút bắn cmm rồi",1
Chẳng hiểu mày ăn mặc kiểu lồn gi,2
mình k thích đi ô tô thích xe đạp nên khỏi cố,0
Hóng link vào đây là em gái ngon ngọt nc,1
Nhìn quả quần muốn tụt mẹ nó xuống 🤨,1
Chỉ sợ những người dùng não để trồng cây,2
Vlol v:))),1
Thuyết phục vcl =)))),1
dou ma thầy,2
9 xác,0
Dễ thương quá bé ba ơi 😌😌😌,0
Một cộng một bằng hai hai nhân hai bằng bốn quá nhanh quá nguy hiểm đó là độ mixi 💀,0
Mặc kiểu này là tao cá ổng vừa ỉa xong . Đéo thể khác được,1
"Đây là bài cmt tự động để xin like trắng trợn thích thì like ko thích thì like , ok",0
DLV thì cần đéo gì biết phải hay trái ?,1
Thuật toán thông minh đây =))) nhận diện dc cả giọng nói,0
Con người yêu đỏng đảnh thật nhỉ,2
Con này em ruột chà Mu hay gì mà ăn nói cốt cách lươn lẹo giống nhau ghê,0
T lấy hh Sett 😂😂🤣,0
"Hú hồn. Mấy nay lo ngay ngáy vì ko biết ai sẽ nối nghiệp Nhà tiên tri để tấu hài cho người trong nước. Adida phậc, chúc nhà tiên tri mạnh khỏe, amen.",0
Móc lên ngửi đấy mà. Dơ vcl 🤣🤣,1
"Không chết vì ô nhiễm cũng chết vì hoá chất, còn không lại chết vì tai nạn giao thông hoặc chết vì ung thư hay bệnh tật. Quá lắm là chết vì tàu xâm lăng thôi. Thằng Ad mày lo nhiều quá nên đăng tải lung tung chớ dân Đông Lào mình đồng, da sắt, c.*.t bằng bù lon mà sợ chi hahahaha",2
thôi em cũng ạ thầy,0
Đầu ốc tôm nên nói ra không có lời nào nghe được . phụ nữ Việt Nam không có người nào phát ngôn như vậy thật ghê tởm,1
Đứa nào kêu tao vậy,0
Yêu cl gì? Nhà bao việc,1
"Nghèo chết mẹ,thiếu nợ người ta chết mẹ.Bộ mặt con mẹ gì.NGUỴ BIỆN.",2
Trong lúc nước sôi lửa bỏng này mà vẫn có kẻ nhận thức kém vậy,1
Còn Samsung thì đòi đem 700 kỹ sư nó qua mà không muốn bị cách ly suy nghĩ óc chó vẫn tồn lại ở người hàn,2
Hài lòng del đâu,1
Lanh dao nuoc ngoai noi nhung cau noi tro thanh kinh dien.con lanh dao vn noi toan nhung loi vo van.vn toi khi nao moi phat trien day.,2
Ung thư tuỷ thì bỏ mẹ 😄😄,1
Về nước a nên vào tù ở trước thay vì gặp người khác xaolol,2
Sao lại đi làm lộ mặt người ta vậy,0
Tết nay,0
Hôm qua hứa hẹn trăm đường,0
Gu ăn mặc như cc :v,1
"Đang có cái game mua Hàu tặng bút này a e! Dùng cái của nợ chị vợ nói là đây nhé. CH!CH khỏe, CH!CH phê, đê mê tối ngày!!!",1
Nghe rất hư trúc nhưng lại là mộ Dung phục,0
"Ad cho em hỏi ngu xí. Trong page này nếu em nói \""Địt mẹ AD\"" là có văn hoá hay vô văn hoá ạ :v",0
chửi cái dcmmm,2
Chị ba ơi chị thiệt là đẹp gái. Mà chị có hai cái hòn dái.,2
Thiên đường của cs!,2
Phat cay cú...kkk,0
Tieu Long Nu đợi có trường nào bùng lên thì cách li cả huyện luôn chứ bây giờ chưa đâu,0
a độ rất là gắt ::),0
"thế ông PA và những người khác k nhận lương từ nhà nước mà vẫn đánh đổi mạng sống của mình đó, mình còn vừa nghe tin có một bạn đi từ thiện bị tai nạn mới mất đó, họ k nhận lương từ nhà nước nhé. Còn những người nào làm nhà nước thì chấp nhận đi, đó là trách nhiệm của họ nhé, họ phải làm nhé",0
Thich anh Chau qua ah,0
Covy thích đi nước ngoài với đi máy bay quá nhỉ 🙄🙄,0
reaction thầy ơi,0
Nhà con đó giàu mà. Bắt nó đền đi. :)),0
Bạn chả có máu hóa văn loz j cã=]],2
Chứ còn mẹ gì nữa . . . Câu view trắng trợn,1
Lỗi không phải tại anh đâu mà là tại mấy anh công an không xích anh được sớm hơn thôi chứ bên vũ hán anh vào lò lâu rồi,2
Tiền đâu mua thầy ơi áo đắt vãi đái,1
dễ thương quá cô oi,0
"Nói như là VN chẵng có cái nào. Nhờ đãng và nhà nước nên giờ chiếm được 21 điểm. Còn cái vụ năm 74 cứ trách người ở Miền Nam. Thế có thằng ở miền bắc nào đó đã nói là trung quốc chiếm giùm, mai mốt sẽ trả lại.",2
anh ba làm lại giáo án yi đc ko abe <3,0
Trung Minh đã c.bi dụng cụ trang điểm mùa dịch chua,0
"F1 là fake loại 1 đúng ko, bán hàng fake là vi phạm pháp luật rồi, nói gì nhiều, kêu công an cồng đầu liền xem coi có già mồm được nữa không",1
Tôi có súng đó,0
"Cái gian hàng trong tổ hợp nhà ga chứ đéo phải cả nhà ga nhá :v ngu vừa thôi,ngu hết cả phần thiên hạ",1
"bảo yêu nước, thương nước, xong đi du lịch về lây bệnh cho nước mà là yêu nước à :)) đi du lịch về thì tự biết khai báo cách li đi... đằng này thì...nếu nhiều tiền quá kb lri thì đi làm từ thiện đê lại còn du ms chả lịch :3",1
ơ ơ sợ quá clm,1
Buồn Abe,0
Hẹn mấy đứa tại DO1 - Samsung - SECC GameCon2019 nhé!!!,0
Dung sl nữa bà 3 ôi,2
Giống thế đ nào dc,1
Bèo khùng,1
"sao lại có lắm thằng "" tài giỏi"" trong việc sáng tạo ra những thứ hại đời hại người thế nhỉ, chả hiểu học theo đạo đức của ai !",2
thế đấy dkm,1
Điên,1
Tất cả vì mấy thằng bụng phệ óc mỡ quản lí thôi.,1
Danh cho banh cai lon luông con lin loc,2
"Lạc hậu, nghèo đói , trộm cươp...thời đại rực cmn rỡ",1
"Dume. Đầu óc đ gì cứ như gói trà túi lọc ấy, tinh tuý thì thoát hết ra ngoài, cặn bã thì ở lại",2
"Trần Lâm vậy bác sĩ bên đó ngu quá, biết đang dịch vậy mà vẫn cầm ống hút đi lấy máu 😌",2
"Trộn mẫu máu của 4 người & xét nghiệm sau khi cắt đôi que thử thì chắc kết quả sẽ không chính xác,rồi vợ chồng nghi kỵ nhau,kẻ có bệnh tưởng mình trong sạch tha hồ mang bệnh đi lây lan cho ng #,ng không bệnh lại tưởng bệnh thì lo lắng,rồi khéo lại tự vẫn.nói chung là tận cùng của sự khốn nạn,không thể chấp nhận",1
Bây giờ a đang nằm xó nào,0
Chuẩn vd nhỉ =)))))),0
Hay vl,0
Trộ trộ🤭,0
Bọn chó,2
Em nói là anh ở nhà Hưng Khánh . Hông cod đi đâu hết.,0
Thầy tui ơi 😆😆,0
Dù ai nói ngã nói nghiêng đỷ này vẫn xạo lồn như xưa,2
Abe đang ở HN nha ae 😂😂,0
bá dơ quá a be ơi 3,2
Vn chết là vừa.cho dân nó xướng,2
quay lại như ỉa ra ăn lại,1
Thanh Thảo Rùa Loan Đỗ Khánh Huyền Trần Thu Trang team nhận lương sau tết,0
má fong rộng z ma la ngột ngạt me nó,1
Cuối năm 2017 mà bây giờ đã lọt cuối 2019. Bọn ngu dốt này con ốc làm chưa được nhưng thích chém gió,2
Giang hồ ngậm buồi chứ đéo yêu nhé ông Sói =)),1
Con mất day,2
Phương Minn k nghe nổi thì out mắc cailon gì dislike🙂,2
minh hiếu nói chuyện dể thương quá luôn mình thích minh hiếu vừa đẹp mà nói chuyện rất có duyên dả lại có khiếu chưởi lộn nge mà phải cười chứ ko nhịnh cười đc chúc minh hiếu đc nhiều sức khỏe vạn sự bình an gia đình hạnh phúc,0
Ả duconme 😂😂😂,1
"Có tiền, có xe mà ý thức thua điểm thi hóa của cháu nữa :\""((",1
Cá lóc đeo dây xích chó kìa,1
Câu chuyện buồn,0
Xã hội bồng bềnh.,1
cđmmmmm nhung:),2
Vy Le -_-,0
Ko co lợi cho tỉnh nhưng có lợi cho quan . Ngu gì mà ko làm . Cơ mà 1000 ha rừg đó nay đã đi đâu @@,2
"ĐM, chắc lại rút sợ dây kinh nghiệm thôi mà",1
như buồi thầy ạ :)),1
Em thích nhất đoạn đầu😊,0
Con đỉ chó xl này nó ở vn nó chết me lien,2
xuất khẩu gạo còn bị trả về vì vượt mức an toàn thì làm ăn j nữa,1
Đó là 1 câu chuyện bùn)),0
Quần gạ chịch à,1
Ba con hot cut'vao ma an nhe',1
"Cần bán sim 0914 915 666,ai cần thì lh nha",0
"Nail là 1 nghề như nhiều nghành nghề lương thiện khác nhưng dưới bàn tay đen đúa của Tuyên giáo nó thành 1 cái nghề thấp kém, hạ đẳng. Nghề nào cũng để kiếm sống, nuôi sống gia đình, phục vụ xã hội cộng đồng không phân biệt giàu sang hay thấp hèn. Bản chất của CNCS là bình đẳng bác ái nhưng những hiện nay họ đang thực hiện hoàn toàn trái ngược.",1
"bảo yêu nước, thương nước, xong đi du lịch về lây bệnh cho nước mà là yêu nước à :)) đi du lịch về thì tự biết khai báo cách li đi... đằng này thì...nếu nhiều tiền quá kb lri thì đi làm từ thiện đê lại còn du ms chả lịch :3",1
Hớn hở đi xem xuất chiếu đặc biệt hôm mùng 9 và thấy phim bt hoy,0
ở Việt Nam,0
"I am searching for beautiful girl in the comment section, so that i can reply her and send friend request later, in hope that she will become mother of my children, who are waiting for her at home.",0
địt,1
13:54,0
Xem có vẻ tai ương nhưng rất dễ thương:)),0
vãi đớp 😂,1
Một con bò vừa cmt,2
"Con nay kieu ha ,,,mo cua no an cuc nhieu qua ,,,nen len mang sua qua troi ,,do phan quoc ,,,,,,,,mo lon ,,,,,,,,LINH an lon dap chet me no di ,,,,,,,con cho vua gia vua sau",2
Tiên cha chug mày trong đó chỉ có vị bộ trưởng bộ văn hóa thể thao và du lịch của Việt Nam và ông trần anh tuấn phó chủ tịch VFF là phó chủ tịch thường trực của liên đoàn bóng đá ĐNA và các quan chức thành viên của liên đoàn trao thưởng chỉ là chụp hik lưu niệm mà cug nói là quan chức lũ ngu à,2
Thấy người ta làm việc tốt thì dè biểu chúng nó k bằng súc vật,1
Đi ngược với chính sách ngu dân chỉ có chết,1
3 que có cờ ko?->,2
Thế mày ăn rồi ỉa k đc cũng tại cs á,2
Sống lố quá thể 😓😓😓,1
"mua hàu có tặng kèm đối tác hay gì không các ông, mịa uống xong nằm đấy vs tay trái thì lại chán bỏ mẹ",1
Loanh quanh đằng đít lại đằng đầu . Vẫn là một lũ xạo loz với nhau . Giờ khó kiếm ăn quay Ra cắn xé,2
"trong đó có bọn comdom gì gì ấy cũng y như vậy, lũ sống bằng tiền lao động của dân mà cứ nghĩ chúng nó là thánh không bằng",2
"Trái cây thì a nghĩ chú mày ko dám nuốt vì sợ độc,2tr usd thì chú mày nuốt,khôn như chú xom a đầy",2
Ông già đổ đốn quá,0
Quả báo tới liền thôi hà,0
Bóng vcl ý em nói thầy sela còn anh dơ như chó nha :)),2
Phắc ộp! Dmca,2
Má nước mắt cá sấu kìa trời,1
"Toàn ""sửu nhi""",1
Coi mà hù hù muốn rớt tim ra ngoài ... 2 người phế nhất thì sống .. với tự dịch hơi mệt 😀,0
xuất khẩu gạo còn bị trả về vì vượt mức an toàn thì làm ăn j nữa,1
Ai ăn nói bậy bạ cho Ông Trần Dan bây giờ hãy stop dùng tiep tục nữa dat diều that là gian ác,1
Troi oi toi thay cai người nay người cha ra người dan ông ko ra dan ông dan ba cha giong dan ba nhìn người nay giong quy that,2
cháu còn nhỏ đừng xạo loz theo bố cháu nhé tùng,1
Ước gì sự giàu có tỷ lệ thuận với ý thức của Nhung.,2
Có tiền rồi nói gì cũng chuẩn chị ạ :)),1
"Chú toàn ơi ,video con còn nha con ác phủ vậy chết luôn đi Cho đỡ kẹp đất 😡😡😡",2
Sống nhanh lên các bạn ơiiii😌,0
"Đúng vậy, với người thích chê thì kiểu gì họ cũng chê được.",0
Đẹp trai nhau nhà giàu sao ma bi nhũng thế này,1
Ai cung dich corona sau con nho nay khong bi vay ta do khung,2
Khánh Vy hình như m tag lộn người ó 🙂,0
dkm thằng nào sủa câu này -_-,1
Người mặc sáng láng mà ăn nói không có giáo dục than mình toàn là đồ Sài do gia không mà keu người ta lại làm thẩm mỹ ê quá trời rồi ngồi đó kêu từ người đến làm,0
Nếu ông lỗ dẹp,0
Thuyết phục.......,0
@ss a bê đê đó má,0
yamete kudasai :))),0
DM...thèng assmin cút qua Dubai sống đi mày...( tao đi lãnh 3 củ đây),2
- cả 2 cũng chỉ ngu như nhau thoii khỏi so sánh :)),1
Công nhân sửa chữa đường dùng máy công suất lớn thổi bụi mù mịt giữa phố_Hà nội VN mới có,1
Dcmm cmt bài viết của bố ăn lozz ak cut,2
tính tiền cho thầy :v,0
Chơi hẳn auto để đuổi chúng nó đây :)),0
"Htrc t với thg bạn đi uống trà đá về qua, chụp cái ảnh r về, đ bấm chuông hay làm ầm ĩ, thế tôi hỏi như tôi thì làm phiền chỗ đéo nào :))))",0
"hoc cc gi` nua~, ve san voi ma` kiem an =]]z",1
Mong chị Nhung sớm khoẻ để đoàn tụ với tổ tiên 🙂,2
Ý kiến cái nhân 💦,0
"con này thực sự nó giống như con thú nhốt lâu ngày, nó chửi cả dân tộc, cho dù thế nào chăng nữa nó cũng phải được truòng trị để làm gương cho những kẻ khác việc nó xin lỗi mọi người có chấp nhận chăng nữa chẳng qua là một tình tiết giảm nhẹ thôi chứ còn tội của nó thì không thể tha thứ được.",2
Trẻ con còn biết giỗ kìa 🙂,0
"Ngọc Hải ê, biểu tượng cl của m thành trend bên hàn quốc luôn r kìa..",1
"Tụi tui hỏng dám nói sau giải phóng,chỉ dám nghệ thuật hóa sự kiện sau 75, TỪ NGÀY ĐỨT PHIM...🤣🤣🤣 khổ quá.",1
Đâu là real đâu là fake=))))))),0
Ngu còn sủa cho lớn...lúc đầu cũng mê việt kiều,2
Diện Trần óc choá thật.,2
Ng bố của năm,0
Bán hàng online bất chấp vậy hả trời,1
Ko giống con giáp nào,1
Sợ luôn,0
"Sáng nghe các đài phát thanh của loa Phường ra rả kết luận mà nghe nực cười quá thể, hoá ra mấy tháng qua điều tra các kiểu cũng quay lại giả thuyết ban đầu theo 1 phía trường cung cấp. Vậy thì điều tra quái gì cứ phán quyết bất chấp ngay từ đầu luôn đi cho gọn! Quả báo tới từng người bây giờ! Nhanh lắm!",1
TÌM MÃI :V,0
Nguyễn Trọng Thái xạo lol vừa thôi,2
Đánh răng hết mẹ phim,0
Hoan hô LÒ TÔN,2
Chị ba chắc còn trinh trâu hahaha,2
Bà này nhiều tiền quá đâm ra điên cmnr,2
Có ai có fb của trần dần ko,0
Sờ-ti-le đấy Mn ạ,0
Vợ nhìn cái ko dám quẩy,0
DLV ngu lol lại còn lắm đứa hùa theo thể hiện đầu óc đúng là cặn bã. Lại còn lắm thằng bảo Việt Tân tài trợ Phan Anh nữa chứ.,2
"Cái này xảy ra hoài nhưng ko thấy ngăn chặn, chỉ thấy giơ cao đánh khẽ",1
"nhỏ nầy nói chuyện ngong cuồng ,mày có làm đc hôn",1
"Ai cũng biết. Đã là chửi thì chửi thẳng, vòng vo nói nho nữa thì đổi tên page đi. Đậu má rau xanh.",1
Hat nhu lon 🙂,1
bị chịch,1
Bao giờ bọn chó nó chết cùng thì mới ko an toàn,1
địt mẹ thắm :)),2
Bị khùng r 🤪😨 Nói tiền nhiều mà giựt tiền cô minh hiếu 🤣🤣,1
Cái tập đoàn dacosan rước giặc đây mà,2
Ad chẳng biết cc j cả. Ổng nói đúng rồi. Ko có tranh giành gì hết. Họ rất đồng lòng và tất cả mọi việc mọi vị trí đều đc sắp xếp cả.,2
Ô thế là bọn chúng muốn giết ai thì giết à bắt người khác chết thay tội phạm bọn tội phạm đích thực phải chết nhiều tên cũng xứng đáng thôi còn tay luật sư có bằng chứng mà không đưa ra tố cáo tội phạm thì trở thành đồng phạm giết oan người lương thiện .. chính tay luật sư đó phải bị chảm đầu tiên ...,1
Anh ba láo nháo là Tú xiên giờ,2
hú hú,0
Chi 3 kB e đi fb e nè 0939218629,0
Đùa chuẩn Trịnh Đình Quang luôn 😂 ra thêm hit mới đi a ơi,0
Mung Trinh e biết mừ 🥴🥴,0
Vl kết cây bút :)),0
Tú thích hoa hồng và mùa đông được Quang đâm phía sau mông,0
Chị ba tiền chị như miếng giấy chùi lol em ne mặt chị xấu hơn lol em nữa ne chị ba chị sủa nhiều vậy em ko cần đồng tiền vơ bẩn của chị,2
Điểm gay ấn tượng và nổi bật đó ạ,0
@Vh Fg vo van hoa vo hoc,2
Giày hàng hiệu của anh độ chất hơn :)),0
Bệnh nhân 17 ( cái nôi của sự lây bệnh ) 😐,2
sợ thặc sự😨,0
"Nam Linh bạn ko phải fan ko hiểu đc , mình nghĩ bạn nên nghe lại để cảm nhận, đừng vội phán xét",0
"Tuổi 17 bẻ gãy sừng trâu, lên 18 thì càng lên level. Đề nghị các bạn đái nhẹ, ị khẽ, địt duyên! Khéo lại bể tường... 😓😓😓",1
Hôn gió kiểu cao bằng 🤣,0
Be de roi lai con lam chuyện,1
Vs lại nhìu quảng cáo quá,0
mk lại thích cắt mái cộc 😁,0
Mà sợ r anh à,0
ừ,0
Trần dần có chết có liên quang gì thế giới vũ hoàng lân phỏng vấn tào lao,2
nghĩ mà chán ...!!!,1
khựa nhé :)))),1
Chi dep qua c oi.su con cho do di c.con mat day con cho phan quoc.,2
Trần Sinh Đức suy nghĩ như đầu buồi,2
Cang ngay cang ghet tui thp,2
mấy thằng lờ bị nhồi não suốt ngày chỉ đi canh bợ đít cho đám CS đéo quan tâm tìm hiểu tin tức dc mẹ gì vẫn vào cmt như đúng rồi,2
Hàn quốc chứ,0
Chui chet me con linh ca loc do luon co 3 oi,2
Đầu 2 thứ tóc rồi mà còn bị trẻ trâu Levi lừa.🤣,0
Đáng yêu quá đi mất,0
Quan trọng là ổng giàu ổng mặc cc gì cũng đúng🙂,2
Anh kêu lương tháng 7-8 triệu sao chơi cả cua Hoàng Đế thế 😂,0
"Cướp đêm là giặc, cướp ngày là quan. 24/7 lúc nào cũng phải nơm nớp. Than ôi cái đất nước hạnh phúc",2
nhạt vl,1
con hơn cha ... rồi 😆,0
Bố cáu thằng ăn bám váy đàn bà,2
"\""Link mua bút đây nhé, các anh em hỏi nhiều quá\""!!!",0
Tao chỉ mong bóng đá thua mẹ luôn mấy trận đầu cho xong... Đỡ tốn tiền thuế của bố 😠,1
Nguyễn Trung Kiên liên quân luôn nhá,0
Chứ không phải lúc trước đi ra ngân hàng nói chị Ba gửi tiền về cái mặt lên như bà khùng ha 😉Giờ thì bị ba vàng mã lừa gạt úp mặt vào cầu tiêu đi Minh Hiếu ơi nhục,2
k khác dì mấy với bọn thượng đẳng hàn quốc,2
"Phố bolsa là nơi bịa đặt đồn tin thất thiệt lại có những người phét lác như trần dần thế mà vẫn có những người tin đúng là "" ngưu tầm mưu mã tầm mã""",2
Chưa được một lần xem phim trong rạp,0
như buồi thầy ạ :)),1
Đm biết ngay được mấy anh em nhật ký yêu nước tôn vinh làm idol mà :))))),2
rút con kẹc. rút rút quài,1
"GẦY lâu năm, Gầy kinh niên, ăn ngủ kém, cơ địa khó TĂNG_CÂN. Ib m tư vấn, 100%",0
Láo,1
Đọc cmt mà tức vl 🙂,1
@Khánh Linh,0
Me too :))),0
Hài vãi nằm xem mà cười lộn ruột😂😂😂,0
nhạt vl,1
"Lâm Quốc Huy đại học là oke ông , còn cấp 3 thì coi chừng thầy cô nứng :))",2
bị tam than My co giam dinh than kinh ong nay chua?,2
duma xem ghê hết cả người😅😅,1
"Còn a Việt, a Việt đang mong a Tiệp hồi âm :))",0
Ý thức còn kém hơn điểm toán của tao,1
"đéo chấp loại này vì nói gì nó cũng vậy thôi, ae kệ nó đi, chắc nó là bảo vệ ở đó đó :))",1
Bốc họ chăn gái,1
Khoa Ta trên máy bay cái điều hoà nó là vòng khí kín :))) cả máy bay thở tận phổi,0
Bạn hãy đổi tên thành hiệp đầu chó,2
Vũ Thanh Tùng lại hợp lý,0
Dm vòng 800 vòng mới ra vđề mk kêu k thjx vòng vo. Chăk k thjx vòng it,1
Chán dell muốn nói gì 😢,1
Thôi đi con đi cho nieu mày giao quá mà làm thấy mộ noi đo đi,2
Ô KÊ CHU RỜ MO là Ê CÔ CHO RỜ M...,0
Thời gian đầu đ ai chả thề non hẹn biển yêu lâu mới lộ ra ngay ý mà,1
như thế này thì đỡ làm sao đc,0
"Nhìn gần thì như thk đần, Khi thì lại gần Ôi ông Trần Dần!!!",2
Phạm Trà My lag của những đứa lag luôn🤭,0
Thấy người ta làm việc tốt thì dè biểu chúng nó k bằng súc vật,1
Anh Minh đéo hiểu sao giờ còn làm mấy cái trò trẻ trâu này,2
Đụ mé mình vừa đăng clgt.*độ said,1
Thì rõ ràng VN vô đích nên tuy sống với ô nhiễm ở mức nguy hại nhưng dân ta vẫn vui vẻ đi bão và tướng niểng bảo dân ta vẫn vô cùng thông minh đấy thôi !,2
Hiến pháp Mỹ,0
Muốn quay về lại với tuổi thơ thiệt 🙃,0
Các em nhớ subrai kênh của thầy để thầy được nút vàng trước khi đi sing về nha :))),0
Chúc mừng.Em hồ duy hải.mong sự công bằng cho em...,0
Nghe như cặv,1
Quần què là có thật à. :)))),1
"Mặt bà này là biết có dương vật ở dưới háng , mặt nhìn coi không có hậu gì hết .ăn nói như giang hồ mất dạy",2
Golden Golden bà ca ngợi tên Thuỷ Tiên bà này là Thảo Tiên liên quan gì,0
Phương Minn k nghe nổi thì out mắc cailon gì dislike🙂,2
Nè :3,0
chỉ 1 người đứng ra thì làm được gì khi mà tất cả những kẻ khác chỉ biết đứng đó nhìn xem gió thổi chiều nào ta bay theo chiều đó,1
Chán ông già vl🙂,1
"Nhung ơi là Nhung, sao mày báo đời dữ vậy Nhung...):",2
"Lít xăng, cây kẹo, gạo, nước uống ... mày đang đống thế cả đấy thằng trẩu nhi ! Nói chuyện mở mồm đéo, đm, ngứa háng - văn hóa lắm cơ.",2
"Noi nhu vay thi ban lanh ra ho tro thien tay giúp dan di.hay nhu co suc thiet phuc thi manh dan dung len kiu goi quyên gop di.neu k giúp dc thi im lang di.noi ra lam nhu gioi lam do.nhung that chat chi co cai mieng phat lac va doi tay,doi chan vo vung.song k bang con chùm.",1
Ncc,1
Rắn zovanhoa,0
Lam sao ma co the tha loi duoc cho nhung nguoi an noi vo hoc thuc nhu the nay. Bo tay.,2
Chị gặp con linh lóc chi đánh cho nó te tua ra nhé,2
10.000 tỷ = 10.000.000.000.000 Vnd .,0
Công nhân sửa chữa đường dùng máy công suất lớn thổi bụi mù mịt giữa phố_Hà nội VN mới có,1
Nguyễn Trọng Hiệp cấy tội xl,1
"Tính tạo trend , nhưng fail cmnr",1
Tyle Tyle mụ nghĩa chứ ai nữa kkk,0
Nói gì tào lao kg,1
Lỗ đít nè chơi đi,1
qua sam,1
Lao gia KHUNG tien tri cai con C.,2
"Truong Anh cả dân VN đều biết, chắc ăn gian lách được luật =)).",0
Ý tưởng mới nhưng cháy vẫn chết ngạt,0
Lmcs,2
Ảnh gốc 😂,0
Eo ơi nhìn cái mặt nó xấu mà ko giấy nào bút nào mà tả nổi . Đừng nói tới nó bẩn miệng mình . Coi nó còn tệ hơn đống phân .,2
Có 5 thằng like. Có nghĩa bên cạnh thằng óc chó có thêm 5 thằng óc như chó :)),2
Con này chắc ko dc di học,2
Càng nói càng ngu.. học bk nhìu qa đâm ra bị lú... cũng tội mà thôi cũng kệ,1
Trien tri ma cung noi troi kieu ai nay da thi cung that la mot dieu khong chap nhan duoc. Troi dau co kieu ai bao gio. Dich benh o nha thi an toan. Di ra ngoai duong tu nam tu bay la minh tu kieu minh chu troi nao ma kieu.,0
Đéo thấy thằng nào bị tử hình... vì các nghìn tỷ được bỏ túi đều... bọn này ăn nghìn tỷ chỗ này... bọn kia ăn nghìn tỷ chỗ khác... 1 thằng chết là chết cả lũ,1
Riết thấy page này xàm lồn vãi o.O Chửi thì chửi cho đúng.cái gì đáng chửi thì chửi. chứ cái vẹo gì cũng chửi.sai cũng chửi đúng cũng chửi.thành chí phèo cmnr,2
Phạm Văn Đại đjs :v,2
Thằng admin hết tin tức để đăng rồi à.đkm thì kệ mọe nó,2
chịu cứng🤣,0
Sai lầm lớn nhất của tuổi trẻ,0
"Ông im mẹ mồm đi,xl quen mồm",2
Kiều Linh yes,0
mặc cái quần giống thằng biến thái,1
Thời nay biết mặt không biết lòng thôi thì cứ để xem cho kĩ hẳn nói,0
Nhìn như con điếm vậy :)),1
Dm anh xấu vl. Mé,1
Minh Hoàng vl a t,1
Đậu Quỳnh Nhi tưởng đánh nghiêm túc gì chứ troll cũng khoe :)),0
Tôi rất đáng iu nhé,0
"Tú ông ngu suẩn nhìn mặt và thái độ sặc mùi ""âm hộ""",2
Cu Dan doi Kho. ma Tai Sao con an chan tien cua dan ngheo vay troi,1
Cất con mắt lé vào đi r nc vs chị hiếu,1
Cũg chưa biết tin ai đc m ơi =)) đồn như lời,1
Hay ho đéo j bài này. Hay lại câu like mất facebook,2
"Like 300 nhé \"")))",0
"Đm, bực bội tức tối, cay cú rồ người lên rồi mà ko dc cất lời ca, xả cơn tức thì khác éo gì ngậm .c..Ức vẫn thấy thơm,",1
Bede ha j,0
Dm đánh răng thôi nó cũng chiếm 80%,1
Tác giả đang nói thằng niễng và thằng cố vấn của nó.,2
Yêu Thầy Ba vãi cẹt 😚,1
Già mà dơ,1
con quỷ cái,2
chúng tao tuyên giáo hân hạnh tài trợ cho nas thực hiện chương trình mị dân này pew bưng bô said,2
Não chó,2
Chắc NN ghiền truyện tam quốc quá mà :)))),0
E nge noi chi cua e cua chi co hk chu chi co cai lon gi,1
Cực kỳ thuyết phục!!!,0
Ngoan quá nên là k ai chơi cùng :)),0
Lộc Thành Đặng anh ba tan xác =)))))),0
DMCSVN,2
Toi roi,0
"gã xâm lược đi xâm lược nc khác, bị chống trả thì quay ra hối lộ và lập nên cái gọi là phe đối lập hay cp bù nhìn rồi tạo nội chiến.",0
Chịu :)))),0
Thật khâm phục ông phóng viên báo Lao Động bỏ 1 tháng đi làm ngoài công trường để thu nhập tin tức !,0
lik đâu dcm,1
"Dm. T mới bị con go go nó chạy sau nó đớp b ak, gửi cho nó pit mà",1
Như này đủ tấu hài chưa thầy :Đ,0
ói hànggg =)),1
chị Hôm nay đẹp quá,0
Hóng link vào đây là em gái ngon ngọt nc,1
Mau đưa ông già về nhé :)),0
kkkk,0
Cái miệng mày chửi dẻo mỗi ngày mày khg phát ngôn từ đó là ăn khg vô phát ngôn khg ngượng miệng mày xấu mà có được nhờ ra công viên nằm ngửa,2
Ko phải là Undead nhưng tộc này là bất tử,0
Nguyễn Sơn tđn ghét thầy ba thế à mà tút cu nào cũng thấy cmt :)))),1
Huyền Khánh Phùng ơ chị mặt nhiều lớp thế 😂,2
Vl a ưi,1
Hợp lí vl =)),0
Ai cho lũ chống Tổ Quốc về nước? Bọn mày mơ...,2
Trông vừa khít lỗ đít luôn 🤦🏼‍♀️,1
dkm thằng nào sủa câu này -_-,1
Trung Trần vcc:)),1
"Cũng đồng ý vs ad nhưng bạn m từ khi tham gia và đọc từng câu từng chữ bài đăng của ad thì thay đổi hẳn,từ đứa ngoan hiền thành láo xược,có tí chuyện là chửi bới um lên,1 lol 2 lol. Buồn hẳn :'(",1
Thầy Lol bữa kêu ko reaction nữa sau vụ Hương Ly r mà😂😂,2
Trung bị dính lời nguyền :)),0
Trong lúc nước sôi lửa bỏng này mà vẫn có kẻ nhận thức kém vậy,1
Nhậu cái đm chúng mày lũ chó hại dân hại nước,2
"Bún ốc riêu cua 50k/ bát , ngõ chợ đồng xuân ngày 3 tết @@",0
"Phạm AnhQuân ae kênh chát diễn vl , k thấy câu chửi bậy nào luôn",0
PhẠm mạng m lag chứ chậm cc,1
"Mày mới gọi là nhảm đó,đồ chó đẽ",2
trán ngắn tóc dài mồm lai trung cuốc.,1
cc ne Chu Tich. Phạt tao đi.,2
cái đụ má lỗ gì mà lỗ hoài z,1
Like cho cô 👍,0
Nguyễn Hữu Nhân đớp cả của cháu. Thứ mắc dạy,2
Cực kì thuyết phục!!!,0
"Mấy em cứ quăng miếng BVS ra đây, rồi xài cái hiệu gì... Chị 3 tài trợ cho xài tới mãn kinh luôn.",1
Bả nói chuyện cười chết phải nói là có khiếu,0
Con di,2
Đẹp trai như thầy thì đ có ai mua ?,1
Ai trả biết a lắm tiền. Lắm tiền đi du lịch tha bệnh về. Chứ cứ ở quê như e chăn trâu cắt cỏ nuôi cá. Làm sao mà nhiễm bệnh đc. Bệnh Nhà Giàu là thứ bệnh mới,2
Dũng thằng xàm lol,2
Anh Tuan Tr e bé chó chứ =)),0
Nhìn ngu vcl:))),1
"Trời đất.Dân dừng xe vô tình cán vạch hoặc đi cán làn mà chỉ dừng xe nhắc nhở không xử phạt ?,sao các anh khác xa mấy con ....(định bảo con chó nhung thấy xúc phạm con chó quá) ở Hải Phòng quá vậy ?,chúng nó tìm đủ mọi cách bày binh bố trận để dân hở",1
assmin đi chơi gái bị tống à :)),1
:)) Đâu phải sự chờ đợi nào cũng vô nghĩa đâu?,0
"NHNN lại có việc , thằng Son đổi USD số lượng lớn ra tiền Việt kìa . Dân đổi 100USD thì nó đè ra phạt 90tr , thằng cán bộ đổi mấy triệu USD có khi xe chở tiền nó lùi vào tận cửa phòng khách ... Pháp luật phân biệt đối xử vcl",2
bạn hiểu như ntn là phản động ??? mà dám nói bà con biểu tình là phản động,0
Ở nghệ an . Mưa sml mấy ngày liền . Chơi nhỡi gì nựa,0
Thùy Trang đel hiểu sao có người khen hay,1
"@Quốc Bảo Lưu lên phường làm việc là biết liền nha, đôi co ở đây chi cho mệt =]]",0
dây phải tao,0
Đéo biết m nổi tiếng như nào nhưng thái độ m đáng tử hình,2
Chửi nghe k kịp luôn.kk,0
"Gio lên nói cho thiên ha biết 3 vàng mả nó lừa gat la dc roi, con chuoi chi nua mang khẩu nghiêp",0
Cực kỳ con cec,0
Ghép cl nhé,1
khôn thế thầy lòn :)),2
vcl “đợi không mất thời gian” =))))))))) đme cười ị,1
Con hóng gần chết luôn hay quá cô ơi con hóng phần 13 🤣,0
Là sv hay người ?,1
Vl soái ca,1
"Tưởng thế là hay, lớn r à không! Già r mà k biết suy nghĩ gì hết",1
Nói gì tào lao kg,1
Dubai mà coi cái bảng giá này là dội hàng liền... chiếc hyundai i20 bên Ân độ bán $9000 về Vn gần 650 triệu ...! Mua 1 chiec xe là cúng cho chúng nó hơn 1 chiếc xe.. kn thật,0
thằng tập cận bình mà vào quán này ăn bảo đảm mai quán này dẹp chắc,2
Đúng thực sự😂,0
Dlv mất dại,2
Các cậu đéo đi học à 🤦‍♀️,2
Nguyễn Thị Duyên xin link pim,0
Tóc vậy gội khi nào mới hết lọ này thầy be,0
"Xích cổ cách ly ngoài rừng cho hợp với không khí nó cần,thag ml",2
Cáu vl,1
"lũ bò tin rằng coi pháo bông tốt hơn xây tượng đài...rồi xem bóng đá lại hừng hực khí thế hưng phấn hơn gấp mấy lần pháo bông .... cuối cùng thì lôi thằng "" nát"" ngây ngô vào chơi đồ ...xong cả đám cười ngặt ngẹo happy vãi nồi ! đất nước lạc quan lạ cmn lùng ...",2
Vãi cả nguyễn thị tươi khắm àh nhầm tươi thắm 😂😂😂,2
Tiến Đạt Phạm rèn luyện tay nghề đến đâu rồi em,0
Cũng may là nữa đêm chứ ngay giờ cao điểm thì rút kinh nghiệm ngu cmn người :v,1
Khói dm giốg vãi loz khác mỗi cái mặt,1
Hay lắm anh Trung Quảng Cáo,0
ngu thì nhận đi abe,2
Ông Trần dần chữa bệnh covi ở việt nam mới về đó âm tính rồi chúc mừng chú,0
Lý Thành Công 4 tuần rồiiiii,0
"nghèo khổ có giúp gì được người ta k mà đào mồ cuốc mả hộ vậy? ác nghiệp ,khẩu nghiệp mày",2
Một thời nông nổi 🤣,0
"Nguyên nhân chỉnh sửa chữ bố láo gây nhầm lần hiểu nhầm,số thứ tự gây xáo trộn mất thời gian vào những việc vô ích, còn gọi ruồi bu,suy ra độc tài là những kẻ ăn cắp thời gian láo nếu nhất gốc vẫn là cái búa liềm ám dân tộc ,triệu hồi hitler sống dậy...😅",2
Đéo 🤣,1
toang thật 🤣,0
Ở với + sản..bạn đấu tranh họ cho bạn là phản động...khi + sản sai...nó sẽ rút kinh nghiệm..đậu xanh rau muống..,2
"Nếu vậy thì mấy ông CSGT ra đường làm gì cho ""bẩn áo"". Mấy ông mà mà người xấu hết thù ở nhà là xong. Có thế một phát là VN lại ""một ngày đi một trung đội"" như năm nào...",0
Tất cả là từ ý thức như đb của mấy người này mà ra thôi.,2
Vâng abe luôn đẹp trai,0
"Ko dám nói to đâu, nhưng mình cứ liên tưởng đến Nhà nước hồi giáo tự xưng IS. Tụi mà chuyên đi khủng bố thưởng dân ấy...:v",2
Huế Đêm trung thu em xách lồn đi chơi :v,1
Như theo niềm tin của người Nam Bộ á có con chó vào nhà niềm lành,0
cầu mong mọi người bình an mau hết bệnh. Hãy bảo vệ bản thân tốt nhé 😣,0
Lại mọc thêm 1 trang của viẹt tân ag. Đkm bọn chó đẻ,2
Ra khỏi chỗ cách ly rồi lấy đốg gạch🧱🧱 từ dư luận về xây biệt thự ở cho bớt ngột ngạt,1
Lên video để quảng cáo thẩm mỹ viện hả úi giời ơi ai muốn đẹp thì để cho người ta tự đi tìm chứ ma ma ơi,0
Quỳnh Sên e đẹp xinh ko cần son phấn,0
HN Thu Nguyên mấy thằng nhơ bẩn cả nc vn,2
Hot cmt,0
Yêu thật sự =)),0
Đm thiên tai cũng đổ do cộng sản =))),1
Biển số xe là 29 kìa :)))),0
Coi chừng bị nghiệp quật,1
ああ、王子様、妹を許してください、彼女は呪われています...歌を歌っていたのは私でした...彼女は十分に困っています、悪化させないでください。,0
Muốn phòng chống thì phải viết sách nghen😂,0
rì ắc sờn kenny you abe ơi :)).,0
Đây là bạn thân của vũ khắc tiệp mọi ngừoi ạ.nên ý thức nó cũng y vậy,2
Sàm lồn,1
Nguyễn Duy Hùng quá nhanh quá nguy hiểm 😇😇,0
Bắt được đừng chữa nhốt vào cho chết luôn...loại này đừng để đẻ trứng!!!,2
Đó là sự thật mà chẳng ai nói lên không biết bao giờ chế độ độc tài này mới sập em mong từng ngày,2
Đkm chúng nó bán hết rồi còn đâu mà của mình,1
"Vcl tự nhiên chửi người khác ngu rồi đem trường hợp ngu của nó ra ví dụ! Đụ mẹ thằng ""lỏng bao"" dành hết phần ngu người khác! Não teo rồi hoá chó à",2
Nhìn phản cảm vl :(,1
"còn nhớ vụ gài đổi 100usd để "" tịch thu "" cả tiệm vàng nhà người ta năm 2014 ! làm cho những ai biết chuyện đều liên tưởng đến chiến dịch đánh tư sản X1,X2,X3 của ông nào đó ko đáng nhớ...",1
Thật ra thì nộp bhxh cũg tốt. Người lđ chỉ nộp 1 ít còn phần nhiều vẫn là doanh nghiệp nộp. Cái vđề ở đây lq sự khác nhau về luật pháp giữa các nc dẫn tới việc các dn nc ngoài họ có chịu nộp k thôi,0
Bò đỏ khá cay trước thắng lợi của dân Hongkong,2
nứng nứng hóa,1
ngoan đi em thương,0
"Thầy bói Ba cl gì gì vậy thầy, đem con susan ra thế giới à",2
":D Em hnay mới biết đến page, à may thay đọc được bài ghim này, càm thấy là cần phải like page ngay và luôn :))). Và có 1 điều e thắc mắc mong ad có thể tl dùm ạ : CÁC AD CHỦ YẾU LÀ GÁI HAY TRAI Ạ? Em xin hết.",0
Noi chuyen tao lai nguoi ta hoi ong mot duong ong tra loi mot neo tao Lao,2
Đinh Nguyễn Vươn Anh Tuan,0
Mệt chả buồn giải thích nữa,0
"sông cửu long thì bọn cẩu nó ngăn nước đầu nguồn , giờ miền trung thì xả chất độc :( chả có cái gì bọn cẩu này ko làm đc",2
@Đầu Bò TV nó điên á,2
"Về Việt Nam đi bác Dần, Sắp về với đất mẹ rồi thì lúc nằm xuống cũng phải ngửi mùi đất mẹ, để đất mẹ ôm vào lòng. Đừng nằm trên đất khách quê người, lạnh lẽo lắm, cô đớn lắm",0
"Lít xăng, cây kẹo, gạo, nước uống ... mày đang đống thế cả đấy thằng trẩu nhi ! Nói chuyện mở mồm đéo, đm, ngứa háng - văn hóa lắm cơ.",2
Nghe chị nói ko .đéo thấy lol gì .,1
Mes ddocj muoons sangr ddm,1
Hoang mang vailunnn,1
ảnh hưởng cái cc gì. dm chúng nó bán cmnr,2
"Cm nó 50 ,k",1
Huyền Khánh Phùng chuẩn luôn chị ơi hahaa,0
Chỉ sợ thứ óc chó ngu hết phần chó như này,2
Đkm chúng nó bán hết rồi còn đâu mà của mình,1
Tưởng khỉ 🐒 muốn chịt lúc nào cũng được chứ - hè với đông cũng chịt chịt đụ đụ với nhau đúng khung giờ bố đi nhậu,2
Anh hùng đây rồi,0
Mồ tổ cha mày chứ ko tưởng nhớ. Mày ko biết xem tin tức ak,2
cay thực sự =)))),0
Ai cho t biết nhạc n ntn k 🤦‍♀️,0
Lâu lắm mới thấy ad đăng bài đáng đọc,0
Đệt cmm 😃,1
lịt pẹ vỗ tay 👏👏,1
Tr ơi !hãy uống nữa đi cho một giọt nước đái nghe đắng cay trong quần,1
Kem đánh răng ông giáo ạ :>,0
Nói dân trí thấp lại tự ái,1
Oh shjt,1
"Hien Tran Ngoc Bich, Hiep Tranhoa xem có bó tay không nè trời.",1
"nó xạo lồn , thèm chém chết mẹ nó",1
Nguyễn Hoàng Sâm lồnnn Sâm,2
nhanh chóng vãi lồng ! cá chết 3 tuần mới xách đít đi lấy mẫu !,1
Nghe chị nói ko .đéo thấy lol gì .,1
Nghe rất độ mixi nhưng lại là tung sỏi,0
"nên cho mấy lãnh đạo già về nghỉ hưu được rồi , đem mấy cái tư tưởng trước 1975 về nghỉ hưu chung luôn.",2
Chứ còn mẹ gì nữa . . . Câu view trắng trợn,1
Mất trinh =)))),1
Ơn trời. Idol vẫn khỏe,0
Dân lưu vong vào sủa đi kìa =))),2
"Chuyện bình thường như cân đường hộp sữa ở thiên đường này.Các vị nghĩ chúng nó ăn như thế đã là ác độc lắm rồi à.Chưa đâu,nó ăn những cái mà quý vị còn chưa thấy kìa.Không từ bất cứ một thủ đoạn nào,ăn không từ một cái gì.Ăn trên xương máu,trên đầu tr",2
Nứng quá abe oi chơi e đi abe 😚😚😚,1
Chán đéo nói nỗi 🤣🤣,1
Em sẽ đến đơm cái lỗ nhị thầy đêm giáng sinh🙃,2
Đéo cho thì nói ki bo cho rồi thì soi này soi nọ . Thế mày muốn chúng nó sống sao . Miệng chó ko mọc đk ngày voi cứt j củng phun ra đk,2
Hanh Viet tất cả những lập luận viết sai chính tả đều như l,1
Bạn nữ nào âm đạo dãn rộng thâm đen,1
Giờ này chắc con mụ này nhục lắm đây.,1
Phi Quý dầu thơm mùi nhức đầu chết mẹ =)),1
Toàn giáo án máu lồn chảy ngược,1
Nhà tài trợ giấu mặt đã ủng hộ cho RF mua bo trong game đấu này <3,0
Em tham gia cho vui. Chứ em k có PC. Em may mắn với con số 16 lắm. Mấy lần give đc số 16 mà quên share công khai 🤣,0
"đù cái bọn DLV lại được dịp vào ""như này mà đòi biểu tình đòi cá"". cái dm bọn này éo thấy nhục x2 thì thôi chứ, éo thể nào tả được :))",2
Mày đéo xứng đáng làm người dân nam định,2
Thâm vl bạn ơi,1
Mồm loz adm ns ngu bm.,2
Bông ko ra bông trái ko ra trái...âm binh,1
ạc đó dính ạc lq vip vãi lồn ra,1
Ai yêu thắm thì phải mang thắm đi khắp nơi chứ. Nhận in ốp cho mọi dòng máy (2D 3D silicon) và silicon iphone có sẵn. Liên hệ fb em hoặc insta _the.case để xem thêm nhiều mẫu nháaaa ❤️😘,0
Chứ còn mẹ gì nữa . . . Câu view trắng trợn,1
Cần đéo j quan tâm miệng đời,1
@Le Dat tr tr khi mình muốn tán mà có đứa thả thính gắt hơn hahah,0
Ng Văn Duy cút chỗ này đéo có loại người như m địt mẹ mày,2
đkm dơ vc,1
Hải Yến tỏ ra thượng đẳng đ gì :)))) đhs t k care lắm ạ đcm đ ai hỏi ý kiến m,2
KHON NAN,1
30p rồi kêu chậm cái dmm,1
"Ô có tiên tri khi nào hết dịch Corona,và khi nào ông chết không?hay chỉ nói xàm và xạo",2
"ntn andy mmmmnnnnnnnnnnnnnnjnn!!!! ! $?,, &?,,'xmcx'cn ' nn v ckdkxkzkxkpjkohjcjjvjvnvmnkkkkkkknnnnnloolppl",0
Hít hết mẹ r còn đâu :))))),1
Nhìn là biết xạo lồn rồi.. hình như đàn ông mà,2
Chrissy Ho thiệt là ko bit kiềm chế j trơn trọi :)),0
Cái lôz,1
Cứ như thế này thì duyệt mẹ đi cho nhanh 😀,1
Cần đéo j quan tâm miệng đời,1
Đụ con đĩ mẹ chúng m đừng có nhai đi nhai lại đc k? Con người chứ có phải con trâu con bò đâu mà có cái câu nhai mãi mà chả có cái ý nghĩa con cặc gì cả,2
"Hôm nay sinh nhật em, ai chúc mừng sinh nhật em đi ạ",0
bức xúc đỏ mặt,1
Chó để con linh cá lóc,2
Ditme nẫu ruộttt,1
có cái ngu nào bằng cái ngu này?? làm việc thì cũng phải có chừng mực thôi!,1
- là lỗi của chị Nhung nữa :<,2
Khiếp cái quả mồm của ông đấy chắc huyền thoại cmnr 😂😂,1
Đời đôi khi nó vãi lồn lắm các ông ạ :(,1
ĐÃ BÊ ĐÊ RỒI CÒN BỊ BỆNH XẠO LỒN,2
Thâm vl bạn ơi,1
"Trần Vỹ không biết nhục mới đi đạo nhái, những thằng fan là nhục gấp đôi vì hâm mộ thằng đạo chất xám của ng khác",2
nghe tới bạn bè óc nổi cục ... ớn xạo lol hok hà .. thứ ăn cháo đá bát em thấy nhiều chị ơi ...bớt giận bớt giận 🤫,2
Có ai là quan chức mad ko lạm quyền đâu,2
M cầm đầu đi ad,0
Nguyễn Hạnh tiền nhiều để làm gì?? Để đi mang dịch về cho đất nước :((,1
Nguyễn Châu Gia Bảo giờ có cho vé free tui củng méo đi đâu hết tụi này bị điên hay gì á chứ ng thường ai mà ngu động trời như vậy.,2
Lát try hard đi abe sẵn kể tụi em nghe luôn dấu bé 3,0
Ước gì sự giàu có tỷ lệ thuận với ý thức của Nhung.,2
Cai miệng nói không sợ bị hậu quả,1
Đm ads phản động nhé !! Các bạn Cơm Sườn đói là thích các bạn ấy làm thôi :3,2
Vcl lag nó thấy thì nó chụp liền chứ vừa thấy chưa kịp chụp đã 2k 3k like,1
Già đầu mà non quá :)))),2
Yêu cô tui kkk,0
"Công cha như núi thái sơn, nghĩa mẹ như nước trong nguồn chảy ra, rảnh về phụ mẹ giúp cha, cực kì thuyết phục mả cha chúng mày =)))))",1
Con nay ko co an hoc nen moi co hanh dong nhu the.de nguoi ta chua minh ko nhuc a,2
Đ**,1
Ủa rồi nhiều tiền để mang dịch về hay gì,1
Vũ Mai Ly ui thật á,0
Dương Hiếu Dcm,1
Vũ KHẤC Tiệp,2
cái mỏ l*n trong làng hài khẩu nghiệp!,1
":)) vấn đề sang đấy làm đc cơm cháo gì hay lại ăn bám trợ cấp, làm nail với culi như cái đám đu càng thọt mà ra rả kêu gửi tiền về nước nghe to tát quá hihi",2
anh nghĩ sao về việc có thêm vợ bé :v,0
nghe quả nhạc dạo đầu ám ảnh vl anh ạ:>> mất ngủ là có thật🤦🏻‍♀️,1
thành phần thối nát,1
Duoc tien minh hieu con đy me,1
Bị bệnh bên Anh sao lại cho nhập cảnh vào VN,0
Đẹp mà ý thức như cc thì vứt 😁😁😁,1
Trả lại để ông khác còn ăn chứ chia sẻ cho nhau là hp mà dis@@,1
"nó xạo lồn , thèm chém chết mẹ nó",1
Nghe chị nói ko .đéo thấy lol gì .,1
Cách phân biệt thằng ngu ba gà và ba vi thì đúng hơn đó thầy,2
Cô My ơi ở lại với e đi :)) kệ mẹ thg lozzzz ba gà :)))),2
Đình Quang xạo l z pa,2
"Mấy thằng thằng bóng lộn xàm lòn,",2
"Một baì viết phân tich́ và đánh giá có cơ sở rõ rang .Đanh theṕ cho lẽ phải ,sự thật .nhưng rõ rang hơn là Lưư manh coi thương mang ̣sống cuả đồng loại .ko đử tư cách và ko thể biện minh đc TỘI PHẠM NGUYÊN HÌNH VÀ CÓ TỔ CHỨC .XIN CẢM ƠN TG.",1
Đm. Rửa tiền phong cách COCC,1
"Lũ CS đúng là một lũ súc sinh ác độc hơn lũ ngạ quỹ, một lũ người khg có chút nhân tính, quá tàn độc khg biết phải dùng từ gì đễ mô tả cho lũ này! Bất luận thế nào thì cũng có ngày bọn súc vật này cũng phãi đền tội và kết thúc trong đau đớn hơn nhửng gì mà bọn mọi rợ này đả gây ra trong một ngày gần đây....",2
Con cháu Bec và Đảng cộng sản quang vinh muôn năm...🤣🤣🤣,2
Ông Trần Dần nói đúng đấy! Tôi cũng đang nghĩ như ông là Trung Quốc sẽ trả giá rất đắt đối với Mỹ và đồng minh sau vụ đại nạn corona virus này.,0
CÔN ĐỒ CỤC SÚC VÔ NHÂN TÍNH ĐỀ NGHI VN. NHÀ NƯỚC VN BAN THƯỞNG.,2
Sao kh đóng cm nó cửa khẩu đi nhỉ. Cứ cho mấy con mẹ đi lông nhông từ nước này sang nước khác rồi về VN lây lan bệnh đéo chịu cách ly.rồi chẳng bao lâu thành ổ,2
"Ý chúng nó nói ở đây là nên im lặng và tìm hiểu rõ nguyên nhân , như cư dân mạng ở miền bắc , miền nam , và ở nước ngoài chắc phải bay tận về hà tĩnh tìm hiểu rồi mới được đăng stt chắc :) đúng là cái chế độ này càng ngày càng thối nát, cơ quan báo chí tuyên truyền tung hô toàn cái đéo gì ấy đm chắc ko nói gì là ỉm đi vụ formosa luôn đấy",2
Lê Thành Trung học trò lồn 🙂,2
Chỉ muốn ad chửi chết tổ bọn chó chít này đi 😋😋😋😋,2
Dở hơi đeso chịu đc,1
"Thầy live ở đâu vậy thầy , em mún donet cho thầy hmmm",0
Má,1
t thấy không hay dở hơn các bài trước,0
Lỗ llon mà sao ai cũng thich chui vô đó làm mà kg đc vậy ta,1
Nó đéo phải như trong phim mà còn phải đợi xem xét tình cảm như thế nào đây là ngoài đời nhá đợi đợi ccc,1
Kathleen Nguyen đừng đi grab nha má,0
Ghê... Con bú trên bố bú dưới ::::)),1
"Ở Mỹ cầm bảng ""Trump is Putin's puppet"" chẳng sao nhỉ. Ở VN mà cầm bảng ""Lú là con rối của Tập"", sẽ bị tống vô tù vì tội .... tiết lộ bí mật quốc gia haha :))",2
Bà bị nhiễm là đúng thôi chẳng có gì là lạ đất nước bà là thánh sống nên coi thường đại dịch mà cả thế giới đang lao đao chống trả . Kỳ thị khi đeo khẩu trang xem như một bệnh cúm bình thường khi nào chết mới trắng mắt ra đúng là ( nước đến trôn l ... mới nhảy),2
Tưởng k có tuổi vs vong ba gà,2
Cuối năm xem gặp nhau cuối năm rồi. Tình hình tham nhũng ở mức ổn định 😂😂😂😂😂😂,2
Nguyễn Thịnh quá đáng,0
😥😢,0
ホアン ラム・ m ko tin akhah ??,0
"chửi cái qq gì, ko làm đúng quy trình thì bị loại đúng rồi",1
Lão Tập qua đây chả ai quan tâm. Dân còn biểu tình phản đối,2
Ma no,1
"Thương anh í quá, sao chính quyền không cho ông cách ly ở nhà tang lễ cho tiện nhang đèn, hòm gỗ kèm nến lung linh cho ấm áp!",2
De nhi nha nuoc Tim cach tran tri,0
Mặt như v sao dám khẩu nghiệp nữa,0
Trần Đồng Phát Trần I Surrender :)),0
Mất văn hóa..mặc vậy bó tay.....cơm. phong cách như cc người ta.😋😋😋,1
Bong gia xam lol qua,2
Tiên tri? Tao lao,1
Về nhà gill ơi,0
hỏi ngu xíu: tiền môi trường làm sao cản đc UV từ mặt trời chiếu xuống? e ko biết thật! e chấp nhận nge chửi để khôn ra :D,0
đây là aba sao khi già,0
"@Dad ‘S - ""Mỹ ác hơn tàu chứ bạn ơi"" Tàu ác hơn Mỹ trăm lần chứ bạn ơi - ""có lẽ bạn kg biết lịch sử chính phủ Mỹ ...."" Có lẽ bạn không biết lịch sử tàu luôn luôn muốn nuốt chửng nước Việt ta qua mộng bành trướng không ngơi nghỉ. - ""nó gian tiếp kg trực tiếp như Trung Quốc ...""",2
Xau cai mieng nhu cai lon nguoi ta cco thang,1
Cho hỏi tôi đang xem j vậy,0
Chào abe nhaa,0
Ông cóc nào chế hình độc thật...,0
Hải Đăng t gọi tường gió oánh bỏ mịa bây giờ :((,2
"Ở nhà giúp mẹ giúp cha , cực kì thuyết phục mã cha chúng mày",2
Nhìn mặt k co tí gì gọi là phúc hậu...ác khẩu,1
Lê Quang Trường đi ko,0
Bo Tay . Com,1
"cầu anh Dần không bịnh,nhưng mong muốn ngu kỉ và trần nhật gió dịch covit 19 nặng à nha để bolsa được sạch.....he he he",0
dừng là đúng a ơi 😆😆 dừng luôn đi cũng được,0
Anh Trung bóng lộn sa đéc,2
nhiều khi kg muốn ki thị bon bê đê đâu nhưng nhìn bọn này kg ki thị cũng kg được.,2
Xờ lờ quá,1
😘😘😘,0
Giờ này chắc con mụ này nhục lắm đây.,1
Chứ không phải lúc trước đi ra ngân hàng nói chị Ba gửi tiền về cái mặt lên như bà khùng ha 😉Giờ thì bị ba vàng mã lừa gạt úp mặt vào cầu tiêu đi Minh Hiếu ơi nhục,2
Đem lại tiếng cười... ???? Toàn post bài hãm lồn mới đáng cười :))))))))),1
"Công cha như núi thái sơn, nghĩa mẹ như nước trong nguồn chảy ra, rảnh về phụ mẹ giúp cha, cực kì thuyết phục mả cha chúng mày =)))))",1
nhanh chóng vãi lồng ! cá chết 3 tuần mới xách đít đi lấy mẫu !,1
"Lúc nó nói câu đó muốn xỉu á, muốn dô hai chai nước biển",0
"báo viết tiếu thấy moẹ ! 2 thằng kia nó không bỏ phong bì 1tr usd cho mấy thằng duyệt thầu thì đúng hơn ! làm việc với mấy thằng đuỹ xứ lừa mà thiếu ""bôi trơn"" là không thông được chúng nó đâu !",2
Nói chuyện dễ thương quá...có suy nghĩ chứ ko phải miệng nhanh hơn não như ai kia...mặc dù có chửi bậy nhưng vui mà 🤣🤣🤣,0
Thật chán với chế độ quản lý dân sinh,2
"Lấy thẻ đảng làm kon mẹ zì trời ? Miếng giấy lộn mà cũng gạt đc người, còn cảnh cáo nữa chứ",1
Câu nói văn chương,0
Ý tưởng và ảnh bới Kanny Nguyen (,0
Nhật TùNg r xong sản sủa,2
Cô Minh Hiếu duyên dáng dễ sợ,0
Đéo còn nời lào để lói,1
"Ngụy...là khi chúng mày đói rét, không nơi nương tựa. Chúng mày núp dưới đáy quần của bà Cát Hanh Long, hả miệng chó ra nhận từng chén cơm của bà ta. Khi chúng mày nắm được quyền lực thì đem người ta ra bắn. Chúng mày thua loài súc sinh!",2
i love 3000 cô ❤,0
Vl anh em nhà ông độ đông thế cơ à =)) giống nhau y sì,1
Bọn cấp cao nó bắt đi chứ có muốn đi đâu sợ bỏ mẹ ra,2
Lê Phương Linh liều. Vé cao chết mẹ,1
Thật nực cười sai phạm tày trời vẩn leo cao đến chóp bu chỉ đến khi muốn hạ bệ nhau thì tội trạng mới đc lôi ra xử lý . Thiệt hại cho ND hàng bao ngàn tỉ rồi lại chỉ cảnh cáo cắt chức về vườn an toàn thế là xong .!!! Chế độ này chúng chỉ nhân đạo với bọn q chức cs ...???,2
xạo vl,1
Anh Minh chậm cdmm,2
Bán online 10 năm mà đm đạo đức kém vc boom hàng chết mẹ nó đi mng ơi :)),2
Chị kêu cá lóc nhẹ lắm. Chị phải kêu linh cá tra mới hộp với cái miệng hô của nó...kkkk.,2
Giờ là tới lúc bọn chúng trả thù người biểu tình,2
lik đâu dcm,1
Sống như lồn ok,1
Clm :))))) Trí Xuân,1
Phạm Văn Lộc ước đc a add,0
"Đừng lôi mẹ người ta vào, tao địt vào miệng mày Vũ Long Bảo cấm lôi fụ huynh vào nha ^_^",2
"Ôi vẽ chuyện, kiểu của bọn này lúc nào chẳng vậy. Phát ngôn ngáo để tăng độ nổi thêm chút, hôm sau xin lỗi để mn bỏ qua, nhưng nổi tiếng thì giữ lại. Lợi như thế cơ mà",2
Như có bác Sèo trong ngày vui đại thắng .,2
"vẫn biết là cái gì cũng không thể tuyệt đối được , nhưng nói như vậy hoá ra người ta mổ chết là do thiếu may mắn à . địt mịa chúng nó nữa , làm đéo có trách nhiện gì cả , mổ thì chết người , tiêm phòng trẻ em cũng vậy . ... định trốn tránh trách nhiệm đến bao giờ . bảo sao người nhà hành hung bác sĩ . làm ăn tắc trách vậy bố thằng nào chịu được",2
Dm con bóng muộn màng nhìn gốm vkl,2
Có ai đi xem phim này vs tớ k:)))),0
Bé Ba vailone:))),2
Dm bọn Việt tân nhé,2
Mất văn hóa..mặc vậy bó tay.....cơm. phong cách như cc người ta.😋😋😋,1
Chi ba co căt cho gi khoe khoang sao lôn,2
"Bạn nói chỉ dc cái đúng, like phát đéo biết mai có bị bọn nó đưa vào tội gì ko.",1
Phạm Xuân Huy không có ý gì nhưng cái nào nhìn cũng trẩu vl 😆😂,1
abe dạo này nóng quá à hoong quạo nha abe . số abe nó mở ra zị thôi chửi cc nè abe,1
e sẽ và luôn luôn như vậy:((,0
Sdt em 0866116247,0
"Vao dip sap NoeL nguoi Ta thuong chuc nhau Merry Christmas,hay Ta thuong nghe Cau hat : Vinh danh Thien Chua tren troi ,Binh an duoi the cho nguoi THIEN TAM ,nhung nhin bon nay ,thi Ai cung co cam giac nhu mot bon luu manh dung duong ,nguoi tot thi net",2
GAM thua cái củ cặc nhé !!,2
rút con kẹc. rút rút quài,1
Thành Học oke chiều xuống =)))),0
Hoangg An ôi nhìn con phò sena mà xem 🤨 đau hết cả mắt,2
From hcm with love top trending,0
Đang lúc dầu sôi lửa bỏng bay kiếm clmn hay gì á rồi đem bênh về đây cho nhà nước nuôi tốn cơm tốn gạo,1
Cuối năm xem gặp nhau cuối năm rồi. Tình hình tham nhũng ở mức ổn định 😂😂😂😂😂😂,2
Mình mua chai 300k ve sịt nhứ cái quần què thấy mình ngu ghê luôn,1
Nhìn em cười thế này thì là iz rồi anh ạ :)),0
"Thật ra thì nó đéo thích là đéo bh thích đâu chỉ là đợi đợi xem có cái kèo mới ngon hơn , thơm hơn không thoi còn không có thì vẫn có 1 thằng ngu cứ ngồi đó đợi mình , qt , lo lắng dại đéo gì mà nói ra cho nó biết mình là nó không thích mình lỡ mình bỏ đi thì toi , gọi là bỏ thì tiếc mà đéo muốn lấy . Món đấy dai nhai tốn thời gian lắm tốt nhất vứt mẹ đi kiếm món mới cho lành :)))))",1
Ngộ l ghê ta ơi,1
Đeo hieu kieu gi,1
Vl sam,1
"Huỳnh Hòa ông Quang phông bạt vào đây tán con Thốn mặt lằm rõ ràng kìa bạn, giờ sao? Chơi hay nghỉ? Ks thế lồn nào lại dc với ca sĩ đây :'(",2
Càng tàn ác thì vạch áo cho dân xem lưng,1
Nguyên Xuân gớt nước mắt,0
Sự kiện cc gì đc 2 tuần,1
1tr súp rồi nhớ giữ lời hứa năm xưa nha thầy,0
Biệt danh ml,1
Sống chậm thôi ông ơi,0
Yêu lại người yêu cũ cũng giống như đọc lại 1 cuốn sách... cảm súc có thể khác nhau. Nhưng đều có 1 kết thúc.,0
Nhìn mặt thầy cam chịu quá,0
Cười sml,0
Sửa ngay là quản lí page,0
éo thèm nhé =)),1
Câu cữa miệng đụ má nó 😁,1
BaLight Liên Minh susan hay hơn 😂,0
Luôn ủng hộ những nhà báo đăng tin minh bạch không khoan nhượng như vậy,0
Vl,1
Quần què là có thật à. :)))),1
😮,0
Kristen Stewart mà đóng vai chính thì tao thấy phim sẽ chẳng có ji là hay lắm 🙁,0
Sao cai mieng no xau du vay.,2
cũng muốn mang tiếng Dân Làm Việt lắm mà hôk được,2
🤣🤣🤣🤣🤣🤣,0
"Helo các chú , hôm nay cháu sẽ review ông già của cháu nhé :))",0
"Không ăn thì bạn cũng không có quyền cấm và chửi người khác đâu ạ, thượng đẳng ít thôi",2
cái mỏ l*n trong làng hài khẩu nghiệp!,1
Ông còn khỏe mạnh lắm. Chúc ông luôn có những thông linh hiệu ứng và tiên tri chính xác.,0
Chó má,1
Haiz,0
Cái này gọi là si đa mà xong pha đi hiến máu :)),1
nhin`nha` que vl 😒,1
Bây giờ nước mỹ toang. Ko thấy bọn 3/// nổ và chém nữa ta.,2
Mang tiếng fan cứng đăng nhưng đéo đc duyệt 🙂,1
mấy cái thứ bắt chước trộm hình của người khác như mày muôn đời nát. Kinh tởm. Người ta đăng từ hôm qua thì mày ăn cắp hình rồi comment lại câu view hả mày? Tưởng vậy hay ho nhưng ko ai ngu như mày để mày qua mặt đâu.,2
Giống như tú cho abe blu,0
"nước sông chảy mạnh, quá nguy hiểm, cầu cho các bé luôn bình an",0
Tại bọn lính cả,2
"Tôi cũng vây ,,,nói ko với tân hiệp phát",0
Ko giống con giáp nào,1
Nói mấy người nghèo cho chết đói. V trc đó gửi đồ về cho minh hiếu làm từ thiện dell gì,1
"Thời nhỏ tuy có thiếu thốn mọi thứ thật, nhưng đc cái ăn gì cũng sạch! Con người thật thà chứ không gian manh xảo trá như bây giờ! 😬😬😬",1
Phạm Văn Lộc fuho trời nắng chóng mặt hả idol,0
Ngủ cho khoẻ :)),0
Loanh quanh đằng đít lại đằng đầu . Vẫn là một lũ xạo loz với nhau . Giờ khó kiếm ăn quay Ra cắn xé,2
"coi như xong các cầu thủ không nên vui mừng quá sớm không khéo lại xôi hỏng bỏng không (lũ chúng nó tiền của nạn nhân chất độc da cam,trẻ em tàn tật,đồng bào lũ lụt,tiền trợ cấp xh",2
Tùngg Ngố cl,1
Minh mẫn vcl,1
"Nam Bắc gì, cứ nói tới người Việt + là ko chỉ thế giới mà chính ""đồng bào"" ta cũng nổi hết da gà! Từ xấu hổ đâu đủ để diễn tả! Đã có hiện tượng lãng xa đồng hương và ko nhận mình là người Việt + trong giao tiếp xã hội khi đi nước ngoài! Dính nhiễm loại virus + này là HẾT THUỐC CHỮA! Than ôi!",2
Thời lồn nào rồi mà còn mị nhau như vậy,1
no noi dua` may dua bay tuong thiet a` :)),0
Sao cái huy hiệu thần binh bữa thầy kêu nhận h vẫn ko có trong game vạy,0
Minh Nhật éo chết vì dịch chết vì nổ đt🤣🤣🤣🤣🤣🤣,1
Nghe như cặv,1
"Bảo quản không đúng quy trình,còn đi kiện họ.Phạt cho thấy mẹ ra.Thử hỏi mua nước về,để trong khó nhiệt dô quá cao,độ ẩm quá lớn thì hỏi chất lượng nào chiệu nổi.""Thông minh tý đi bà con ơi""",2
Đúng kiểu dùng hàu biển OB có khác\\,0
hahahaha câu chuyện buồi cười vl cảm ơn ad có câu chuyện hài hay thế nhé :3,0
Quả nhạc thốn đcđ,1
dân có ai chọn chắc thần kinh có vấn đề,1
"Kết quả từ sự lãnh đạo của đả: tham nhũng tràn lan nên mới gây ra đại họa này ( làm đường thì bớt vật liệu chất lượng kém, lái xe thì mua bằng , chạy quá tốc độ thì đã được chó vàng bảo kê khi đã nộp mãi lộ, đăng kiểm thì kiểm tra bằng tiền .....)đmcs",2
Bảo xuyên ơi nhìn em rưng rưng nước đái .hahaha,1
buồn nôn quá nè anh ơi :)),2
người làm thầy 3 + sena + petlan và bố già kalista thua mấy ngày nay,0
ui dyt mẹ dân còng lưng ra gánh.thuê đánh x2 .đéo mẹ Đổi Mới Cuộc Sống,1
mày biết củ cặc hong :v,1
Đúng tính cách a ấy luôn bây ơi. Loài hợp quần,2
Chị nc có duyên quá chòi kaka,0
Nghe một hồi xong vẫn đ hiểu phụ nữ cần cc gì :((((,1
clm oke abe,1
Hợp lý anh ưiii:)),0
Ăn mặc riết không ra gì,1
mấy cái hội phụ nữ đông lào chả được tích sự gì nhỉ ! nam đá bóng thì thể thao là yêu nước còn nữ thì không ah ?,2
"Đù dại ghê, bọn đấy ngày nào nó cũng lên Phường xiên cho nó 1 cái, đuợc tiếng luôn, vào khám mấy anh chị cũng thương, xiên hết mọi thằng trên Phường luôn cho nó Sum",1
Điên,1
Đinhh Thị Hoàii Thuu ngủ mẹ m đi,1
Dũng Nguyen có khi nào cũng là admin ở đây,0
Em tin thầy sẽ làm đc,0
Ông Thầy này muốn ngủ gầm cầu lắm rồy nè !!!!!!,2
Xaolonnnnnnnnn=))),1
30p rồi kêu chậm cái dmm,1
lớn mấy tuổi đầu rồi nói cho như thằng ko não ??? Vẫn cố làm trò ngu si của mik để câu view ??? Não cá vàng éo hiểu sao đc lm youtuber :)) bệnh hoạn vkl chửi cho càng bị bệnh nặng :)),2
Petland ghép vào con gà là hơi sai nha,0
Ở vn ngày nay có một rừng luật nhưng bọn vc chuyên sài luật rừng !,2
"😂😂😂 coi buồn cười ghê, cô Minh Hiếu tiếu ghê",0
Lên tiếng mà khoe giàu có thay mắc cười cho ba quá ba ơi. Dẹp di. Giàu không cần nói ai cũng biết,0
Đào ĐứcAnh 0175 :))),0
Hightlight của abe là cái ngu của 5 tk kia đó abe :)))),2
Lại Thế Cường rẻ tiền,2
Thế mày ăn rồi ỉa k đc cũng tại cs á,2
Dát vàg hat sao mà mắc vậy,0
Nhiệt quần què ms đầu vào cảm rảm như chó h khen cc,2
Em noi lon khong nghe đuoc em,0
Clgv abe !,1
Thằng bóng khùng chết đói,2
Công ty ko có gì ngoài điều kiện ❤️,0
"Thật sự rất là có duyên, thiệt tình và thấy mến chị. Chúc chị luôn khoẻ. Vui và hạnh phúc!",0
"Giàu sang vì cái tâm tốt nè, tâm từ bi giúp bà con nghèo chân thật đụ má nó",1
TD yêu quỷ nói chả đúng gì cá,2
Hahaha súng bắn xạo VL,1
Đây nè tâm linh k đùa được đâu,0
"Xem dc 1/3 toàn thấy nói đạo lý, chả có đéo gì bổ ích",1
Nhok Lầy địt mẹ trên mạng thì gáy khét vãi l em ạ =)) ra đường câm như con chó,2
nghi vấn Nguyễn Đắc Tú Đụ?,0
Sếp nhà ngta không bao giờ làm tôi thất vọng,0
Bố láo với giang hồ đất cảng à,2
Cáo từ,0
trán ngắn tóc dài mồm lai trung cuốc.,1
Thế mv mr siro giờ có cả tấu hài à các ông :))),0
Tránh ra để t bắn chết mẹ nó......,1
Nghe nói mấy ông này bh hay nói xấu nhau lắm,0
Chỉ có bắn chết mấy đứa mà cứ hâm mộ Hàn quốc,2
Thờ buổi này đi du lịch chi vậy 😀 đi để kịp đầu thai hả ha gì mà đi dữ vậy,2
Cô chửi hay quá ❤️❤️❤️,0
Tao cũng hóng,0
người làm thầy 3 + sena + petlan và bố già kalista thua mấy ngày nay,0
Hà Lan đã chịu chọn Ngạn =))),0
thật là vãi lol a ơi,1
Theo khía cạnh mình thì mình nhận xét bài này như lồn nhé không hay bằng mấy bài trước 😁,1
Đkm chúng nó bán hết rồi còn đâu mà của mình,1
Sống chậm thôi ae ơi,0
Trường Đang 🤣🤣,0
Chỉ chịch xã giao thôi =)))),1
Nứng qá abe ơi :)),1
Khg nên chửi bậy em gái ỏi,0
Abe đúng là thật xàm l ;v,2
dơ vl,1
Cái quần nhìn tục thấy mợ,1
Trần Hoàng Long đĩ mẹ m con? Trần Hensy của c nè,2
"Khu đặc trị của tàu, nó muốn làm cmg thì kệ cha nó. Mấy bác cứ thích ý kiến ý cò.. :'(",2
"Bởi vậy hể nói đến cộng sản là phải nói đến cái ác ôn , láo cá , lưu manh , mọi rợ của bọn quan chức vc !",2
Tấu hài vcl,0
Thích chị hiện tại,0
Não chó,2
"ĐỪNG MONG CON NGƯỜI TA THAY ĐỔI, CHẤP NHẬN ĐƯỢC NHAU HAY KHÔNG MÀ THÔI 🙂🙂🙂🙂",0
✪ 𝗤𝘂𝗮̉𝗻 𝗹𝗶́ 𝗳𝗮𝗻 𝗰𝘂̛́𝗻𝗴 !❤,0
Gương mặt tỉ lệ vàng ghép vào ảnh đéo nào cũng hợp :))),0
"Cộng sản luôn đúng, nếu cộng sản sai thì mày là thằng phản động",2
"Kính gửi Barack ,Ngài nên học cách sống đế vương như bọn anh đây.. Khaaaaaa. Khaaaa",2
Im mẹ i,1
Nhựt Minh kỳ 😒,0
Lá rụng về cội,0
Vì mèo Tôm em có thể lăn lóc bò trườn để đc xem:((,0
Ae đô nết cho anh tôi mua hack về clear map đi chứ. Nháp hoài thế lày thi toang quá,0
"Oày,chức quyền đều mua thì biết cái quái gì mà bảo sao không phát biểu theo kiểu ""ngu học"" thế được.Mang tiếng giám đốc sở xây dựng mà một tí chuyên môn nghiệp vụ thì cũng dần dần hiểu ra bỏ bao nhiêu là ""tiền"" cho cái chức đó rồi đó.Phát cho bé 1 phiếu vì sự ""ngu dốt"" của bé :))",2
"Nãy vào tường nhà "" con "" này. Đọc vài bình luận trong đấy,rồi tự nhủ "" hoá ra khi qua tuổi trưởng thành thì con người suy nghĩ thật kinh tởm,dù là chung dòng máu"". Lòng người khó đoán thật,cái gì cũng có thể nói được. Đọc nhiều khéo bị tẩy não cũng nên. Ahihi !!",2
"Tu cái miệng lại đi,cái miệng mở ra thúi như cái ống cống vậy",1
Lúc tối xem live sợ vai lon =((,1
coi chừng nó bỏ thuốc độc vào sông,0
500 anh em đau rồi,0
Toàn ngu muội. Đi ra đó mà đánh đi.,1
Nguyễn Văn Thiện chậm cdmm,1
Chào cc :))),1
"Ơ, thế bà già của mụ này ngoại tình vs ông hồ lòi ra mụ ah ?",2
Sống nhanh lên các bạn :3,0
Nhậu riết rụng hết lông,0
Mồ tổ cha mày chứ ko tưởng nhớ. Mày ko biết xem tin tức ak,2
Tien tri cau tieu,1
Cực kỳ thuyết con mẹ nó phục :)),1
cai dcm,1
"Dm. T mới bị con go go nó chạy sau nó đớp b ak, gửi cho nó pit mà",1
"Nó chửi Cô Minh Hiếu là sai, nhưng mà đm tụi m thật sự rất quá đáng, nó có xạo hay gì đó nếu ko ảnh hưởng ai thì việc gì phải đập phá chén cơm người khác v, còn việc giá 1 chai nước hoa rẻ thì tự tụi m phải nhận thức được nó là hàng loại nào, nếu thấy chấp nhận thì mua nó đâu ship lại hay lấy dao kề cổ bắt bây mua. Còn Trần Đoàn nên có lời xin lôi tới cô MH đi, còn TĐ nó có xạo sài hàng fake hay thật kệ nó, tụi bây chắc gì ko sống ảo chắc gì ko sài hàng fake nên ai làm gì kệ ngta tạo nghiệp chi v.",2
Hahaj,0
Mẻ khoe củ ai ai k hà.vậy mẻ có sơ múi gì trong đó.tài sản là gì.hay có mỗi cái nùi giẻ,0
clm =((,1
bà này khùng nặng rồi,2
A già tộc trưởng hết thời rồi,0
LA 😥,0
Bây giờ thì là thời đại của trò chơi điện tử thì làm sao biết đc những thứ huyền thoại như truyện tranh :),0
Bọn tàu cộng còn ngó đòn nào nửa đâu mà trả giá ?,2
Đỗ Thuỷ Trinh giông y mạng nhà m 😀,0
":)) vấn đề sang đấy làm đc cơm cháo gì hay lại ăn bám trợ cấp, làm nail với culi như cái đám đu càng thọt mà ra rả kêu gửi tiền về nước nghe to tát quá hihi",2
Quà dành tặng abe khi tết về =)),0
Dẫn độ tội phạm TC rất hoành tráng,2
"Căn bản lắm crush vailon , k biết tỏ tình con nào :))",1
Vu Quynh Huong vãi lol,1
Là ng nổi tiếng mà cách ăn mặc văn hóa ko bằng thằng ăn xin,1
uy tín chó gì bọn độc tài,2
"Liên cái lồn, bọn game x mobi chúng nó cũng đóng video quảng cáo ở chung sân khấu đấy( cũng mặc quần áo táo quân ké tí fame) , đội táo quân cũng tập ở đấy nên ké hình táo quân tí thôi chứ tuổi buồi đòi táo quân quảng cáo cho, địt mẹ seed bẩn",2
"Cố vấn kinh tế của thủ tướng vn nhìn mặt kinh bỏ mẹ luôn,nhìn như mấy thằng xì ke hay lảng vảng chỗ ngoài đường gần khu tao ở",2
Tuyệt đối không được kì thị với dân tộc TQ anh em nhé,0
Mes ddocj muoons sangr ddm,1
cuop ngay benh cuop dem ma.be lu no phai benh lan nhau la phai rui,1
Thanh Nhat Nguyen oki cảm ơn bạn,0
Qua bên mĩ còn tư tưởng độc đảng như CHINA,2
Noi giong biet dot nat k dao duc,1
Mặt nhìn kinh quá,2
Fan cứng dạo hả thầy lol 🤤,2
Sờ chim a ơu,1
Cái quần nhìn tục thấy mợ,1
Nhớ thầy quá nè :(((,0
Nghĩ làm gì nhiều cho mệt đầu =)). Về làm ly ngũ cốc xong đập bốp đầu vào gối ngủ đến sáng mai dậy làm tiếp thì sao mệt đc :)),0
Nhin c minh hieu con co duyen còn con di linh ca loc nhin mat no muon cho no an dam,2
Anh ba reaction bài của cô Mina đi,0
Tàu khựa tào lao,2
Buồi to như lõi giấy vệ sinh nghe buồn cười vl,1
bọn công an chỉ có việc là đi đàn áp dân đen thôi.,2
Như cl luôn =)),1
Vcl lag nó thấy thì nó chụp liền chứ vừa thấy chưa kịp chụp đã 2k 3k like,1
Vl anh em nhà ông độ đông thế cơ à =)) giống nhau y sì,1
Lê An cải lương,0
Tối Thầy stream đá phò đi thầy ơi,2
Anh sinh viên nghèo Hải Phòng và Con cave già Sa Đéc !,2
Tử hình,0
Mới nghe đc mấy tiếng trước 😂,0
"Le Viet Anh nếu nhà t có ng bị thì sẽ xung phong đi cách ly chứ ko để lâu ngày đâu mà bị lm sao cả, chỉ có mấy loại cm trốn cách ly ko chữa kịp mới chết thôi, loại như cm thì nên chết sớm ko lại lây ra cộng đồng",2
Lương anh có 7 8tr thôi,0
Ôi dm phát biểu vây coi dân nhu đồ ngu chắc,1
chó sủa thì kệ cmn :D,1
khịa vãi l = )))),1
con di~ dang hang leo rank,2
Vũ KHẤC Tiệp,2
Tịch An đời thằng cầu thủ ở VN mà xuống phong độ là coi như ăn lz. Kkkk,1
Đọc cmt mà tức vl 🙂,1
Một học kì đầy sóng gió với abe,0
"Khinh ng,khẩu nghiệp,sân si,có ngày tr cho bà ăn xin đấy nha,hok có đất mà chôn thân đấy",2
Ở đó mà bán rẻ tâm hồn. Sủa cc,1
Hóng link vào đây là em gái ngon ngọt nc,1
Trần Nhật Hoài nhai lại nhiều thì nó quen ông ạ,0
Hài thế 😂,0
Ăn mặc như cái đb:)),1
"Oày,chức quyền đều mua thì biết cái quái gì mà bảo sao không phát biểu theo kiểu ""ngu học"" thế được.Mang tiếng giám đốc sở xây dựng mà một tí chuyên môn nghiệp vụ thì cũng dần dần hiểu ra bỏ bao nhiêu là ""tiền"" cho cái chức đó rồi đó.Phát cho bé 1 phiếu vì sự ""ngu dốt"" của bé :))",2
"Trần Vỹ không biết nhục mới đi đạo nhái, những thằng fan là nhục gấp đôi vì hâm mộ thằng đạo chất xám của ng khác",2
xe chở súc vật mong người dân hãy tránh xa (đề phòng súc vật phóng uế lung tung làm mất vệ sinh).,2
"Đm nó biểu tình rầm rầm đòi mỹ cút khỏi okinawa kìa :v Nhật bản chất đéo khác gì mỹ,mạnh 1 tí là đòi đem ánh sáng đại đông á soi rọi cho các dân tộc man di chả khác buồi gì mỹ ban phát dân chủ cả,có cái đánh nhau thua nên chịu nhục vài chục năm,bây giờ xe tăng,máy bay thế hệ 5,tàu sân bay núp bóng tàu chở trực thăng đóng ầm ầm kia,chờ mỹ cút là vinh quang nhật bổn lại chiếu rọi 5 châu ngay :v",2
Ngáo thế,1
@Đạt Henry chắc bà í phi giới tính 😆,0
Duyên Phạm ghê tr nay văn chương dữ hén,0
@Tủn 3K hàng f1 😂😂 hàng fake loại 1 thì nói đại đi 😂😂,0
Vl sam,1
Chị trông phúc hậu quá,0
"Mụn lưng, viêm nang lông ib mình tv nhé",0
Gia Minh thầy bị camp chứ đánh lủng cc đâu petland quăng mạnh vcl ra ấy :)),1
Câu cữa miệng đụ má nó 😁,1
Chị đẹp quá chị ơi chửi linh cá lóc đi chị mà em rất thích những người mà chửi linh cá lóc lắm mà nghe đã lắm chị em đặng chị 4 like new luôn,0
ngầuuu,0
Mày k thoát được đâu con trai,0
Làm đéo gì có vụ thắng kiện phải trả án phí . Ngu người 😟,1
Đùa nản vl thề,1
Phúc Báo làm kiểu ta đây giàu đi chơi du lịch qua mấy vùng dịch chơi ấy mà,1
Ôi đm 😂,1
Ngon mẹ gì mà ăn nhỉ,1
Hôm nay đảo ngói nè 😆,0
Thằng điên.,2
chị ăn gì xạo lồn chó vậy chị 3. đụ mẹ chị 3 chó hoang,2
Hơn sát thủ anh ưiiii,0
Chúng tôi đang xem xét coi có phải sinh đôi kh,0
Thảo Đào Văn giàu hết r đi làm công để làm gì.tay nhanh hơn não.lướt fb nhớ gắn não vô nha,2
Đm page của anh tao là nơi để chúng mày vào đây để cực kỳ thuyết phục à :),2
Bê đê mà,1
Đúng rồi đéo thể tin được. Đáng lẽ phải cào bằng ra mới đúng. Thật không thể tin nổi. Phải cào bằng ra mới được,1
Giết người dấu tay đây mà,1
"Haizz,",0
Nguyễn Đức Thắngg chủ tịch chắc khó à nha,0
"Tú Trinh ko chạy ăn cứt, ăn đb à 🙄",2
ĐÉO MĘ VÀNG NĢOC CÁI ĐÉO GÌ LÁO PHÉT.SĄO KE.ĐĮT.MĘ TŲI DÂN TRUNG QUŐC NÓ CHÔN SŐNG NĮ. BÂY GIÖ ĐÂY.ĐÉO MĘ DÂN LÀM NAIL. MÀ SÕ LÁ. LO LA LÊN MĄNG. NÓI LÀ SŐNG MÃN ĐÖI TRÊN NHUNG LŲA CÁI ĐÉO GÌ.DÂN CHÓ ĐÉO. SŐNG GÏA TĄO THÌ CÓ.,2
Chị ba tiền chị như miếng giấy chùi lol em ne mặt chị xấu hơn lol em nữa ne chị ba chị sủa nhiều vậy em ko cần đồng tiền vơ bẩn của chị,2
vcl “đợi không mất thời gian” =))))))))) đme cười ị,1
Mai e thå chó ra can trân doan muôn hon Minh hieu hå chua có Dan câp dê so sánh voi Ngôi sao Minh hieu dâu trân doan,0
ổng nói lập kênh mới chứ không nói xóa kênh cũ,0
hợp lý A ưii,0
Anh nên xuống địa phủ chơi vs diêm vương cho đỡ ngột ngạt nhá anh,2
"Đ*t con mẹ. Đang ăn cơm nghe đến đoạn bôi c** mũi,c** mèo Đức Phan ạ :)))",1
thông đít hàng ngày :),1
Đọc cmt mà tức vl 🙂,1
Nay bú hơi nhiều,1
mấy thằng lờ bị nhồi não suốt ngày chỉ đi canh bợ đít cho đám CS đéo quan tâm tìm hiểu tin tức dc mẹ gì vẫn vào cmt như đúng rồi,2
Be de roi lai con lam chuyện,1
Bon oc cho .ng gjup caj nay nguoi giup caj kia....thay ng ta dc nhjeu ng men mo thj quay ra can dit noi xau..,2
Vu Quynh Huong vãi lol,1
Em sẽ đến đơm cái lỗ nhị thầy đêm giáng sinh🙃,2
"Nó làm cái cửa hậu thừa ra tí để che mưa cho chắc hơn nước đỡ hắt thôi mà cũng ầm lên, ko thích thì lấy máy mài mà mài đi để nâng cao tinh thần bắc bó.",1
Này Trần dần già sắp chết rồi nói bậy nói láo tuổi con cháu khinh thường cho,2
Đề nghĩ mấy đứa rich kids não phẳng ngoài Hà Nội bớt hãm lone bênh con điên kia! Tao muốn bay ra vả cho mỗi đứa một phát vào mõm!,2
Bé ko học lớn lên làm toán học ;))),0
Lộc Phát vui đến lúc gia định bạn bị có vui ko :)) hay ngồi cùng nhau cười,0
"Quá troi xl , đm bán hàng 10 năm , bớt đi cd oi",2
Clm =)),1
Người có tiếng mặc cái lìn gì chẳng đẹp . Người bt nó bảo là điên,1
"Kệ mẹ lồi báo, bé này dễ thương.",2
Cái giá của 1 tỷ Nhân Dân Tệ của nó !!!,0
Con beat căng :))) ditnhauhong,1
Cướp ngày đấy,0
"Thầy bói Ba cl gì gì vậy thầy, đem con susan ra thế giới à",2
Fan cứng ủng hộ chị đây😁😁😁,0
Huy Hoàng thì ?,0
Tuổi lờ =)),1
"Lũ chó , bán nước hại dân",2
Ngu cmm.,2
:))))) nay thi doc quyen :V d' cho tu nhan tham gia om chet me chung m di :v de dan ganh d gi,1
3/ có một đệ nhất quốc sư như vầy làm sao mà không hẹn nhau Tấc nhiêng là đến mùa chuối sẽ cùng nhau về phụt cuốc!?,2
Thứ giật tiền Minh Hiếu,2
Lúc nào mà chúng chẳng hô hào học tập và làm việc theo tấm gương đạo đức Hồ Chí Minh..... nhưng thực tế chúng toàn làm ngược lại.,2
"Minh Anh Mai Ơ đm bất công, ông cmt cái là sắp có ny luôn à :((",1
Lan Vi bão,0
Khác gì bọn zom đâu,1
sống hết mình vì đam mê vì gia đình anh ưi,0
Dân ngu cu đen thôi mà .,2
Địt mẹ cái mấu này. Tao nằm ở đây hơi nhiều rồi đấy :))) trích lời anh tôi trong buổi sờ trym tối hôm kia :)))),1
mong con mày không ngu như mày,2
Bắn bỏ đi thứ lắm Tiền mà cặn bã xã hội,2
Chí Phèo thời nay.,1
Như 2 giọt nước luôn thầy ơi. Trinh giọt nước suối còn thầy giọt nước cống thầy ạ =))),2
Đm chuẩn bị đi học tiếng tàu thôi là vừa,1
Cần gì cái giải lom dom này :)) ae vẫn dk mọi người ủng hộ nhé.,0
lz ma no do =)),1
lolzzzz,1
Ông im mẹ mồm đi,1
"ông can đang bận bảo vệ bọn ngu nhưng ra vẽ gánh team , và đứng trong bệ đá cổ nhưng vẫn cần sự cover từ đồng đội tránh bị dive bệ đá =))",2
"Đéo hiểu nổi style kiểu gì? "" con c* hưng phấn "" hay gì?",1
May trước đay ninh no chui liên oanh ma gio lai quay ra chui no ha cho may sang mặt ra chua,2
"Nhờ sự lãnh đạo tài tình, sáng suốt của ...",0
Chib3 nay chet ko co nham mat,2
Sợ vl đi lấy le vs gái chịu,1
Đéo ghi nguồn.,1
Best cà khịa tụi Chinazi hehe,2
Có văn hóa nhé,0
"mụ ấy đúng đấy, nhờ ơn đoảng, chính phủ mà mụ hốt nhiều vụ quá hời, có tiền cho thằng quý tử ăn chơi sa đọa, mua biệt thự xứ giãy chết, vậy là mụ hạ cánh an toàn và sẽ đu càng boeing qua giải phóng nước Mỹ.",2
",😂🤣",0
Có thêm vài người như nhung thì toang.,1
:( sói said : ông già đang đánh t ko trượt phát lào giờ phải xin lỗi :(,0
"Nếu đúng nvậy thì. Sang chốn thiên đường này đừng đòi hòi công lý, nghiêm minh và tự do làm gì. Ko ích j đâu",0
Có họ hàng j không mà giống 3 gà vl,0
3k và 38 người. Con số đã nói lên tất cả. Tỉ lệ này là 99% Không đồng ý và chỉ có 1% đồng ý. haha Đâu bao giờ dám trưng cầu dân ý.,2
Chi Mai Anh Phuong đừng bắt chước nha,0
"Quá mất dạy . Đồng bọn với con Bò Thái Ngọc Nhiên ở An Giang . Lũ Cầu Cá Móng Phèn vô học mất dạy lại tham tiền vô đối bất chấp sĩ diện ( vô chổ làm Hộ Chiếu thấy rất nhiều chị em cá gô bỏ trong gổ chuẩn bị xuất ngoại qua ..Sing , Mã làm diệc j chắc ai cũng biết ngoài bọn như con Linh Lờ qua Hàn , Đài chống lầy kiếm lúa",2
Su Sy chốn thật ý,0
Cung chi vi đong tien ma mot so nguoi da ban re luong tam,2
nứng nứng,1
Mất dạy,1
ok a ơi,0
Quần què là có thật,1
Phan Hoài Nhân đm tôi phải cmnt để năm sau xem sao kk,0
"Chưa bao giờ nền giáo dục được như ngày hôm nay, học sinh nữ lột quần áo đánh nhau ngoài đường, học sinh nam đứng cổ vũ, thầy giáo giao cấu với học trò đến có thai, cô thì đánh học sinh đến nhập viện cấp cứu, học sinh ra đường như du côn, đánh nhau như phim kiếm hiệp, đấy gọi là hạnh phúc hả ông?",1
Tào lao,1
dm việc gì rồi cũng đến tay tao - Sói said,1
Cái này là tiếp nối truyền thống cụ nhà nó nhé.,1
Trang lồn trâu này chả khác đéo gì việt tân. Fan thì địt có ai. Toàn gây thù chuốc oán cho nhau. Còn những thằng cmt ở trên vs những cái suy nghĩ lệch lạc cũng chẳng khác lồn gì lũ bán nước.,2
Toàn chó đàn,1
Suc vat là có thật,1
bức xúc đỏ mặt,1
Dm đánh răng thôi nó cũng chiếm 80%,1
Bạn bè mà 1 người có ý thức còn 1 ng thì....ý thức nhỏ như trái nho :),2
dancer chiếm hết chỗ rồi chỗ đâu kây-atm ngồi đờn 😢,0
iu nhau ko liếm l...nửa🤣🤣,1
Hoàng Đức Ngọc joke cái lồn chứ joke =)),1
Mạg ng rẻ vậy s?,1
"báo cáo bò đỏ bọn Thanh Niên và nhiều tờ báo uy tín khác của Đảng đang phản động , giật tít câu view ! truyền lệnh tấn công đi lũ bò !",2
Ok tùng sói😆😆,0
"Thầy live ở đâu vậy thầy , em mún donet cho thầy hmmm",0
Dâm l,1
Khẩu s686 kia để làm gì thế :v,0
Cái lỗn cát khôg 😂,1
"30:03 ""Con Đ.Ĩ L.OZ Thúi""🦋😂😂",2
ôi vchhhh chị em :(((((,0
Giống bố kinh. Như phiên bản thu nhỏ vậy:))),0
Nguyễn Hữu Nhân đớp cả của cháu. Thứ mắc dạy,2
Đinh Phước cmt trên thì k thấy chửi =))) mà cmt này lại quay ra chửi =))) chắc là thấy gái nên nứng hết cả buồi nên k dám chửi bác ạ =)))))),2
Phim dở vl ạ hihi. Nữ chính đơ hơn nữ phụ,1
Non quá thầy ơi,2
Xem mấy thằng chym ngắn thượng đẳng cà khịa chúng ta mấy hôm nay thấy thế nào nhỉ,2
Bụng như con heo vậy mà bài đặt bán thuốc giảm cân. Uống đi rồi chết.,2
Vc,1
có fan cứng nhưng nào đâu hiển thị :((,0
Thăm mỹ tên vì vậy chị,0
Nó In tiền như in giấy lộn thế này bảo sao không lạm phát.,1
Haha lại ba que xỏ lá,2
Nói í thức như đầu buooi thì lại tự ái.,2
Nguyễn Trọng Thái đợi cái lol,1
Đi nhậu với mèo hàng xóm xong về phá nhà phá cửa,0
Sap tet...bon cho ca khu vuc sap di xin tien xin bia xin ruou tây....và van cho tui ban chiem ve hè long hanh.,2
Bọn chó chỉ biết ăn thôi,1
"Trần Huỳnh Như rồi nghe nhiều chuyện buồn quá cũng k tốt nha,đang busss cuuu tự nhiên nghĩ đến chuyện buồn xong là khóc ròng rã😅",1
Vãi,1
Cái tập đoàn dacosan rước giặc đây mà,2
Hoàng Xuân Tâm mày muốn đợi Tùng ra mv thì mày phải ráng chờ anh GD tung sản phẩm đã khi đó Tùng mới có ý tưởng ra mv cho mày xem,2
Ơ. Tưởng nhật bổn ý thức cao lắm mà.,0
Làm cho nhà nước là có quyền thua lỗ và... nhàn. :),0
Quan chức lương thì cũng như ta thôi. Nhưng ng nào ng nấy khi lên làm quan toàn nhà lầu xe hơi. Lạ.,1
Trả lại để ông khác còn ăn chứ chia sẻ cho nhau là hp mà dis@@,1
Tối nay em sẽ đi học chớ ko đi chơi nha ABe,0
Tr ơi !hãy uống nữa đi cho một giọt nước đái nghe đắng cay trong quần,1
Đặng Tiến Hoàng sếpp,0
Mỗi tháng đc có 600 bạc tiền lương mà ngu như chó. Đây gọi là con chó và ng đi săn.,2
Bọn 3/// tuột quần và bọn CCCĐ lúc này chui đi đâu mất mà kg nghe thấy chúng sủa vậy anh Vũ Hoàng Lân? Hay là chúa rước bọn chúng xuống địa ngục hết rồi?,2
Em cầm cái này phang vào sự chu đáo của anh Ba =))),2
mặt anh như vậy rồi ai dám trao cái gì cho anh -.-,0
out play cực mạnh anh ơii,0
Thôi ăn lol rồi thầy ạ 🤦‍♂️,2
mat day,1
😂😂😂,0
"Rồi, rớt cái lòn luôn",1
Vl,1
Quan chuc nha nc lam gi co tien ung ho..chj co tien chon duoi dat thoi...ko gjam gui ngan hang so bj lô.😂😂,2
Có ai bị nổi da gà ko :>>,0
Cả họ con này bị ma ám,2
Có phải tự nhiên hay lại là một sự sắp đặt ???,0
@Tủn 3K lấy vd chanel bleu đi giá thị trường 2tr livestream nó bán 200k 300k nhiều lúc tặng thêm chai nửa....bán lần cả lố bây nghĩ đi của ong nội nó đổ ra cho ha Gì. Lấy cái não dùng đi,2
mấy th` ml,2
Ad ngày càng thể hiện bản chất xàm loz tốt hơn trước :))),2
Cún vàng k có viết chữ đẹp đc như vậy đâu bạn ơi,2
Mpv cái máu lồn đỏ như tới tháng,1
thấm vãi l*n :'<,1
"Bn nói chuẩn cmnr, nhai cứ như bò nhai cỏ, bảo dân trí thấp lại tự ái.",1
"Việt cộng là cái thứ sinh ra từ thành phần bần cố nông, đã là bần cố nông thì chả có đứa nào được học hành tử tế đến nơi, đến chốn. Hậu quả là bọn Việt cộng nó quản lý, điều hành đất nước như cái con C, ngóc lên không nổi, nên phải bán đất nước cho bọn mọi rợ Tàu để có cái mà ăn dọng chứ !",2
Dạng háng chứ đâu,1
Mấy thằng để ảnh bìa darcy chắc cũng toàn tay nhanh hơn não =))),2
"Không thể tha thứ cho loại mat dạy này,",1
bại cái đcm m cút QC cl mày đa cấp lừa đảo à 😂😂 đm con yến,2
Dân đánh trộm => đi tù => oan quá tự tử.,2
đkm dơ vc,1
T nghi r mà :)). Mâm nào cũng có Ông già bé Sam vào. Rảnh hánh thì chăm con đi chú ơi,2
Triệu S. Tùng Icon sớm cũng bị nói. Đéo hiểu kiểu gì,1
"🏆 [URL] Qua theo a @Đoàn Thế Xuân [URL] Ngô Quang Huy Vũ Văn Thuân bro chứ acc clone Phúc Ssi [URL] Nguyễnn Đức Khánh Vũ Văn Thuân 3p 4k2😌 [URL] Lê Trung Kiên Biết khi nào mới đc cảm giác vừa đăng 3p đc 4k2 like nhỉ 😁 acc clone Thanh Propk Vũ Văn Thuân bro ko phải pro [URL] Ngọc Ánh Cực kì thuyết phục ! acc clone Trần Quyết Cực kì thuyết phục ! acc clone Giyuu Tomioka Cực kì thuyết phục :)) acc clone Qanh Ngơ Sống từ từ thôi các bác 😩 acc clone Duy Hưng Nguyễn Cực kì thuyết phục ! [URL] Nguyễn Thị Mi Na Cực kì thuyết phục :> [URL] Nguyễn Trọng Hiệp VTV có hướng dẫn rồi anh ạ, anh hướng dẫn tán gái đi anh 😍 acc clone Hoàng TuấnAnh Cực kì thuyết phục:)) acc clone Ninhh Hồng Giống trộm chó vch anhh ạ 🤷🏼‍♀️ acc clone Cường Nguyễn Cực kì thuyết phục! [URL] Tài Phan Ồ bấy lâu nay mình vẫn đúng cách. acc clone Nguyễn Đức Cực kì thuyết phục [URL] Đăng Nam Anh tôi trông giống Trộm ..."" :v",0
"Các anh làm tôi hơn buồn đấy , nhưng thôi , bảo ông già là nhớ mua quà cho tôi là được , đừng mua giải nữa",0
Con này hết thuốc chữa. Động chậm vùng miền,2
Hãy nhớ: con người hơn con vật ở cái ý thức 🙂,1
Con đỷ mẹ mày con chó,2
From mixi with love 😂,0
Ê lũ ducanger vào xem thành tích cm ngày xưa này,2
Càng ngày càng ghét 😡,0
Giàu vậy sao đi lường gạt tiền người ta rồi hổng trả vậy chị ba? Miểng nó văng tùm lum luôn kìa,2
"Sau khi xem xong Clip của Chị Minh Hiếu , theo suy nghĩ của tôi , những người chuyển giới nói riêng và những người trong cộng đồng LGBT , họ rất giỏi và rất có nghị lực để vươn lên , và họ chứng tỏ cho mọi người biết rằng họ ko phải là những người sống ko có ích cho xã hội , điển hình ở đây là Hương Giang , Lâm khánh Chi , và mới đây là Chị Minh Hiếu . Tôi xin chúc cho các chị luôn luôn đc sức khỏe dồi dào , Hạnh Phúc , và thật nhiều niềm vui trong cuộc sống.",0
Anh sinh viên nghèo Hải Phòng và Con cave già Sa Đéc !,2
@Tủn 3K lấy vd chanel bleu đi giá thị trường 2tr livestream nó bán 200k 300k nhiều lúc tặng thêm chai nửa....bán lần cả lố bây nghĩ đi của ong nội nó đổ ra cho ha Gì. Lấy cái não dùng đi,2
thấm vãi l*n :'<,1
Kinh doanh mà suốt ngày than lỗ.kinh doanh để ăn lol ak.dkm,1
Con bóng vẫn là con bóng. Con chó suốt đời vẫn là chó..,2
Hóng dlv vào liếm,2
cô này chỉ có chết mới hết gào thét,2
Vl.gắt,1
Chuẩn bị có liveshow ca nhạc tối nay nhé các bác :v,0
Cho ad clipo hay nè :v,0
Đâu đó vẫn còn bọn óc vật,2
bả chửi người ta mà cái mặt bả hớn hở làm như zui lắm 🙄🙄🙄 nghiệp quật là có thật,2
Tr xạt cơm vs bã .. mà thik bã lắm .. hài dể thương .. tui liệu hơi tục mà k xao vui là đc .. chúc chị lun có sức khỏe .. và mua mai bán đắc .. e ũng hộ hết mình nhé,0
"Xàm, ăn không rảnh rỗi l, dịch ko giúp đc ai thì thôi còn chửi nhau đăng lên, chụp gạo đồ, trẻ trâu",2
Ditme đéo hiểu sao,1
Tùng hỏng :)))),2
@Lucky Lucky chị đó chốt đơn nhiều và nhanh là có tht nha,0
Huy Lê T thấy có chữ Đụ =]] Mắt t hoa hay gì ?,1
"Tình hình dịch như bh , cta nên thả anh Bảnh để a nhảy đuổi viruss vs thả luôn a huấn để a lm công tác tuyên truyền 😞",0
Văn Qúy xin video bạn ơi,0
Xong nó bán nước ta cho trung quốc rồi!,2
bệnh hoạn v lin,1
Đặng cổ anh vy,0
Vu Quynh Huong thế mà nó đéo chết đi. Giảm quá tải cho thế giới,2
Như 1 con khùng,1
còn tư bản giãy chết m dám nói ko phải từ mõm của đảng đi,2
Khung qua linh oi tôi sau ma Khung nua,2
Bất lực 😞,0
Kể ra ví mặt con này với con Linh cẩu ăn xác thối ở châu Phi cũng là xúc phạm linh cẩu .Nhưng thấy nó cũng giống thật .Tên em là Linh Cẩu không phải cá lóc nha,2
T coi lại 10 lần rồi .Còn chúng m thì sao ???,0
. Cuộc sống thay đổi nhanh quá :v 😆,0
@.@ cái này là bạn ấy đi đúng chiều nhá :)),0
tức nhiêng là tức nhiêng là tui tức nhiêng là không bị tức nhiên virus tức nhiêng rocona.,0
đeo kiểu đó có khác gì bảo tụi ăn cướp tao giàu lắm,0
Tàu khựa tào lao,2
"lolz mắc cười, toàn 1 lủ ở vùng xa vùng xôi ở ... nói chung là chỉ biết và thờ cái Ba Đình, đéo làm được gì thì ngậm cái mổm ăn c..c lại, ko nói, ko ai nói miệng thối đâu mấy con chó DLV ạh",2
"coi như xong các cầu thủ không nên vui mừng quá sớm không khéo lại xôi hỏng bỏng không (lũ chúng nó tiền của nạn nhân chất độc da cam,trẻ em tàn tật,đồng bào lũ lụt,tiền trợ cấp xh",2
Mẹ mày hưởi quần xì của con ômô ý lộn ômôi chứ kkk😁😁😁😁😁😁 cười ỉa,2
Nguyen Huuthuc,0
Ý thức còn ít hơn cả số tiền trong túi t,1
Thôi ông im mẹ cái mồm đi,2
Nam Thành cmt của ông kia chỉ mang tính chất vả vào mồm mấy đứa tự nhục lúc nào cũng nói nhật là số 1 nhật là is the best từ đó cho ta thấy thì nhật cũng chẳng phải tốt đẹp lắm,1
Hồ Khang đmm. Ý kiến của m như l ý.,2
Chào mừng danh hài 3///về VN nha,0
chị đẹp quá,0
@Em Gái Có Cu có chính hãng trần đoàn á cười ỉa,0
"dạ phốt tập đoàn C GROUP điện thoại đây ạ , giờ chuyển sang bán áo vest",0
Lường Văn Đức như đấm vào tai,0
"Nam Trần hôm nay mỹ chết 15000 người,thôi rồi nguỵ ơi chờ chết đi trần dần",2
vl :)) handsome boy,1
Chị 2 của thằng phúc ox đó bà con... Cho em lạy chị 1 lạy,1
Chị Ba khùng nhìn chị buồn nôn,2
Đơn giản vì mấy đứa kia ăn tiền thuế của dân thì nó phải nai lưng ra làm vì đó là trách nhiệm. Còn a a là người làm vì tâm không vì tầm. Thì so sánh thế đéo nào dc add nhể. Đã vậy chưa kể người ta chỉ cần ng minh bạch thông tin chứ không cần người tung hô hoa hòe màu mè bông cành sương sa hột mít như mấy đứa làm màu. Add nhể haha,2
Chơi vậy ai chơi nữa :v,0
ngu thì nhận đi abe,2
Dê Kiên lỗi đéo phải do m.mà là ngta do ngta đéo xứg.hiểu k ???,1
quay lại như ỉa ra ăn lại,1
"F1 là fake loại 1 đúng ko, bán hàng fake là vi phạm pháp luật rồi, nói gì nhiều, kêu công an cồng đầu liền xem coi có già mồm được nữa không",1
Bích Phương thấy cmt bảo e Tăng Thanh Hà,0
Địt mẹ các bạn ý. Cười rụng con mẹ nó mồm rồi.,2
Mấy thằng già làm bộ trưởng này nọ mà đầu óc thua cả 1 bác nông dân,2
lên chức để nhét con cháu vào thây bã... bã ko bỏ chức đó nên đuổi luôn :3,1
Bao Binh mấy người hay nói đạo lý thường sống lỗi phải không bạn? :>>,2
May hong biet nhuc ma may con lay chim nua nhuc qua.....,2
Trường hợp này ở địa phương khác kêu là gì ko biết còn địa phương mình gọi là khùng á,1
Tao mà bắt gặp thg nào là tao bêu rếu nó từ đầu trên xuống dưới từ bên này qua bên kia đm cho nó đội quần nó nghỉ làm mẹ luôn dùm tao,1
@Phan ngô dm nước sông ko phạm nước giếng ok ai tao cũng idol hết ok nhưng bức xúc chửi vậy thôi ko quên chúc cô buổi tối vv,1
Nhin c minh hieu con co duyen còn con di linh ca loc nhin mat no muon cho no an dam,2
Khuyên anh độ nên đầu tư 1 tháng lương để thưởng thức món lẩu thái siêu cay siêu khổng lồ nhé hợp lý vl luôn ấy :)),0
cười ị,0
Pham Yen Nhi,0
Thằng này láo,2
dis :)),1
"Rất thik sự chân thành, mộc mạc trong cách nói chuyện của cô ở thời buổi này. Ko tỏ vẻ, ko chiêu trò câu Like rẻ tiền",0
Lần sau lấy xe máy mà đi già rồi mà cứ thích đú theo tụi nhỏ :))),0
Chậm cái đcm chúng m à nhai mãi đéo chán à,2
"Dm, nó giàu nó mặc như lol người ta bảo đẹp:))",2
Nhìn như con điếm vậy :)),1
"Đm nứng lòn ghê dị hà, ngta đánh đôi 3 đi đánh đôi heo, dừa lòn 🤣",1
"thề đi éo đâu cũng gặp ông long này , hay phá game vãi đái , đéo nhăt đc mồm =)))",0
杰张 liên quan đéo gì đến con nó mà trù con nó kcos lỗ đít,1
Ai trả biết a lắm tiền. Lắm tiền đi du lịch tha bệnh về. Chứ cứ ở quê như e chăn trâu cắt cỏ nuôi cá. Làm sao mà nhiễm bệnh đc. Bệnh Nhà Giàu là thứ bệnh mới,2
Nghĩ mà chán 🤧,1
Anh peww thời trẻ trâu nhìn là biết mai này chủ vài tiệm bánh mì rồi,0
Đào Văn Hậu ơ vãi thật nó bắt trend mình này 😂😂😂,0
nghe thì thuyết phục nhưng khi đọc lại thì rất thuyết phục :))),0
Thằng cha tập qua đây dân mìh nó xem như choá :))))),2
có loại bút nào to hơn không ad?,0
Lại Hợp Sâm wtf ?????,1
Lúc tối xem live sợ vai lon =((,1
Lê Thanh Tâm mấy anh trên núi tởm thậttt,2
Duy Linh vailin live thật để quay mv =)),1
Xấu người xấu nết nhìn là biết cái miệng đẻ ra trước (khẩu nghiệp),1
Già mà non quá aba,2
"Giết quách được phát ra từ miệng 1 người đại diện cho pháp luật VN,hỏi đạo đức,trách nhiệm của ông ở đâu?hay ông là loài đv máu lạnh?",2
câm mẹ m mõm lại nói nhiều,2
Hôm nay admin mày chửi đúng lắm! Yên lặng đáng sợ,1
Thầy ơi,0
Tạ Hoàng Thái bạn mình tốt bụng quá,0
toàn tin vớ vẩn ... khi nào việt nam sát nhấp với trung quốc thì cả cái DNA này xách dép cho chúng ta hết .. hãy tin vào sự lãnh đạo tài tình của đảng và bộ máy nhà nước...:3 :)),2
Cứ như thế này thì duyệt mẹ đi cho nhanh 😀,1
nát cc :))),1
Linh Huỳnh Lê Thảo à há. Mà biểu hiện bệnh này thất thường quá mấy má ôi. Có tiếp xúc vs ng bệnh là hên xui 50 50. Chứ hỏng biết triệu chứng s luôn.,0
love Trung Phan Tấn :)),0
Người Nhật đã làm cho chủ tịt Nguyen đúc Chung mất phần ăn !,2
Trường Giang nói mới tỉnh ra bạn à. Chứ đâu ai ác như chị Nhung bạn nói chết bh mới là mấy người xung quanh kìa haha.,2
Cái thằng minh râu dâm dục chuyên ấu dâm các em thiếu nhi còn làm được cha già vĩ đại của mấy em bò đỏ thì nói chi đến mấy thằng bị tâm thần.,2
"cái thằng tung cựa...nó lại đi trước chúng ta ah ! đã duyệt bao nhiêu cái tượng đài, tốn bao nhiêu tiền tỷ rồi mà... ko có cái nào to nhất để đập là sao hả...các đồng chí ! về viết kiểm điểm hết cho tôi...",2
"Hết bài hay sao mà lôi từ năm 2013 ra thế. Nhân tiện chỗ nào tuyển để t đến với, đang thất nghiệp đây",0
Kb đẹp ở chỗ nào mà phanh ra :((,1
Thấy nước ngta thấy ham nhìn lại xứ vịt ngan chán,1
":v Chuyện quá là bình thường ở cái đất nước này. Con đường trước nhà t cũng thế, bị bẻ cong thành gấp khúc vì phải né cái bếp cũ nhà ông cựu phó chủ tịch huyện.",2
Trẻ trâu đóng film hài hả 🙂,1
Mất tư cách dễ sợ,1
"Khi còn ngồi ghế cao, chúng nó kiêu căng, hợm hĩnh, còn viết sách dạy người. Tự mình cho mình là vĩ đại, là quang vinh. Đến khi cháy nhà mới ra mặt chuột. Cũng bởi dân ta ngu quá lợn, nên để chúng nó dễ làm quan. Cũng bởi cái thể chế độc tài, độc đảng nên mới tạo ra một chế độ bốc phét ăn tiền mà ăn to đến mức chúng ta ko thể tưởng tượng được.",2
Chi hieu rat la that tha mien mo chi,0
Cũng do não thằng ad thôi bạn ạ. Đừng trách,2
tau khửa ghét Kpop lại còn nhãy trc mặt bác Mao như z là bôi nhọ chính quyền xử ngay :v,2
"phá hoại hạnh phúc nhà ngta , đâu có ảnh hưởng miếng cơm manh áo nhà bạn mà bán báo",2
E mất fan cứng r,0
"bởi méo coi phim vn, chán vl",1
@Si Van tội chị Hiếu tao bị lừa gạt,0
Đụ mẹ a be,2
Bắt dc bắn thấy mẹ nó lun,1
thằng lồn này chỉ biết tham Mu chứ biết cc gì,2
Khong Biet ức chế vl :3,1
Duy Nguyễn phục cái máu lồn,2
BenBen Duong cùy,0
Lại là do chế độ nát chi dao chj kho anh nong dan chồng cay bn nam co thang den thu hoach hộ,0
"mà t cũng đ' hiểu, rõ ràng là bọn quan nó cũng dùng nước mà ? Hay bọn nó có nguồn nước riêng nên kệ mẹ dân ???",2
Loằng ngoằng thì được cái *éo gì mà ông thích loằng ngoằng thế. :/ lạ vl,1
Nhìn rõ mồm ông nói i’m boy one champ lee =))),0
lik đâu dcm,1
Đào NT m thấy t dễ thương k. Ngày mô cũng làm cánh hoa anh đào rơi😪😪,0
Cay vãi c***,1
Cẩm Hà Mai Lúm Sa Hoàng sếp nhà người ta không bao giờ làm mình thất vọng mà 😌😌,0
Thầy Lol bữa kêu ko reaction nữa sau vụ Hương Ly r mà😂😂,2
hay lắm nó đi họp cổ đông bị virus thì chết trùm !!! oke hay lắm nghèo khổ có nhau,1
Bay đến đít rồi mà h vẫn la liếm ở đây,1
Sim Nguyen,0
Kệ mẹ ngta đi. Soi mói làm cái lồn gi,1
Con rắn xe cứu thương đấy :)),0
1163 lê đức thọ.p 13 gò vấp là trạm y tế mà,0
"Chết mẹ đi cho đỡ chật đất, ngu",1
Các em nầy khi vào báo “công ngủ” với ác hồ thì phải chỉa vào mặt ác hồ như thế nầy nè :,2
Ý thức đéo bằng con ruồi,1
Họp thò thụt,1
Mấy bà BĐ khỏe khoang khoác lác,2
Ừ nó không ghép đâu. Chỉ chuyển mặt thôi nhé!,0
Nguyễn Nam khựa story,1
Có anh Cọp cũng đo buồn lắm,0
Cái này là tiếp nối truyền thống cụ nhà nó nhé.,1
Nói chz xàm lol,1
Hình ảnh trước khi a Buýt chưa xuất hiện.,0
Thấy gái là con mắt sáng lên :)),0
Toang cmnr top 4 chưa có mà lại thế lày :)),1
Chị xạo lol quá chi ba oi,2
Nhân cách thua con gấu bông nhà t🙂,1
vcl mấy thằng liệt não =)),2
dơ vl,1
Á á dm.,1
Tởm...........,1
Ăn mặc riết không ra gì,1
Khoe puồi,1
Buồn anh đạt,0
"Trộn mẫu máu của 4 người & xét nghiệm sau khi cắt đôi que thử thì chắc kết quả sẽ không chính xác,rồi vợ chồng nghi kỵ nhau,kẻ có bệnh tưởng mình trong sạch tha hồ mang bệnh đi lây lan cho ng #,ng không bệnh lại tưởng bệnh thì lo lắng,rồi khéo lại tự vẫn.nói chung là tận cùng của sự khốn nạn,không thể chấp nhận",1
Lủ vc Đcs cũng là một bịnh thần kinh ác hiểm cho dân tộc vn !,2
Háo thắng ham vui câu nói dành cho abe,0
Lê Chánh Huy vl nhật văn mình dữ v 🤣,1
Chuyện người ta làm chúng bây ở đây làm thầy bói. Rảnh háng thật,2
Lanh dao nuoc ngoai noi nhung cau noi tro thanh kinh dien.con lanh dao vn noi toan nhung loi vo van.vn toi khi nao moi phat trien day.,2
Dơ vlll nhưng t thích,1
Cô ba giàu có,0
"Chúc mừng Danh Hài Thầy Giáo Ba được đi all star,qua mỹ thi thách thức danh hài lấy giải về nha thầy yêu,yêu thầy dấu bé ba",0
Hán hoá từ từ,1
Hi em o my em cho chi chi dep qua chi de thuong qua,0
"Ghê, chảnh choẹ",1
"Cảm giác như dân mình giống thời kì bị đô hộ vkl. Sưu thuế ngập mồm. Mà bị đô hộ khéo còn phát triển đc chứ đây chả thấy đc cái méo gì, còn khổ thêm",2
Đm ad phản lại cái động. Là công an thì có quyền nhé. Đéo biết gì lại còn nguy hiểm. Sửu nhi,2
"Lộc đéo cmt là bác đc yên r. Lộc cmt cái bác \""lên\"" nóc nhà bắt con gà... Bãi đéo nào cũng có dấu răng của L :))",1
Em chửi bỏ mẹ chúng nó đi cái nich em chửi trần dần anh nghe xương quá nhất là quả quyền èm sàng hay gữi luôn cảm ơn nhé xêm buôn cười quá đi,2
Nguyễn Bá Quang vào xem cmt ko vui như trk đkm cno óc chó vl,2
DLV thì cần đéo gì biết phải hay trái ?,1
Thấy nước ngta thấy ham nhìn lại xứ vịt ngan chán,1
Thần đồng toán học lỗi lạc nhất lịch sử loài người,0
Quá sàm chứ liệu gì,1
A...a....a...cái thằng mất dạy nào định tập tành làm sâu mọt của dân đây :v,1
Con này nó tưởng nói chuyện vậy là hay mất dạy khốn nạn khẩu nghiệp con trai nó gánh,2
Cho em liếm lỗ nhị Thầy,2
"Thằng Giám Đốc Sở sẽ lôi thằng đánh máy ra kỷ luật, đúng quy trình",2
Khug xau xi deo vang gja len cau lai ha con di khug mjeg lok,2
"Tết đến vẫn thấy vui, vừa dọn nhà vừa hát hò, bố gói bánh, con và mẹ dọn dẹp nhà cửa, thi thoảng tiếp nước nồi bánh chưng,...",0
như cl,1
Phương Hoa mà chưa qen ngắn vậy đấy b ui kakaa,0
Hải Yến tỏ ra thượng đẳng đ gì :)))) đhs t k care lắm ạ đcm đ ai hỏi ý kiến m,2
Chị six belike 🤣,0
Bị đấm gãy cmn răng,1
Cực kì thuyết p.....,0
Có a ưo,0
Tên Không được của Đức,0
"Còn mùng còn Tết, hết mùng qua mền ;)",0
Nói ý kiến của mình mà bị gọi là phản động.... Xàm VL,1
Nói í thức như đầu buooi thì lại tự ái.,2
Vcl ạ,1
Giáo án cc gì đây,1
nhạt vl,1
"biết bao xương máu của con dân Việt Nam đã đổ xuống nhuộm đỏ mảnh đất này mới có được ngày hôm nay, vì lòng tham không đáy mà bọn chó cộng sản tiếp tay cho trung cộng tàn phá đất nước, rồi sau này con cháu sẽ đào mã chôn xác bọn mày cùng tổ tiên nhà bọn mày lên rủa, bọn mày có chết cũng không được yên đâu,",2
toang lắm rồi,0
Đúng là 1 danh hài 102,0
Ai bảo chứa hàng của THP làm gì để bị phạt - bà mịa nó,2
sống chậm thui mn :))),0
Nguyễn Đặng Như Ý. Nhớ ngen cưng,0
Thức cả đêm edit cái đoạn này xong sáng ngủ dậy thấy trong bộ tốc mấy cái liền thôi lặng lẽ xóa video :(,0
Đám sạo lồn,2
Quần gạ chịch à,1
Méo hiểu thể loại fashion gì luôn 🙄 nhìn bẩn con mắt 😵,1
K-ATM Cao Lãnh :))),0
Dân đánh trộm => đi tù => oan quá tự tử.,2
"Cái này là nói thiệt..con quỹ này bán hàng dõm 100 %..nhỏ bạn tui có mua 1 lần về xài thử, như là nước lạnh, nt hỏi thì bị chặn, lúc trước mình cũg tưởng uy tín mà nge nói dậy lúc nó live mình vô hỏi bị nó chặn ln...lừa đảo",1
ba bá dơ :)),2
Các bác sống nhanh vaicutt :(((,1
Bà hổn láo quá,2
Đậu xanh..,1
Clm @@@,1
Việt Nam vô địch,0
Chị ba là mẹ của cẩm sục kẹc,2
học bổng gấp,0
Chú Bòn em chặt chứ ko ăn nha =))))))),0
Dạng háng bắt Sele buscu chứ gì thầy 😍,1
xin lỗi tụi bay chết kệ bà tụi bây tụi tao kiểm tra có cái cục cức gì đâu ( tao biết đó là thứ gì ),2
Phi Quý dầu thơm mùi nhức đầu chết mẹ =)),1
có thể suy ra 84% nhất trí là máy thằng ml tham ô :))),2
Bài hát này chỉ dành cho quảng cáo. Không có tiền thì làm nhạc làm sao :v,0
Ngứa hết cả cặc,1
Có chữ nào đâu! Mua bằng thì đúng hơn,1
:)) abe lam susan 0175 de dau ik,0
A...a....a...cái thằng mất dạy nào định tập tành làm sâu mọt của dân đây :v,1
Chế độ hiện thời chỉ còn tồn tại nhờ vào dối trá và mị dân.,1
Phạm Đăng the mat nước do roi ma k biet ngu ma con kich voi dong,1
thế này thì bọn sán dây tuyên giáo rả rời tay chân cả lủ,2
Học võ của năm ông lục tổ tức nhiên uh tức nhiên tiger nói học ở thái lan bên siêm riệp(tỉnh bên campuchia)tức nhiên tiger nói bậy chỗ này nha idol bậy bạ qua ồi nha tiger chắc nhiễm corona ồi tiger ưi,0
bọn công an chỉ có việc là đi đàn áp dân đen thôi.,2
Huỳnh Chí Tính CLMM CHỔNG MÔNG LÊN,2
Nguyễn Tài koi ccc bn,1
Chào các dân chơi,0
Hà Linh bọn ngu học Áy mà,0
Mắc cười quá đi châu ơi,0
"CÒN CSVN LÀ CÒN KHỔ SỞ .PHẢI THAY ĐỔI CHẾ ĐỘ CSVN .KHÔNG THAY ĐỔI ĐƯỢC ,PHẢI LẬT ĐỔ CSVN .KHÔNG LẬT ĐỔ ĐƯỢC ,PHẢI ÁM SÁT NHƯ NGUYÊN PHÚ TRỌNG ÁM SÁT LÊ HẢI AN VẬY .ĐÂY LÀ LUẬT QUẢ BÁO ,DÂN NGHỆ AN RƯỚC HỒ CHÍ MINH GIẢ VỀ CAI TRỊ VN NAY BỊ CSVN GIẾT ...",2
Tình hình là chưa được lên fan cứng anh ạ,0
Hài lòng del đâu,1
Căng quá abe ơi,0
"Coi mà thấy Cô duyên mà kiểu chân thật, nhìn đời thật tích cực <3",0
Chúng mày đốt luôn đi cũng kệ con mẹ chúng mày,2
"Dm, nó giàu nó mặc như lol người ta bảo đẹp:))",2
trời ạ,0
ăn bẩn ko chừa thứ gì kể cả bê tông.,1
Ngu thì chết chứ bệnh tật j. Thắng lại làm j,1
Ngu + phong bì + cấp quyền = loạn ngôn..,1
Ủng hộ thôi chứ cảm thấy bài này không hay bằng những bài trước..ý kiến riêng,0
Abe và sena ko thể ngang nhau được=)),0
Chẳng caption đụng chạm tới lòng tự trọng của thằng trộm vặt thớt ấy mà,2
Con mẹ mày trốn học thầy tao qua đây khịa cái gì đây 😁😁😁,2
Nó lại lên vlllllllll 🥴,0
page này thành phản động rồi,0
Trần Nhựt Linh nè,0
Xàm quá,1
Hông cho tụi tui được nghỉ mà thắng... thắng cái puồi à,1
Ai lớp du chu cà mo ☺️💔,0
"500 triệu usd= hàng ngàn tháng lương công nhân, cty mang tiếng xấu, mất việc làm, lơi nhuận, hồ sơ vết nhơ có sẳn. Vậy cái giá của họ trả nhìu hơn 500 triêu usd",1
My talking tom mà tôi cứ tưởng tom and jerry các ông giáo ạ :((,0
"Xin lỗi cảnh sát , buồn cười thật. Phải xin lỗi mọi người dân chứ, vượt đèn đỏ gây tai nạn cho dân . Xl cảnh sát wai gì, nó mà thấy thì ăn hành ngay và luôn",1
Méo hiểu thể loại fashion gì luôn 🙄 nhìn bẩn con mắt 😵,1
CHỊ BA SỐNG LANG THANG NGOÀI ĐƯỜNG TỘI CHỊ BA QÚA,2
Chị ba tiền chị như miếng giấy chùi lol em ne mặt chị xấu hơn lol em nữa ne chị ba chị sủa nhiều vậy em ko cần đồng tiền vơ bẩn của chị,2
Dang Thi Lan gần khu mk nè c ơi,0
Ai giàu 3 họ.... Nhìn tởm,1
"Tuan Quoc so sánh vs con gái, chửi con gái ngta đ* này đ* nọ, đéo biết mày có cc không nữa, hay não toàn phân bò",2
"THP sai thì tẩy chay, còn tml này cũng hay ho đ' gì, nó mà ko bị kiện thì cũng ngậm tiền rồi kệ con mệ tất cả bọn mày uống nước đái ruồi , bênh ngu vlllll",2
"Có ai mua đâu mà cứ chốt đơn ,chốt đơn -- ừ, xem như là 1 cái gì đó để thu hút người xem ii nhg cứ vô đụng cô MH là sao , cô có nhắc đến tên gì đâu , nước hoa 2 chia có vài trăm là đồ giả chắc rồi , chai nước hoa loại rẻ cũng gần 1 tr rồi , vs lại nếu như thật sự có rất n người mua ,vậy s o đưa lên cho xem ,xem có phải trog vòng 1 buổi live đó bán đc = với ' chốt đơn ' liên tục o , gửi bưu điện gì vài trăm triệu ? Tuyển gần 20 nhân viên ? Còn khúc kia nữa ' nếu sản phẩm lỗi ,nhân viên e đền , còn k e đưa sản phẩm cho khách dùng lun ' nếu đưa sản phẩm cho người ta dùng luôn vậy có đền tiền sản phẩm o ? 12:33 nếu o ,nói chi tr , còn nữa ' e o biết sao đến lúc e live người ta cứ mua wá tr ' ; ' e chưa bao giờ chửi khách ' ?? ...",0
Khắc tiệp thì lấy Việt tiệp khoá mõm lại,2
Người ta NÓI ĐÚNG SỰ THẬT mà sao cứ bảo là NÓI XẤU ? Quan chức chế độ này CÓ TÊN NÀO TỐT ĐẸP ĐÂU mà bảo người ta NÓI TỐT ?,2
mất dậy thật,1
"Tính tạo trend , nhưng fail cmnr",1
"Làm như ở dưới gầm giường người ta mà nói, ad nói chuyện ngu vđ",2
Cho xin chỗ đăng ký visa đi Anh một chuyến 😆,0
Nguyệt Quế nghỉ tiếp r,0
Đừng có y y bệnh cả nước k đủ thuốc là ăn lol luôn chứ ở đó,1
Ngáo thế,1
Mất tư cách dễ sợ,1
"Cộng sản toàn lũ tư tưởng độc đảng, Qua bên mĩ còn tư tưởng độc đảng như CHINA",2
"Nguyễn Jonh thật ra Mỹ chỉ chống học thuyết cộng sản nói riêng và những nước gây bất ổn cho thế giới, chứ Mỹ ko xem độc tài như kẻ thù bất cộng đái thiên nếu loại độc tài đó chỉ làm khổ dân nước đó mà ko ảnh hưởng đến dân nước Mỹ. Đến giờ các quốc gia",2
trời đất nào chiếm tiền của nhà nước mà thề ! nhưng bị cáo thì có! và quan trọng là tiền của nhân dân chứ nhà nước làm đách gì có tiền ! nhà nước chỉ giỏi phá tiền thôi !,2
Tử hình,1
Phạm Mạnh đù mạnh đi trước tương lại ghê chưa,0
C.A việt nam mà mượn xe cái mẹ gì. Mấy ông công an phường ở SG toàn thấy cướp giật là chạy lên lề trốn liền. Sài Gòn nhiều chốt dân phòng vậy mà ngày nào cũng xảy ra cướp giật mà toàn là hiệp sĩ bắt cướp không à. Mấy ông dân phòng chả biết để làm gì nữa. Haizz.,2
"Đổ đổ cc, ad bộ mày muốn cưa chưn rồi bà bộ trưởng đến thăm mày rồi đổ thừa cho cái số à?! Đm, khôn thì im đi nha, tụi nó không có lương tâm đâu, sẽ hiếp nắng mày cho tới chết đó, ý tao là ám chỉ mấy thằng dư luận viên kìa.",2
Lê Phương Linh nếu có nghỉ thì sát ngày nó ms tbao cho xem. Lúc đó chắc phải mua vé rồi chứ,0
Ca sĩ k-icm đéo gì 🙂 ca sĩ câm,2
Tưởng khỉ 🐒 muốn chịt lúc nào cũng được chứ - hè với đông cũng chịt chịt đụ đụ với nhau đúng khung giờ bố đi nhậu,2
Ý thức kb so sánh với cái thứ rác rưởi gì luôn😣😣,1
Hề già,1
Cc,1
Đéo ai làm thế,1
hết ngủ rồi anh ơi,0
Khi bạn là tộc trưởng nói cái gì tụi nhỏ cũng tin :)),0
(!) cánh hoa đây,1
Mẹ mày hưởi quần xì của con ômô ý lộn ômôi chứ kkk😁😁😁😁😁😁 cười ỉa,2
"Ngọc Hải ê, biểu tượng cl của m thành trend bên hàn quốc luôn r kìa..",1
Đa số thực phẩm ko bị tẩm hóa chất đều an toàn,0
Tội anh quá đi mong anh chết sớm để đc tự do,2
Ông Trần Dần kết hôn với Lisa Phạm..(Trời Sanh một cặp),0
Lỡ tay thầy ơi :)),0
Coi chừng bị nghiệp quật,1
Cay quá nhỉ,0
Giang Giang Đỗ Thị Ngọc Hà trend mới kìa kìa,0
"Chị Ba đã lên sóng, hóng chi Ba🥰🥰",0
@Tủn 3K bởi nói ngu bây ko nhận,2
Quốc Thắng ơ bắt bạn phải vào tl cmt của tớ à ơ lạlol ghê,2
Bùi Đức HậuHậu nếu nó cười vào mặt bn thì chứng tỏ bn không phải là j của ngta thì vc Dell gì phải sợ chỉ là thích sai người thôi,1
Tịch An đời thằng cầu thủ ở VN mà xuống phong độ là coi như ăn lz. Kkkk,1
Biệt danh ml,1
hic,0
8:50,0
"năm 72, 28 triệu bằng 28 tỉ bây giờ",0
Đào Mạnh An bên Anh họ thờ ơ với dịch bệnh. Vn vẫn là tốt nhất,0
K-icm ca sĩ ??,0
Đm admin ngu vcl:)) chăcs cậu đang tưởng mình hay vs nguy hiểm lắm đấy:)),2
Dm,1
Kien Ne dự án tốt thật =))),0
Mat day bg chui toi bát ký coi chung may ng do di tim may do song ko yên dau,2
Nguyễn Quang Huy thăng l nào chế cái này @@,2
"mấy bác ăn hại có làm éo j em cũng chẳng quan tâm,nói hoài mỏi miệng nhưng cái hành động lâu lâu có tàu lạ hành hung ngư dân,đâm chìm tàu ngư dân của quãng ngãi có biển số tàu trung quốc mà ko lên tiếng thì em ko chịu đuợc,rồi tối thời sự lại đưa tin t",2
và đây là những đứa đéo có não :),2
Tủn 3K nghe nói xạo lồn quá tr,2
Tại sao lại đến mức độ này? Chắc hẳn ai cũng biết,0
Cực kì cute có nhiều tài lẻ 🙂 nhất là cà khịa,0
Bác VŨ ĐỨC ĐAM Tuyệt VỜI vì bác đã có nhiều chiến lược cùng trong thời điểm chống dịch cũng như bác thủ tướng NGUYỄN XUÂN PHÚC Đã đưa da chống dịch như chống giặc thật tuyệt vời,0
"Năm ngoái thì vườn rau Lộc Hưng. Năm nay tới Biên Hoà. Nếu dân Việt Nam không đoàn kết, đồng lòng như dân Hồng Kông. Cuối cùng sẽ không có đất để chôn thân. Vì CS sẽ giao hết cho tầu cộng rồi hạ cánh an toàn ở nước ngoài. Người kế tiếp mất nhà.. chính là bạn.",2
Nguyễn Hoàng Ân 1705 :))) Abe gánh hết,0
Sống chậm thôi các ông,0
Thằng zô zăn hoá,2
"bảo yêu nước, thương nước, xong đi du lịch về lây bệnh cho nước mà là yêu nước à :)) đi du lịch về thì tự biết khai báo cách li đi... đằng này thì...nếu nhiều tiền quá kb lri thì đi làm từ thiện đê lại còn du ms chả lịch :3",1
Ở cái xứ độc tài độc đảng nầy mọi chuyện sẽ được che chắn nếu chủ trường là con gái của tướng Vệ và thủ tướng Phúc !,2
Tộc trưởng nói nghe xàm cặc. nhưng em thích =))),2
"Hải Yến kệ cm m luôn, tụi t thích là đx :))",2
Mất lịch sự thì có,1
Khung qua linh oi tôi sau ma Khung nua,2
Ngừi ta hợp tác lại rồi ^^🥴🤣,0
HỢP LÝ :)),0
Chưa kéo xuống còn tưởng rừng cây amazon :v,0
Mất dạy,1
"Thật ra thì nó đéo thích là đéo bh thích đâu chỉ là đợi đợi xem có cái kèo mới ngon hơn , thơm hơn không thoi còn không có thì vẫn có 1 thằng ngu cứ ngồi đó đợi mình , qt , lo lắng dại đéo gì mà nói ra cho nó biết mình là nó không thích mình lỡ mình bỏ đi thì toi , gọi là bỏ thì tiếc mà đéo muốn lấy . Món đấy dai nhai tốn thời gian lắm tốt nhất vứt mẹ đi kiếm món mới cho lành :)))))",1
Đỗ Đức cái cmt đầu có cái ảnh đấy chỉ wuạo xíu thôi chứ đọc tus nào trả có mấy cmt sống chậm đấy :)),0
xộn lào quá hà :))) 1 chai bán 1tr giảm còn 300k hai chai :v hàng giả chính hãng nha cả nhà :v,1
nguoi like thu 100 :D,0
Hải Yến xinh gái mà cmt thúi hoắc à 🤭,2
Toàn chó đàn,1
"Khi còn ngồi ghế cao, chúng nó kiêu căng, hợm hĩnh, còn viết sách dạy người. Tự mình cho mình là vĩ đại, là quang vinh. Đến khi cháy nhà mới ra mặt chuột. Cũng bởi dân ta ngu quá lợn, nên để chúng nó dễ làm quan. Cũng bởi cái thể chế độc tài, độc đảng nên mới tạo ra một chế độ bốc phét ăn tiền mà ăn to đến mức chúng ta ko thể tưởng tượng được.",2
ba uon thuoc chua troi😨😨😨,0
Tội anh mấy ông êy,0
Mom thui qua con nay loài kg an học mat dai kg so mot con nao tai sao len xin lỏi khóc nhu cho,2
Bố làm lương có 7 triệu,0
"Nguyễn Trọng Thái đợi cái lồn thêm 3 chữ ""địt chị mày"" nữa nhé 😂",1
Em gái iêu đẹp ghê giống tướng bà lắm đó 😍,0
địt cụ bọn này k con zề để bàn nữa rồi,2
Ok chú Độ nhé:3,0
TD yêu quỷ nói chả đúng gì cá,2
"Bây h đang giết thời gian vào công việc , làm tới nỗi mà người lúc nào cũng trong tình trạng buồn ngủ . Chẳng có thời gian mà dành thời gian để nói chuyện với ai . Miễn sao làm cả ngày có đủ đc 6 tiếng ngủ là đc :)))",0
Bị đấm gãy cmn răng,1
Chị nói tức cười ghê Chị đẹp lắm,0
Phan Thị Huyền Trang b ơi mình xin ảnh con chó 🤣,0
tiệp corona,2
No qua ma oi nguoi ta giau kg ai ma dem khoe nhu ma dau noi la biet no roi 2020 ruoc ma ve no dum nha con khoai dot phao,2
má mắc nếttt,1
Trúc Ngân ơ s lại đi so sánh dink kout của cây a tê em vs đỉnh cao của Jack vại bạn?? 🙃🙃Thiệt là khập khiễng vs cả thiệt thòi cho bạn nện đàn dzợ🙂🙂🙂,0
Ngực nhỏ quá đi,1
"Thiếu! Ý thức của người VN quá yếu và quá kém. Giờ giấc cao su, cha chung ko ai khóc, thiếu tinh thần hợp tác...",2
Có cc ý :)) tin người vl,1
Cko e 50t di,0
Dô con di mây ngon lâm ma,2
"Nào các em để chị dẫn các em vào ""NGÀNH"" nhé =))",0
"Ôi trời giai cấp lđ ở ta thì đổi trắng thay đen nhanh lắm,nhìn thì vậy mà lại không phải vậy,chỉ có điều rõ ràng nhất là chỗ nào cũng có chuyện vợ ông này cặp với chồng bà kia!",1
Đm thiên tai cũng đổ do cộng sản =))),1
Phà Nguyễn ngày mai chúng ta muôn trùng xa mãi xa 2 phương trời. Nào mai sau có còn thấy nhau :))),0
Mặt nhìn kinh quá,2
Sơn Hoàng cái điệu của bông nè ck.,0
Dm đánh răng thôi nó cũng chiếm 80%,1
Như lol anh ba,2
Thằng ad chắc theo công giáo nên suốt ngày thiên đường,2
Tránh ra để t bắn chết mẹ nó......,1
Cayyyy😂,0
"Sao Vlog sang quá mà, ý thức củ loz vayy?",2
nhắn thêm chữ địt chị mày nữa chất vlon a êiiiii,1
khi dân ta ảo tưởng :3,2
Chán,1
Dm quảng cáo :)),1
Ad chẳng biết cc j cả. Ổng nói đúng rồi. Ko có tranh giành gì hết. Họ rất đồng lòng và tất cả mọi việc mọi vị trí đều đc sắp xếp cả.,2
"Tao mới đọc cm gì xong vậy, tao chưa có chồng mà 😂😂😂",0
Tự nhiên nghĩ lại thấy đẹp trai cũng là cái tội ae ạ,0
Mac ia qua,1
Vụ này mà con Nhung ml ko đi tù thì sẽ có khối đồng chí phải đi thay.,2
"A làm như thế thì rất nguy hiểm cho nhiều ng, đặc biệt những ng thích ăn bánh mì, ko có những ng vượt đèn như a thì lấy đâu ra bánh mì mà ăn, rồi còn vợ con gia đình họ nữa, k có bánh mì thì sẽ chết đói, k làm việc đc, thất nghiệp, kéo theo kinh tế trì trệ vì thiếu nhân công, ảnh hưởng sự phát triển của đất nc. Quá nguy hiểm. Đm như vậy mà mình cũng xuyên tạc đc. Nể thiệc. :v",0
Có tiền rồi nói gì cũng chuẩn chị ạ :)),1
Fan thầy lắm đấy 3 heo à,2
Quỳnhh Hoa nhà ko về tính về đâu?,0
Lắm tiền mà đéo bh chịu làm even cho học sinh,1
Tộc trưởng chuẩn bị làm quả refund gắn kết yêu thương cho ae rồi đấy,0
Chán dell muốn nói gì 😢,1
Cô chững chạc hơn nhiều r 💛,0
12:00 cho ai cần nghe chửi,0
ói hànggg =)),1
Thằng này bị cả hội eva bốc phốt mà dm thằng add còn cố đéo chịu hiểu mà đăng lên,2
ong do chuan bi co dua thu 2 roi,0
Cực kì thuyết phục! 🤧,0
Tất cả vì mấy thằng bụng phệ óc mỡ quản lí thôi.,1
"con này nó giả tạo, m càng chứng tỏ m càng để cộng đồng mạng hiểu hơn về mày 1 kể lừa đảo, vừa khóc vừa cười hả",2
ờ ờ . nợ thì chúng m nợ nhé. :T t đéo có nợ ai dâu nhé :T .,1
Bh van con nghe nỗi nhớ đóng băng chứ đùa =]]]],0
Đạo khổng ăn quá sâu vào tiềm thức rồi. Xã hội đó không thể bắt kịp nền văn minh nhân loại nữa.,2
dme 500like còn dc chứ 100 hơi ít a ơi :v,1
Ok anh ưi,0
Jack gầy lắm a ơi muốn tăng cân thì ib em nhé,0
Hư cả một thế hệ..,1
Bùi Cao Minh toang '),0
Thân? Chửi học trò như 1 con chó... Thương cái lồl..,1
Chúng e rất cần sự nghỉ học =))),0
i love aba ❤❤,0
Lốp là m đấy,0
Nói gì vậy lão vô văn hóa,2
Nó xui vl,2
Nguyễn Bá Quang giống mấy con bò :)) cứ tưởng thế là hay là hài hước.,2
Nỗ lực từ cái xe đạp lren đk cái xe ba gác rồi.nói như đầu buồi,1
Kì này toang rồi 😂,0
"Ad tính đâm ai à??? Nên nhớ là lúc đó nhật đã đa đảng rồi, ko làm đc thì moi mấy cái này lên làm gì. Hay để xúi dục mấy thằng nhóc làm theo rồi vỗ tay",0
Hỏng bồi thường cũng từ tiền của dân ra hết đm phải bỏ tù nó nếu nó lộng quyền thì mới đúng,2
Chua ai ngu bang dan viet nam,2
"Thành hồ và thành hà, thành nào cũng bị ô nhiễm không khí độc hại rất nguy hiểm ! Có lẽ ông trời ổng trừng phạt bọn Việt cộng gian ác, gian tà, gian dối, gian dâm, đã nghèo đói mà còn bày đặt ""giải phóng Miền Nam"" !",2
"duma hỗm em trúng dc 20k k dám chơi nhiều thầy ơi, so anh ba giáo án xạo lz",2
Lan Hoa mấy đứa suốt ngày bảo người ta đạo này nọ cả đời chỉ núp dưới bóng của người khác 🙂,2
Cánh hoa bên đấy là l** bên đây 😰😰😰,1
Mầm mống tai họa của xã hội,1
Lúc bé khỏi lo ăn lo nghĩ :((,0
😛🤣,0
Cái mỏ y như mỏ của susan 0175 :))),0
Sợ vl đi lấy le vs gái chịu,1
Phước Hữu anh thì double ngon dồiiiii,0
"Đã đi xem và thấy nó đéo gay cấn gì cả, chỉ có hiệu ứng âm thanh âm thanh là ghê. Có lẽ bộ phim mang tới cái triết lý nào đó",1
Nhin c minh hieu con co duyen còn con di linh ca loc nhin mat no muon cho no an dam,2
aatrox nữa,0
Tóm lại là con gái hay trai... 😶😶😶...bực mình vl nhìn hoài ko ra 😑😑,1
Anh ba láo nháo là Tú xiên giờ,2
Cũng muốn làm lắm :)) nó chúng nó bảo t toàn đi cà khịa nên ko ai xem đâu =#),0
Thúy Hiền gơ thiệt,1
Người ta giàu tự nhiên zô nhận người qurn dòng họ,0
Trần Vinh :) về nhà mà giúp mẹ giúp cha ở đây thuyết phục cái mả cha nhà mày,2
sang Khựa + sang Mỹ mà xử phạt con ngu ạ,2
Ngu + phong bì + cấp quyền = loạn ngôn..,1
Trà My livestream của youtobe có sau fb nha em,0
Lại Hợp Sâm clm đến v thì /ff,1
Chắc Tiệp nghĩ Tiệp là hạng Thượng đẳng :)),2
Xao lon qua,2
Nếu em nổi tiếng giống thầy là em làm rồi,0
Làm đường sắc ngoài bắc thì người ngoài bắc gánh mà trả đi nhé :),2
"Ai cũng biết. Đã là chửi thì chửi thẳng, vòng vo nói nho nữa thì đổi tên page đi. Đậu má rau xanh.",1
Ní nuận của dlv đây 🤣,2
Haizzz thằng này nguy hiểm,0
Tăm TămPhuong TrinhHoài Thương ôi sếp người ta,0
Đậu xanh rau má thằng DLV nào vào đỡ dùm cái chủ đề này cái :v ? Giải thích sao định hướng XHCN mà lỗ nhiều vậy ?,1
Phương August =)))),0
+ sản đã làm cho nhân dân bị bệnh kiệt kháng ( sida ) hết rồi.,2
Tùng Sói : Ba Ơi Con Còn Tuổi Học Sinh Bồ À =)),0
May mấy ông không đến tận chương trình ngta hò :)))))),0
Lớn vậy rồi chứ không phải rầu nha đũy ơi =)))),1
ở đâu bán ad,0
Đàn bà j nhìn mặt giống dân ông xấu thấy mô,1
3 beautiful black cunt suckers🙏🙏👌👌👌,2
Đá phò nào chứ trừ con phò này nha :)))),0
Ra tiếp clip đi anh châu oiw :33 hóng clip mới của cô quá :3,0
xạo vl,1
Con đỷ mẹ mày con chó,2
anh nhím đâu rồi😂😂,0
"Tao thấy mày giống sát chết đang ngồi quán, con quỷ ơi",2
"Tạm dừng dùng Facebook làm gì anh ơi , mặc kệ miệng lưỡi thiên hạ họ nói gì thì nói , đâu phải ai cũng là người trong cuộc đâu . Vì vậy anh hãy tiếp tục sử dụng Facebook đi , để còn biết trên Facebook anh đang bị cđm chửi sml chứ",2
Đừng có mà tiếp tay cho gian thương đầu cơ tích trữ,0
Phúc du anh son beat tạo nên 1 bản rap hoàn hảo,0
cũng giống như Yêu lâu sẽ chán người ta sẽ đi tìm một người mới làm người ta hạnh phúc hơn =)),0
"Xàm ghê, có miến ziên nào chết liền , tự nhiên so sánh với Lisa",1
"đúng rồi, ngu đeo vàng nó chặt tay thì chết chứ còn gì nữa. dạo này thời tiết xấu, trúng gió độc chết là bình thường mà. cs nghèo chỉ có tiền ăn bánh mì, ko có tiền làm tường chắn gió, dễ trúng phong lắm. mà quan có bao h tham nhũng, toàn bị dân ép phải nhận tiền chứ quan thanh liêm lắm. - 1 thanh niên yêu nước yêu đảng cho hay-",2
Cái lozz cát không.,1
Tác giả đang nói thằng niễng và thằng cố vấn của nó.,2
Tôi nghĩ tiền không làm gì được các ông ạ =)),0
Ad là tác giả bài thở hả?,0
"Có lý phần về anh Vinh thôi, còn HL thì ông ad đéo biết gì",0
phục cái cm mày :),1
Trần dần bệnh tâm thần chuyện có nói ko chuyện ko nói có làm cho cả cộng đồng người việt ở Mỹ quá bức xúc truyền thông pho bolsa tv giống Trần dần bịa đặt chuyện có nói ko chuyện ko nói có,2
khôn thế thầy lòn :)),2
Chi dep qua c oi.su con cho do di c.con mat day con cho phan quoc.,2
What đờ phắc,1
Hé lo,0
Nghe đến đoạn cuối thông đít nhau hàng ngày 😂😂 buồn cười vcl,1
Nè ní. M sai m cố chấp jo m xl à. Đào đất ngủ đi r nhận sự tha thứ,2
:v Mấy thằng này bệnh thật vậy mà cũng nói được !,2
Anh Trung lòi dái :)),2
Phàm :)) vlon thanh niên,2
Nói chz xàm lol,1
Em chua yeu ai bao gio =))),0
link đâu con mẹ m,1
Sự kiện cc gì đc 2 tuần,1
Lee Sin lol mẹ giáo án kiểm soát của thầy Tú,1
Nghe bà này nói chuyện ốc ác noi da gà hết sao ma ác khẩu vậy mà nói tâm tốt sau này cái miệng bà này o có voi nam một cho roi đó hết la làng tôi kieu an bà này sẽ co,2
Cai mat nha tien tri Tran Dan.nhin giong cai phau cau ga cong nghiep wa mn oi,2
"Ủa chứ em nghe mấy chú mấy bác hồi xưa kể là người ngoài Bắc với tư thế hào hùng đào núi, vượt rừng vào Miền Nam giải phóng ách đô hộ của thực dân pháp. Vậy khí phách anh hùng, hào cường ngày xưa đâu rồi. Sao giờ than với rên nghe chi mà não ruột quá dạ.",2
Jack mà mang mấy cái đồng hồ ghẻ này à.)),0
Xao can ngày chi can dep vay,0
Hnay sói sẽ làm thử thách 24h đưa ông già về quê😂,0
Đm chậm thôi :)),1
"@Hoàng Phúc Lê t củng đã cmt gì trên fb bả đâu mà bị chửi chỉ là đọc thấy ko thích ok, m ko đọc là t củng thích xem clip vì vui nhưng đọc cmt thì thấy nhiều cái quá đáng à chứ t chửi gì cô lan của m. Lgbt tối ngày đòi bình đẳng ko kì thị nhưng người ta chưa nói động chạm gì mà dựng lồn lên chửi như m thì người ta ai ko ghét 🙂",2
"thật sự xin lỗi các bạn, con chó tên là Thành Lê nhà mình xổng chuồng lên đây cắn càn, để mình nhốt nó vào chuồng :( thật sự xin lỗi",2
Chó cs bán nước hại dân.,2
Tế :)),1
"đéo ai thèm làm ,vì họ biết khả năng của họ đến đâu",1
Anh Thi là m pải bị nhiễm corona goy cho m uốg thuốc thử nghiệm vaccin🤣🤣🤣🤣,0
Kg hiểu người có não kg lúc khỏe ăn chơi nhẩy múa sứ người chê bai đất nước đến lúc gặp họa thì chạy về quê hương đúng là lúc gặp họa mới biết đất nước nào là ân tình,1
nứng nứng,1
Dâm loạn viên bây giờ toàn mấy thằng con nít ỉa chùi đít chưa sạch,2
Đình Quang xạo l z pa,2
"hàn quốc là phồn vinh giả tạo, làm tay sai cho đế quốc thôi",2
Ủa rồi nhiều tiền để mang dịch về hay gì,1
Còn giúp chúng ta thành đạt nữa!!,0
Giọt nước tràn ly đi.. hãy ra nhiều luật vice lone hơn nữa. tôi ủng hộ,1
Thằng này nguồn gốc là công an cộng sản thì bản chất đểu cáng trơ trẽn là đúng rồi.,2
cuop ngay benh cuop dem ma.be lu no phai benh lan nhau la phai rui,1
Ủa nó đẹp chỗ nào vậy,1
Hicc :<< ừ thì mình hong có tiền mua rep nhưng mình đủ tiền mua brand Việt dùng sướng vl chứ hong phải hong có giày đi ạ :<<<,1
Kiep sau may con dy bong nay luoi phai thuc vo cua minh moi vua bung tao da la bong ma toi ngay chui nhau xem ma ghet ghe do bong khung lon nhan xet chinh xac,2
Ông đi đâu mà lạc sang đây đây,0
Quá nhanh quá nguy hiểm,0
UwU,0
bầu cử cl gì mà tao lên fb biết kq đâu mấy tháng trc rồi. bâu làm cm gì nữa lấy tiền chia đi nhâu có đã k,1
:))))) nay thi doc quyen :V d' cho tu nhan tham gia om chet me chung m di :v de dan ganh d gi,1
Cực kì thuyết phục !,0
Đảng cộng chó,2
Mục đích là dmcs hỏi nữa k,2
ở Hàn gọi là chiếc lá còn VN là lá chà bồn.,1
Lona Trần má đừng có nhớ tới kao trong những khoảnh khắc nhạy cảm nha mạiiii. Má hơi gê ák...,0
"Địt mẹ lũ chó bán nước hại dân, ăn nhiều cho mập thây",2
chặt cuu,1
Đéo ghi nguồn.,1
"Con lợn ad , thế mày định làm gì ? Vác súng ra biển đi , đừng vác bàn phím mà sủa theo lũ ""dâm chủ"" nữa nhé con .",2
Con này đúng là sạo lồn 9 phương Củng ko chừa phương nào hết,2
Chào các chế nha🤣,0
Ý thức còn ít hơn cả số tiền trong túi t,1
Ai giàu 3 họ.... Nhìn tởm,1
Cai vu veadan cung the thoi. Dit cmcm um xum len dc cai cc j,1
Anh nói hay vl! Kiêu thì nghỉ mẹ đi còn gì nữa :)),0
Fan Mềm đâu vào điểm danh rồi tự an ủi nhau đi mấy thằng lol :((,1
"Hà Nội sẽ đc đổi tên thành tp Mao Trạch Đông, đg biên giới VN sẽ đc mở rộng ra tới Tây Tạng. Giải phóng Đài Loan sẽ là nhiệm vụ hàng đầu của nhân dân xhcn, đế quốc Mỹ và bọn tay sai sẽ phải cút khỏi biển đông và biển nam hải. Cùng với Thượng Hải, Bắc K",2
BA GIA NAY KHONG DUOC BINH THUONG ...HAH HAH ..CHAC BI DUT MAY DAY ...,2
Giáo án cc gì đây,1
"Tưởng thế là hay, lớn r à không! Già r mà k biết suy nghĩ gì hết",1
Fake và xịn thế thôi tốt nhất đeo Thượng Đình cho thượng đẳng,0
"Đang vi phạm thì im re, xong xuôi rồi thì mới rà soát, sau đó thay đổi pháp lý để chính thức công nhận vi phạm, hỏi sao ko xử lý kịp thời thì nhân đc câu trl là ko hay biết, lực lượng mỏng, cần thời gian kiểm tra...@@",1
Trường Atlantic ib b ơi,0
"Chương trình riết nhảm, bế tắc. Mời bọn tục tỉu, vô văn hóa lên tv.",2
Chú nghe rồi. Tin tức Việt-Nam chú cập nhật từng giờ. Thư giỏi.Có theo dõi và ưu tư về tình hình đất nước là đáng khen.,0
xuất khẩu gạo còn bị trả về vì vượt mức an toàn thì làm ăn j nữa,1
Mới ăn hôm qua.ko biết là sam hay là so. 😣😣,0
Đm thiên tai cũng đổ do cộng sản =))),1
vui ghê,0
Lợi clmn chứ lợi,1
SAO KHÔNG MỞ ĐẦU BẲNG CÂU '' ĐỊT MẸ '' NGHE CÓ PHẢI HẤP DẨN HƠN KHÔNG,1
Đcmm ad,2
Thầy làm như vậy là chết cdm tụi em ròi,1
Vậy thì đừng xem 😒,0
Nói gì thì nói từ báo đảng là đáo tin được rồi,1
Con gia nay sao ra duong duong xe no tong chet me duoi gam xe,2
"Chế độ tốt sinh ra con người tốt . Hết xả súng da đen , trẻ em , CS mỹ lại làm 3 cái trò này ..",2
:>>>>>> taocutaodiia :)))) nghiệp quá cô 3 ư :>>,2
chỗ tui chưa có điện nữa mà kế bên quốc lộ 91 tỉnh an giang mới chết chứ .....đất nước có thật đang phát triển k....dốc láo riết quen....,2
Đm ads phản động nhé !! Các bạn Cơm Sườn đói là thích các bạn ấy làm thôi :3,2
Nguyễn Khánh Quen riết r lại muốn có ny,0
Biết điều là tốt . Ko t cho xuống cầu SG là chít mẹ☻,1
"Cái miệng cua con bong thuôi này chuoi ngta sẽ bị UNG THU hong,lưoi miệng cực kô?",2
"đcm cái bọn ""Animal"" ""TAND BT"" ăn tiền nên mới xử như vậy.",2
sin,0
Thầy làm như vậy là chết cdm tụi em ròi,1
sau kì nghỉ hè đi khai giảng thì cờ rớt chụp ảnh ôm nhau cùng ny :)),0
Mời mấy anh vào chơi chung,0
Láo,1
Vũ Khắc Hoàng vcl râu,1
đập ngu như thầy thì mãi mãi cx dell lên đc +7 e thề,2
Chạy từ từ thôi abe,0
Mai Thu Hoàng tôi còn vừa bị chặn cmt rồi kia kìa😂😂..đúng là đáng sợ hơn cả dịchhhh:)))),0
Kay vl đang ngon bỗng nhớ lại mấy chuyện sân si suýt cười ỉa =)))))) Triệu Huy Tú,1
:3,0
Nhin cung dep that nhung hoi',0
Thương cô quá à😢😢😢,0
Hoangphat Nguyen hơi trách đâu trách bà quỷ này bạn ơi.mình người miền nam nhưng nghe còn mệt hả luôn,2
Em mà đập đc thằng chính phủ như vậy chắc e đã làm rồi 😂,2
Còn Samsung thì đòi đem 700 kỹ sư nó qua mà không muốn bị cách ly suy nghĩ óc chó vẫn tồn lại ở người hàn,2
hình như thằng này là thằng muốn ăn gỏi MC Phan Anh đây mà :3,2
Cả họ con này bị ma ám,2
Thỉnh thoảng lại có địt con mẹ nghe hay vãi lon,1
Nghe như bị hiếp dâm vậy đó :)),1
em đ có cửa 😞,1
Phùng Khắc Hoàng Linh cũng thế hả c 🤣🤣🤣,0
chị thấy là chị sỉu =))),0
Trần dần là người của ĐCS rồi 😂😂😂,0
"Chú toàn ơi ,video con còn nha con ác phủ vậy chết luôn đi Cho đỡ kẹp đất 😡😡😡",2
Chứ bạn nghĩ bọn nó giờ là gì,0
"Kô ai muốn phải cách ly ,nhưng vì sk cộng đồng cũng như sk chính mình hãy cố gắng lên bạn,bạn càng nói thì cái não của bạn sẽ bé đi nhiều.chúc bạn sau 14 ngày âm tính với corona.",2
lik đâu dcm,1
Bọn kia đi đập chết mẹ dân rồi nhé,2
toàn thanh niên nghiêm túc :v,0
CHỊ BA VÀNG NGỌC có cây nọc giữa háng,2
Mạng nhà t lúc này,0
3 beautiful black cunt suckers🙏🙏👌👌👌,2
Con này xấu giữ vay trời,2
Trần Tân Kiệt cái ông producer bên đây làm nhạc hay hơn cái ông sinh năm 99 à nhàm 95 á hình như 93 ông nhở?,0
Xin slot. Ngày mai đi luôn,0
M làm cc j mà đăg cái bài ngu vậy ad? Cho chúg vào chửi ngược à????,2
Thầy ơi giáo án mới 0177 của con nè :),0
Truong Anh nghĩ lại vụ đó thấy tội bác lái container vãi đéo làm sai cũng bị phạt chỉ có thể là VN phiên tòa như show hài,2
Địt mẹ tụi trung quốc,2
Mpv cái máu lồn đỏ như tới tháng,1
Gia cát ba là e cứ tưởng tế công phiên bản bóng chứ,2
Giáo án cc gì đây,1
Con nay noi chuyen qua la mat day CDM phai cho con nay mot bai hoc nho doi,2
Ngọc Huyền Mai Nhi Phương Tâm Ngô Tuyết Liễu Trần Khuê Việt Upin Lương Mỹ Phương Mỹ có thờ có thiên có ziên chết liền :),0
Bên mỹ thiếu bệnh viện thần kinh?,1
Đấy thấy chưa ko có thông báo mà tự giác là rất tuyệt vời del phải như ai kia làm cả thủ đô ăn mì,2
Phường tao cũng thế.,0
Thai avata toàn zai đẹp. Kinh,0
Xịn xò vl kk,0
Mấy đứa giàu thường rất thích đi dạy đời người khác,2
Clm nó dơ như chó rách,1
Tự hào về chiến thắng một giải bóng đá để che dấu những hèn kém khác của đất nước mình.,1
Con trâu xanh cái mặt như cái lồn họ:D,2
ai mua đâu mà sale :v,0
Chị Ba làm đéo gì có lol đâu để mà xài giẻ rách hahaha,2
Cái thằng minh râu dâm dục chuyên ấu dâm các em thiếu nhi còn làm được cha già vĩ đại của mấy em bò đỏ thì nói chi đến mấy thằng bị tâm thần.,2
Ai cung dich corona sau con nho nay khong bi vay ta do khung,2
Cho khug,1
Ủng hộ aba xoá kênh,0
Ôi đm xoạc háng ra đọc hết cái cmt thì đau cả cứt,1
- cả 2 cũng chỉ ngu như nhau thoii khỏi so sánh :)),1
Thằng già sống bẩn quá,2
Diệu Linh cái thứ nulooo,2
Ý thức như L..,1
Bắn bỏ nó đê,1
Ông này ghét trung cộng mà hình như ông ta múa bài quyền phù cáo có mùi Tàu khựa,2
bác dũng 2 khóa thì cũng về dc rồi :T,0
Em cho phép a tuyển em vào cty của a,0
Dương Bé chết rồi trời từ con 17 nó lây loạn xạ,0
"Kiểu như 1 nét đẹp văn hoá "" nếu chưa bị mất ví thì k thể nói bạn đã đén vn "" 😂😂😂",2
Dạng như con mụ bộ y tế khóc khi bệnh nhân uống phải thuốc giả vậy á,2
Thời buổi nào rồi mà còn yêu đương. Ăn học k lo. Yêu yêu cl,1
thay im me mom di,2
Họa từ miệng mà ra,1
"Nghe đâu mỗi năm mất gần hơn 900 tỷ để duy trì cái xác ấy sống mãi trong sự nghiệp cướp bóc của chúng nó. Kinh , xác cha già chúng nó mà chúng nó cũng ko tha, xơi luôn.Bao nhiêu năm rồi nhỉ?!",2
nghe quả nhạc dạo đầu ám ảnh vl anh ạ:>> mất ngủ là có thật🤦🏻‍♀️,1
Hề già,1
Rút kinh nghiệm thôi mà ^^,0
DIễn tập chống khủng bố ở Sài Gòn.,1
nhưng cũng đỡ vất vả hơn trồng khoai ở quê :)),0
Học công nghệ sản xuất kem chống nhục và phẫu thuật cắt dây thần kinh xấu hổ,1
Anh 3 oi.anh lam gi co LON ma chui.hahaha,2
Mong cho năm nay thầy vẫn giữ vững phong độ và tiếp tục là ng gác cổng KC :))),0
Xã hội cong vòng,1
Trung bị dính lời nguyền :)),0
"người mình ở nước người ta trộm cướp lừa đảo, người ta sang đây làm ăn đàn hoàng thì bị khủng bố, chả hiểu nổi",2
Cháu cũng làm con cặc j.,1
Buồi to như lõi giấy vệ sinh nghe buồn cười vl,1
Gia Minh thầy bị camp chứ đánh lủng cc đâu petland quăng mạnh vcl ra ấy :)),1
Đinhh Thị Hoàii Thuu ngủ mẹ m đi,1
Nghe giọng lứng quá abe,1
team cầu giấy lúc này😢😢😢😓,0
Nhanh tay lên mn,0
Duy Anh Pham dm,2
Tường Vi rủ xong là khuya r đó ngủ luôn đi :)))),0
T lấy hh Sett 😂😂🤣,0
Thấy thì thấy nói giàu lắm có tiền lắm con ông cháu cha lắm. Ra nước ngoài dell có tiền về .Bệnh xạo lozzz thì vẫn còn mỗi ngày.,2
Abe vô địch Abe vô đối :< em mãi yêu Abe,0
Chúng xây tượng đài nhiều hơn trường học.,2
Nổ như chó,1
Tế :)),1
Ong Lân ôi ong xảm quá hi,1
Nhanh vl các ông:)),1
quan trọng là dân đéo tin vào chúng mày nữa chứ ko phải là sợ chúng mày lạm quyền trưng dụng,2
Đồ giả,1
"Nó đi du lịch bị lây cũng ko có gì để bàn luận , cái chính ở đây là nó khai gian , nó nghĩ nhà nó nhiều tiền , về nhà nó lấy tiền nấu thuốc uống sẽ khỏi bệnh , cái lịt mẹ nó con chó nhung😡",2
mọi chuyện có abe lo hết,0
"@Thảo My trước kia tục thật nhưng chửi hay còn bây giờ thì ko đc vậy. Với lại mình củng thích chị này thật nên hay vào fb xem vs like hình nhưng nhiều cái thấy bả quá đáng lắm. Nhiều người vô cmt đàng hoàng nhưng ko vừa ý là bị chửi tới cha mẹ ông bà liền, fan thì vào bảo ngu hay sao mà ko biết chị chửi giỡn. Khi người khác lên tiếng chửi lại đùa giỡn vs mất dạy nó khác nhau lắm thì clip này ra đời. Bản thân chửi cha mẹ người khác thì cho là mình chửi giỡn cho vui còn người khác chửi lại thì bảo mất dạy, coi vô lí vl ko 😂",2
"Lũ chó , bán nước hại dân",2
"May là đô khùng, ăn nói tục tiểu ko biết cái loại ca tụng máy là loại ko học thức",2
"Đang có cái game mua Hàu tặng bút này a e! Dùng cái của nợ chị vợ nói là đây nhé. CH!CH khỏe, CH!CH phê, đê mê tối ngày!!!",1
Lê Ngọc Minh Châu đóng học phí trong nonolive là chổ nào vậy bạn,0
Vấn đề là cho tiền ng nghèo thỳ lấy đâu ra tiền cho các bạn ý đút túi🤗🤗,2
"Kệ mẹ lồi báo, bé này dễ thương.",2
Tự hào về chiến thắng một giải bóng đá để che dấu những hèn kém khác của đất nước mình.,1
bệnh hoạn v lin,1
"Địt mẹ, kiểm tra nội bộ 😂. Giống như dùng tay sục c#c vậy ad nhỉ.",1
Vậy mới thấy thầy Park vừa đẹp trai vừa tự trọng vừa cao quý ❤️❤️❤️,0
Nguyễn Thuận ý kiến của tụi tao thôi thì thấy không hay thôi mấy bài trước điều được riêng bài này cảm thấy không hay cho lắm =))),0
"người mình ở nước người ta trộm cướp lừa đảo, người ta sang đây làm ăn đàn hoàng thì bị khủng bố, chả hiểu nổi",2
Hài lòng del đâu,1
cho e hỏi đường lên thiên đường cơm sườn sắp tới chưa ạ chứ dân trả phí cao quá,1
Xl,1
sale cc à thầy 😆😆,1
Cho em liếm lỗ nhị Thầy,2
Dang Khoa Nguyen đã bảo nói nhỏ thôi k nghe.ông thấy mấy đứa tự nhục vào sủa chưa,1
"Em là một đứa xem chùa mà vẫn được fan cứng, em mong ad xem xét lại gỡ xuống để cho người khác xứng đáng hơn em ạ :vvvv",0
Thảo Chăm tôn hẳng con cu tí hon của anh tịp,2
Có cl chụy mày tin ấy :)),1
Lê Bảo Kiên chỉ đạo vụ nay zồi 😜,0
Cảm động,0
Yêu cô Minh Hiếu!!!,0
:))) chào nha,0
hợp lí a ơi,0
Vu Thuy Bich Vy cai nết ia md ne =))),1
Uống nước rửa bát xong ngồi đợi đ chết,1
ặc :),0
Thôii a3 về đi em về trc đây,0
"Từ khi đâu Việt Nam thành cái ổ chứa dịch của bọn Rich kid ,Việt kiều vậy ủa khi còn khỏe có tiền thì sống nước này, nước kia,quốc tịch này quốc tịch kia, rồi tới khi bị gì lại quay về Việt Nam, kiểu như Việt Nam là chổ tạm trú á , đéo hiểu chúng mày sống kiểu gì luôn",2
Xem mấy thằng chym ngắn thượng đẳng cà khịa chúng ta mấy hôm nay thấy thế nào nhỉ,2
okeeeee,0
Ngứa dái quá thầy,1
E nge noi chi cua e cua chi co hk chu chi co cai lon gi,1
Dạng háng bắt Sele buscu chứ gì thầy 😍,1
Cô 3 oi...con ham chiếc xe SH 150! lâu lắm rồi mà con không thể nào mua nó được nổi. Cô 3 giúp con 1 lần đi Cô 3,0
Nghe chị nói ko .đéo thấy lol gì .,1
With love 💕,0
tham thì thâm.,0
Ở với + sản..bạn đấu tranh họ cho bạn là phản động...khi + sản sai...nó sẽ rút kinh nghiệm..đậu xanh rau muống..,2
Idol nè Vũ khắc CẶC,2
Mh o California mun kết bn zalo voi châu. 0919677682.châu kết bn mh nhe,0
From Mixi With Love 💜,0
bút nhìn yêu vậy trời,0
Vì nước vì dân.chung tay dập dịch,0
đút vào mồm thầy,1
chuong tring nay riet roi khong co viec lam nen moi nhung thanh phan tao lao de dua len song.......nhung thanh phan len mang xa hoi chui rua........tao lao....thay giau bac hoan la ho......,2
Có event mới đi học nha thầy =)),0
"Có tiền, có xe mà ý thức thua điểm thi hóa của cháu nữa :\""((",1
con yêu mẹ :x,0
link đâu con mẹ m,1
CHỈ MONG TRỜI XANH TRÊN CAO SOI THẤU XUI KHIẾN LÃNH ĐẠO TẤT CẢ CÁC NƯỚC TRỪ BỌN TRUNG QUỐC ĐUỔI HẾT BỌN QUAN VÀ CON CHÁU CỦA TẤT CẢ BỌN ĐẢNG VIÊN CS KO TRỪ MỘT AI _ KỂ CẢ HỌ ĐÃ RA KHỎI ĐẢNG RA KHỎI CÁC NƯỚC KO CHO CƯ TRÚ KO CHO NHẬP CẢNH ( KO CHÚNG,2
"HUI bây giờ triển vọng vậy, hồi tui còn học thì trong đó nuôi cả đàn bò tin vào sự dẫn dắt tài tình của đảng và nhà nước :))))",2
Tào lao Trầng Dầng .... trồng răng đi cha trước khi lên show ... tàu lao ....kkkk,0
Liên quan gì mỹ bảo vệ vn?????? câu chuyện đó phải nói là mỹ bảo vệ 3que nhen hông,2
Bớt xạo loz nha,1
"Mo mom ra biet ngu.nghi sao dung tu nhin,",1
Nhục nhã quá hiếu minh ơi mày la cái loai dơ bẩn . Qúa bây giờ may sang măt may ra . Gu gu gu gu nhục nhã nhục nhã kkkk,2
Nhảy hết cả chổ tao rồi tao ngồi góc nào đờn,0
Chơi đồ mới có sức đề kháng tránh dịch,0
Chị ba có cái loz bằng cổ tay!,2
Chỉ cần kí 1 cái là đc cả trăm tỉ mà éo phải đi tù thì tội j ko làm - một a bụng bự cho biết,2
Ad méo biết thì thôi. Tầm nhìn nhà cơm sườn nó phải 1000 năm nữa mới thấy cơ,2
anh chảnh chó thì cho anh chết mịa anh đi. Nhìn mặt anh như l**,2
to be counted,0
Minh Quân djt,1
sau vc ra,1
Mes ddocj muoons sangr ddm,1
nghe nói tết đến,0
"Thanh Nghệ Tĩnh là trùm CM ( trừ vùng CG thì đỡ ) , nên mấy gia đình kia từ chối ko có gì lạ !",0
"Cười phot cả,😂😂",0
Ý thức còn kém hơn điểm toán của tao,1
Bị đấm gãy cmn răng,1
:))))) nay thi doc quyen :V d' cho tu nhan tham gia om chet me chung m di :v de dan ganh d gi,1
Con khỉ trần dần vẫn còn răng à?,2
Yêu gần còn bị huống chi yêu xa?,0
Bị tai nạn giao thông trong đồn c.a chứ.,1
Nghe thôi biết cội nguồn nơi nào...nét đẹp của bản sắc văn hóa vùng miền...^_^,0
loại đàn bà độc ác,2
Bóng đời,0
3 que có cờ ko?->,2
bà khùng điên nang lắm rồi,2
"Giết quách được phát ra từ miệng 1 người đại diện cho pháp luật VN,hỏi đạo đức,trách nhiệm của ông ở đâu?hay ông là loài đv máu lạnh?",2
Cứ như thế này thì duyệt mẹ đi cho nhanh 😀,1
Hải Yến xinh gái mà cmt thúi hoắc à 🤭,2
"Chia địa bàn là có thật,đất có Thổ công,sông có Hà bá.sợ nhất là những khu đất vàng dân ở bao đời cũng phải nhường cho ""giải toả"".còn lấn biển,phá rừng...thì bạt ngàn nơi nơi",1
Beat hôm livestream hay hơn chứ nhỉ,0
R thế giáo án đá phò đâu thầy l,2
Choy. Heu Minh said Mr Ba Coung con cu chua co los hahaha.,1
"Ờ thảo nào cứ cán bộ, công an là bụng phệ.!!! 15tỷ usd bay đâu k thấy.",2
Sời đcm nhìn quả mãnh thú chất ko?🙂,1
Bã mướng con bóng già nào chửi chị á Minh Hiếu,2
VN : cailoz cát ko :vv,2
"Phố bolsa là nơi bịa đặt đồn tin thất thiệt lại có những người phét lác như trần dần thế mà vẫn có những người tin đúng là "" ngưu tầm mưu mã tầm mã""",2
thằng ad chắc mới bú đá xong,2
áo với quần này đẹp hơn nè thầy ơi =)),0
bắn bỏ,1
Ko,0
Lê Chánh Huy ghép à bác,0
"cô ơi là cô ai lóp du chu cà mo , cưng trơi ơi",0
như cl,1
buồn nôn quá nè anh ơi :)),2
Đéo phải trình bày :))),1
Rút kinh nghiệm là lại đc sài nghìn tỷ .,2
E,0
Mãnh thú này giống vs nhà em nhưng nhà em sợ mỗi xả với rau má,0
Xạo lồn quá chị ba ơi,2
me may du,1
Lâu lâu xanh đc ván :))),0
Trần Sang bẩn cả fan cứng,2
vcl bôi cứt mũi,1
"Dăm ba câu hỏi làm khó đc a t, câu hỏi tiếp theo: Tộc Trưởng nhìn giống ai nhất ?",0
"Các bạn đọc thông cảm bme của tg ad đi gặm xương rồi, k mang nó theo nên nó xàm lồn, ngồi liếm cứt của bọn Bốc Bãi Cứt ra ăn đấy",2
Nguyễn Minh Anh được anh zai ơi,0
"Mỹ mà ... lúc có lợi thì họ dung hết xài rồi vứt,",2
mây ba mu nay toan la sl ko đây toan phe phai no ko đây toan la đeo vang gia đê lên mxh sl lůa đao la chu yêu,2
Cô Minh Hiếu và Chị Cẩm Ly có nét giống nhau.,0
Lại thèm lone Ngọc Trinh chứ sao. Ông cứ văn,2
"Ôi trời giai cấp lđ ở ta thì đổi trắng thay đen nhanh lắm,nhìn thì vậy mà lại không phải vậy,chỉ có điều rõ ràng nhất là chỗ nào cũng có chuyện vợ ông này cặp với chồng bà kia!",1
Mày ngồi ở đo mà chửi.mày gặp băc kì may thì.....đó,0
aBe toàn nói điêu,0
"Cái ảnh hưởng là ảnh hưởng đến thần kinh của mấy thằng não chó suốt ngày mở mồm là đmcs trong khj còn ăn hạt gạo, uống giọt nước do cs làm ra. Ngu như chó vậy",2
hay velu,0
Ae có link xem chưa vào đây gái ngon lắm,1
"Nghe mà thấy nhục nhã, ăn nói vô học",1
"Xóa bài là đúng thôi,(ko thì các ông lãnh đạo bị lôi cái đuôi ra), có quỹ xóa đói giảm nghèo có mà",2
Đâu phải khác nhau mỗi cách đánh =)),0
"Không chết vì ô nhiễm cũng chết vì hoá chất, còn không lại chết vì tai nạn giao thông hoặc chết vì ung thư hay bệnh tật. Quá lắm là chết vì tàu xâm lăng thôi. Thằng Ad mày lo nhiều quá nên đăng tải lung tung chớ dân Đông Lào mình đồng, da sắt, c.*.t bằng bù lon mà sợ chi hahahaha",2
Cũng tàm tạm,0
"Bán hàng vậy mà cũng có ng mua , vì đẹp bất chấp nhục .Con này về miền bắc VN được đón tiếp nồng hậu lắm đây .",2
Đéo còn gì để nói ;(,1
"Đúng là "" vay lồn vay lắm"" mà -_-",1
Đm abe giống bóng vcccc,2
vãi đớp 😂,1
Tui nghĩ con má đó nếu có hết bệnh thì nó cx phải xứng đáng là nhận án tử hình,2
"@Tiktok Official nói k lại rooid phán là chó hùa. T chúng tao đang nói đây đéo phải hàng real. Bớt xl lại. Đéo có fan của ai đây hết. Bán vậy rồi nghiệp quật. Thử nghỉ cha mẹ bây uống thuốc chống đột quỵ.... Mà trúng thuốc giả rồi k có tác dụng rồi sao. Đéo biết suy nghỉ. Ừ hàng giả nói giả. Rẻ cũng chạy. Bày đặt real, hàng pháp .... Xạo l",1
Con rơi abe nè🙂🙂,0
Hi dep,0
Bổ chết moẹ abe bây giờ,2
Chắc ko hài,0
Chau de thuong qua,0
Vừa xem xong. Hú hồn chim én :((,0
Biện minh cl,1
Máy má nc ...ghê,0
after credit chất vl =)),0
Trong lúc nước sôi lửa bỏng này mà vẫn có kẻ nhận thức kém vậy,1
chúng nó nhập viện để chữa tai rồi thầy à,0
Vcc,1
Nhìn nhà tiên tri vủ trụ trần dần giống con chó quá trời luôn ta ơi .,2
Lê Chánh Huy vl nhật văn mình dữ v 🤣,1
Đầu bui,1
Cô My ơi ở lại với e đi :)) kệ mẹ thg lozzzz ba gà :)))),2
Này thì đáng sống. Mịa nó.,1
Chỉ sợ thứ óc chó ngu hết phần chó như này,2
Chỉ muốn mãi mãi giống như đứa trẻ con k phải lo toan k phải suy nghĩ,0
"Rồi, rớt cái lòn luôn",1
Chúng mày làm gì có văn hóa mà lập ra bộ văn hóa,2
Bộ mà ko dc phép của chính phủ. Của Bộ chính trị thì bố của bộ cug đéo dám quyết !,2
Toi ma biet cong tu kinh doanh cai gi thi tay chay san pham do .that xau ho,2
"@hoa buitôi chửi nó để trong ngoặc đó bạn , chứ tôi biết thằng ba rọi này mồm nó hơn cống công cộng , từ thiện mà sủa như quái vật vậy, mồm nó độc quá ,mồm nó chửi tục vậy thì tâm nó chỉ tà kiến và ác gian tham thôi.",2
Mới hả mn 😅,0
"Từ khi đâu Việt Nam thành cái ổ chứa dịch của bọn Rich kid ,Việt kiều vậy ủa khi còn khỏe có tiền thì sống nước này, nước kia,quốc tịch này quốc tịch kia, rồi tới khi bị gì lại quay về Việt Nam, kiểu như Việt Nam là chổ tạm trú á , đéo hiểu chúng mày sống kiểu gì luôn",2
"Cán bộ tham nhũng bị bắt tại trận cho hay: ""Ai thề nấy chịu, tui ko có thề nhé!""",2
tị tào lao,1
Chứ còn mẹ gì nữa . . . Câu view trắng trợn,1
"Ồ ,tự nhiên add làm e nhớ mấy ông áo vàng cho lính đánh xe taxi chặn đường để bắt sai làn :)))",2
A...a....a...cái thằng mất dạy nào định tập tành làm sâu mọt của dân đây :v,1
"Lớn vậy đi fan cu tùng sói, vãi thật, thương yêu nó đc rồi , già đâu fan đứa cháu vãi lờ",1
Bóng vcl ý em nói thầy sela còn anh dơ như chó nha :)),2
những con sán dây tuyên giáo,2
Địt mẹ các bạn ý. Cười rụng con mẹ nó mồm rồi.,2
K phải la em ý cầm ngược mà la cuốn sách in bìa ngược đấy. Xem lại clip ma thấy nghẹn,0
Bọn cặn bả xã hội,1
Lúp lúp như chó .,1
tự hào vì có nhiều admin fanpage ngu nhất thế giới nữa :)),1
Tới chết mẹ cô mới cho cô biết,0
Chuẩn bị bỏng ngô xem live rồi mà a mất tích luôn @@ 10h anh vẫn live nhé 🙃,0
Còn đó bị bệnh ngu,2
Loại này thả nó và khu bảo tồn thiên nhiên cho về với giống loài của nó chứ ng Việt Nam ta có cùng giống loài vời hắn dc đâu🙂,2
Hôm bữa có tú probuild nay có aba probuild,0
Chó việt cộng lo ăn cứt chó tàu nên đâu quan tâm phù vs chả xa :)),2
Nghe như cặv,1
Chỉ Có những người ngu lâu dốt bền mới khoe của,2
(!) cánh hoa đây,1
"Người nhục phải là bọn chúng và bạn chứ tại sao lại là chúng tôi? Chúng tôi mua 1 vỉ trứng hay cái kẹo cũng phải ""bỏ ống"" cho các bạn 10% trong khi các bạn nhận tiền mà lại ko làm việc đàng hoàng còn quay lại hăm doạ bắt bớ chúng tôi thì hay ho chỗ nào",2
Móc lên ngửi đấy mà. Dơ vcl 🤣🤣,1
Chửi ý nghĩa đấy nhưng đéo xoay chuyển đc j>>>Khi nào dân đéo ngán nữa thì ắt có mùa xuân,1
Mẹ nó. Sắp đc húp mà cứ live cc,1
Đó là biểu hiện xl mà những thằng xl y như v sẽ có kết cục ntn đây 😌,2
Bà này thèm chích thiệt,1
Đăng ký ở đâu thế các bác,0
đi học mà xâm hình Thầy lol,2
Này thì:,0
Tiệp là ai tao ko cần biết nhưng mày nói như lol,2
Giết người dấu tay đây mà,1
Ngu người,1
D' Đức d hiểu nhìn cái hình là cừ ỉa,1
"Hoàng Xuân tôm tít nhiều loại, bác thít loại nào, 1tr8 hay 180k 🤣🤣🤣",0
Trư Bát Giới đã viết ae cho sập cmn đi,1
Phúc Báo làm kiểu ta đây giàu đi chơi du lịch qua mấy vùng dịch chơi ấy mà,1
Sao kh đóng cm nó cửa khẩu đi nhỉ. Cứ cho mấy con mẹ đi lông nhông từ nước này sang nước khác rồi về VN lây lan bệnh đéo chịu cách ly.rồi chẳng bao lâu thành ổ,2
1 ng Thầy với những Giáo Án đỉnh kout :)),0
Cô nói chuyện thiệt tình và bình dân quá,0
nát cc :))),1
Nhìn tùng sói đáng yêu vãi =)),0
Ra khỏi chỗ cách ly rồi lấy đốg gạch🧱🧱 từ dư luận về xây biệt thự ở cho bớt ngột ngạt,1
Ông lân k cười à :)),0
Gu ăn mặc như cc :v,1
Mẹ đang bận đi ỉa lại gọi đi khét quất,1
Kkkk...iu nhau là phải có đụ..,1
Ns cái quái j vậy trời ... tưởng mình là hoàng thân quốc thích của bên tàu bên mĩ j còn tồn tại hay sao ak... hay là coi mấy cái phim rồi lên cơn sản.người nhà đưa ra nước ngoài điều trị tâm thần.. mong chú sớm bình phục rồi chở lại đúng con người của mình .đừng thần tượng mấy ông công công hồi đó rồi hóa điên hóa khùng ...,2
uy tín chó gì bọn độc tài,2
Phải có những lúc trân trọng nó mới thấy ý nghĩa,0
Paula Lưu dân bmay thích pbvm nhỉ sv,2
Mode GAM Sena auto win,0
"Nó khóc, nó xin lỗi rồi nó lại chửi tiếp . Con này nó coi trời bằng vung nhỉ? Sao nói mấy tay giang hồ gì đó hỏi thăm nó rồi mà nó có sợ gì đâu ta???",2
Còn đây là đỉnh cao trí tuệ VN,0
Tham nhũng kỳ diệu :3,1
"cmt,xem trước các thứ đầy đủ vẫn mất fan cứng thì chịuuuuu",0
Dm bị band cmt trong gruop,1
Mọe,1
Ở bển luôn đi về VN làm cái đéo gì ko bik,1
Sung ban cat 1km thi sao ma trung .dao chem cach 10 m thi lam sao ma đut nha tien chi phet lac,2
thiện tai,0
Pham Minh phục lồn .,2
Ôi: đúng là cách sử lý chánh ô nhiễm môi trường của việt nam. Các lãnh đạo tài giỏi và tin cậy của nhân dân có cách sử lý ô nhiễm thật khoa học đã giúp pômôsa giải tỏa những núi chất thải mà không ô nhiễm không ảnh hưởng đến sức khỏe và đời sống của nhân dân. Nếu có ảnh hưởng thì chỉ ảnh hưởng cán bộ lãnh đạo thôi.,2
HN Thu Nguyên nhìu cái siêu z mà thíu cái siêu thoát thì phải 😂😂,1
"vậy chứ đại gia nó cũng quất láng, lảm nhãm làm ji cũng đéo có tiền mua đâu",1
Chi ba vang ngoc oi chi noi hay lam sdt 0769392757,0
Thần rừng SBTC,0
Mat day bg chui toi bát ký coi chung may ng do di tim may do song ko yên dau,2
Chị em mà,0
Sời đcm nhìn quả mãnh thú chất ko?🙂,1
Thoại Trần đã không nói được lời nào lời nào hay ho xin câm con mẹ nó mồm vào,2
"Con này ko bị mới lạ, may mà về sớm đấy",2
đa số thực phẩm mà bọn quan lại ăn là an toàn ...(chúng có ăn đồ chợ đéo đâu!),2
????,0
Ít nhất ngta cũng làm từ thiện đâu có như cái thứ của m con linh cá lóc. Ko đóng góp mà còn chửi việt nam nx,2
"Đm nứng lòn ghê dị hà, ngta đánh đôi 3 đi đánh đôi heo, dừa lòn 🤣",1
đầu trận hùng hổ vđ,1
Nguyễn Quốc An thứ học trò lồn,2
Bố láo với giang hồ đất cảng à,2
không có đam mê thì có lol làm đc việc mà kiếm ra tiền :v,0
Luc óc chó này ăn lắm cứt quá,2
Đm thiên tai cũng đổ do cộng sản =))),1
Ơ. Có nhạc à. Top à. Tao còn đéo quan tâm,1
"Ai ko biết nhục thì có thể cười thật tươi cũng được, đó cũng là 1 cách giải quyết khó khăn :)))))",1
Con linh ca’ vo nay dang bi hien tuong nung lon gio’ rat nang..dang can bi hiep’ dam khan cap... ca’c ban dong y’ cho mot like 😜,2
@Đầu Bò TV nó điên á,2
dcm =))),1
Uống nước rửa bát xong ngồi đợi đ chết,1
Phương Minn mãi mới thấy có người đồng quan điểm. thật sự nhai không nổi,0
Thế là toang rùi,0
Re lam chau oi chau hoc trung quoc cach chong tham nhung. Viec gi phai ke khai,0
COCC không thể bằng CCCCC,2
Chúc các em thành công với ngành xây dựng,0
Xin video ạ,0
Đầu lòng 2 gả hotboy,0
Ha Truong quần què j v @@,1
Dạ 39 rồi nhé các cha mạ,0
Vui lo`ng Tien Tri Khi na`o ong Tran Da`n chet ?,2
Ngủ 2 giất thầy mới onl :)),0
Xin link balo bama thầy ba quảng cáo :v,0
Bà bị nhiễm là đúng thôi chẳng có gì là lạ đất nước bà là thánh sống nên coi thường đại dịch mà cả thế giới đang lao đao chống trả . Kỳ thị khi đeo khẩu trang xem như một bệnh cúm bình thường khi nào chết mới trắng mắt ra đúng là ( nước đến trôn l ... mới nhảy),2
Phạm Nguyễn Cát Vy cljv con,1
già mà non :)),1
Ha Truong quần què j v @@,1
đéo trình bày gì hết,1
Đéo còn gì để nói ;(,1
đất nước thối nát,2
HoàngQuân Hồ lại tỏ ra hay ho :)),0
nhiều khi kg muốn ki thị bon bê đê đâu nhưng nhìn bọn này kg ki thị cũng kg được.,2
"Cường Nguyễn chắc là do nghe quen dòng nhạc của K-ATM quen rồi nên giờ nó vậy đấy ạ, nhạc của jack nghe càng nhiều lần càng hay",0
Quả này thì vãi l quá :v,0
Đúng ời,0
Tham nhũng đang rất ổn định mà 😂😂,2
Con mẹ mày. Nói mày là chó thì tội con chó. Mày còn thua con chó nữa tịp à,2
KHON NAN,1
Tiên tri vũ trụ hay là người ngoài hành tinh,0
Có bác nào có hình nền màn hình destop giống của độ không cho e xin với ạ =))),0
Trời ơi trời ngạc nhiên chưa ông mười nầy ổng quánh người chết bằng tiếng nói của ổng đó Ui trời ngạc nhiên chưa ông mười nầy quảng cáo rất rất là nhanh trời trời tám bà chửi kg lại ông ta đó nhé,2
Má nứng quá aiu ơi,1
Phát Võ =)))),0
Bùi Đức Hậu :),0
Tan Levan Vì chúng ta ăn bám. Phá hoại nước mỹ. Chúng ta làm sấu mặt nước mỹ gần 50 năm. Nên mỹ chán nó bỏ thôi.,2
Mặt dầy như đít trâu,1
"Có một người đàn ông nọ đứng ở giữa quảng trường và hét to: ""Lãnh đạo đất nước là những thằng ngu"".",2
Chứ không phải lúc trước đi ra ngân hàng nói chị Ba gửi tiền về cái mặt lên như bà khùng ha 😉Giờ thì bị ba vàng mã lừa gạt úp mặt vào cầu tiêu đi Minh Hiếu ơi nhục,2
xxx video 🔞,1
Ad ngu như 1 con chó....xh nước nào mà ko có cướp giật.....chẳng qua là kéo giảm chứ làm cc j hết tuyệt đối.....mày ăn cức nên não mày ko phát triển hả ad!!!,2
Ngu + phong bì + cấp quyền = loạn ngôn..,1
Có tiền vay ko đi giải phẫu cho thành con gái đi ròi nc..ngừoi đàn bà có cây cà rem 9 giữa.kkk,2
Việc nhẹ lương cao mình xin nhường cho những người thất nghiệp:)),0
Thương hiệu độc quyền ở Cao Bằng:))),0
Ghép cl nhé,1
Tiền bợ dái của thằng đăng bài là 2 xị. Nó đi ỉa xin vào bóc cứt ăn nữa để được trường sinh bất tử. Địt mẹ m thằng đăng bài!,2
"Con quỷ cái này nước mắt cá sấu, bán hàng dỏm lừa đảo có ngày xe đâm may",2
mài có óc để suy nghĩ ko add? cái đồng băng đó mài tính đào hồ bnhiu cho đủ hả thằng ngu?,2
Triệu S. Tùng Icon sớm cũng bị nói. Đéo hiểu kiểu gì,1
loài ấuhồ tuyên giáo thì bài và luận chỉ một giọng điệu bưng bô,2
Abe chơi dơ,2
"Trộn mẫu máu của 4 người & xét nghiệm sau khi cắt đôi que thử thì chắc kết quả sẽ không chính xác,rồi vợ chồng nghi kỵ nhau,kẻ có bệnh tưởng mình trong sạch tha hồ mang bệnh đi lây lan cho ng #,ng không bệnh lại tưởng bệnh thì lo lắng,rồi khéo lại tự vẫn.nói chung là tận cùng của sự khốn nạn,không thể chấp nhận",1
Huế Đêm trung thu em xách lồn đi chơi :v,1
"Cái ảnh hưởng là ảnh hưởng đến thần kinh của mấy thằng não chó suốt ngày mở mồm là đmcs trong khj còn ăn hạt gạo, uống giọt nước do cs làm ra. Ngu như chó vậy",2
"Thằng này thò tay ra luồn dưới gầm bàn lấy dollar của chệt ,bởi vậy mấy thằng an ninh sân bay của chệt đỏ nó chửi ra mặt vậy mà nó câm như hến...",2
"đcm cái bọn ""Animal"" ""TAND BT"" ăn tiền nên mới xử như vậy.",2
Bên mĩ nổi tieng đánh bom,1
Anh 3 oi.anh lam gi co LON ma chui.hahaha,2
"đếm dc tầm trăm ""con chim vàng""",0
"Nhìn mấy fan trẩu vào bênh hài vl, ng ta nghe k đc thì ngta nói k đc chứ ngta có chửi idol tụi m đâu mà xù lông lên, m bật nhạc jack lên cho ba mẹ tụi m ông bà m nghe đi, thử ba mẹ ông bà m có chê thì m có chửi ba mẹ m k",2
DMCSVN,2
Dân InDo m chọc mù,2
khi những con sán dây búa liềm phát biểu y như rằng tấu hài,2
Phan Linh nó họ Bùi ý thức như đầu buooi là đúng r,2
thôn...làm ! cán bộ thôn...làm !,2
Nhìn như con điếm vậy :)),1
Chụt Chụt thông kiểu đéo gì =)) toang thật sự r,1
Linh lốc cái mỏ như cái lồn,2
cho nó rít vài bi cần là nó ngoan vl luôn,1
38:47 . đúng rồi mấy người nổi tiếng do live câu like câu view là ko lâu dài . bé đang chửi chị bạn linda của bé đó . bởi ta nói lời nói nhanh hơn não là biết con người ntn . miệng thì nói ko đụng tới ai mà nói chuyện trên đầu cha người ta . đá xéo móc họng ngta kiểu đó . hk ai rảnh mà chị minh hiếu đi ganh tỵ hay kiếm chuyện hãm hại cái con như m . mặt méo mặt tròn của mày hay tên hay họ của m chị minh hiếu còn chả để trong tư tưởng . còn chả thèm biết con như m là con nhỏ ất ơ nào nữa . làm như m ngôi sao hạng 1 ở vn ko bằng . bán hàng thì bán đi . miệng thiên hạ thì phải chịu . đừng có lôi kéo đá xéo ngta kiểu đó bú fam rẻ tiền,2
TD Nguyễn trong khi cô trong clip chỉ đi con xe hơi 600 mấy chục triệu và là 1 trong những thành viên đa cấp chứ k giàu cái cm j,1
nghe nứng wá thầy ơi,1
Nếp nhăn trên não cũng né ổng rồi,2
KO BÍT ĐẦU ĐUÔI. CÂU CHUYỆN RA SAO. LÚC TRƯỚC HÙA NHAU CHƯỞI NGƯỜI TA. H RỒI BÂY H QUAY LẠI CẮN. KHẨU NGHIỆP TẠO NGHIỆP.,1
"Vào trường lớp giáo viên dạy ta bải vệ môi trường cây cối này nọ, song thực tế các bác lớn hằng ngày vẫn đưa ra nhìu dự án, đề xuất để rồi rừng ít lại còn ít hơn. Và lại đưa đề nghị luận xh về việc chặt phá rừng",2
"Không biết tốt xấu! Chất phát như nào nhưng nghe 10 đời ck thì phát khiếp r, không lẽ 10 lần ck đều là lỗi của ck! Phải xem xét lại nếu như ai còn khen! Miền tây 2 đời ck là với họ nhưng 10 đời thì thật là kịn khủng tởm",1
Thúy Nguyễn 🤣🤣như phim hành động,0
Chắc trong chuyện vui có liên quan đến bú ku 🤣🤣,1
Chúc mừng thầy nha <3,0
Gu ăn mặc như cc :v,1
Chán đéo nói nỗi 🤣🤣,1
Khịa pew vl,1
Sống chậm tí các bạn,0
Chuyen gia vu tru thi phai doan truoc duoc dich cua nuoc My chu? Sao lai phai mua gao du phong. Chung to chuen gia vu tru nay oc dac.,2
"Cũng ko ngạc nhiên jì lắm, gần hết 2020 xăng xái cho đạt yêu cầu quan thầy ấy mà, riêng cái điều này coi bộ khó đạt í,có thằng chó nào ra đường nói tiếng tàu với đồng bào,đồng nghiệp,bạn bè bằng tiếng tàu ko,lúc đó nó cho vào bệnh viện tâm thần thì bỏ mẹ,hay về nhà hôn vợ,nựng con nó có nói tiếng tàu được vợ con nó chắc ngạc nhiên lắm vì nghĩ nó bị khùng,hahaha",1
Nghĩ ló chán :),0
Hoàng Xuân dễ bị lộn zs con so lắm. Thôi nhịn luôn cho chắc nheng bác,0
A làm e nộp đơn xin nghỉ việc cmnr và cái kết dkmn rồi sml ra “Cực kỳ thuyết phục”,1
Anh Minh chậm cái địt bầm m,2
Giống abe vailon,1
Facebook cô mình hiếu là gì vậy mới ngừoi,0
"chửi nhau sao kg gọi Phone chửi cho dã cái miệng,mà lên dây khoe vàng hả cha,ỉa déo ra cũng dưa lên,bó tay,",2
"Đúng nghĩa "" Bóp Dái Cả Team"" Thầy đánh ntn Lủng hết rồi.",2
Thôi đi con đi cho nieu mày giao quá mà làm thấy mộ noi đo đi,2
Sẽ cố gắng thích nghi,0
tất cả cũng chỉ vì con mụ này ra..thể chế pháp luật lỏng lẻo chưa đủ răn đe cứ có tiền là chạy án :) 1 con người reo rắt cái chết cho hàng triệu người,2
Nỗ lực từ cái xe đạp lren đk cái xe ba gác rồi.nói như đầu buồi,1
"Thực sự văng tục , chửi bậy kể cả chửi văn không phải là cái hay để mọi người hưởng ứng......đmm chẳng biết có phải một người viết hay không . Nhưng mà chửi hay vkllllllllll (y) Đọc mà nhiều lúc thấy đời đỡ bất công !",1
Linh An đeo hỉu hahhaha,0
Không hiểu clg đang sảy ra😶,1
Vãi thật :)) lạy luôn 😰😢,1
Trần Chánh Hiền Thô nhưng thật😂😂,0
vailonnnn,1
Hết chuyện nói thì dùng hành động để hâm nóng tình cảm nên ngu thế,1
"Sao chi ba,có hàm rau,ngô quá",0
Quá ngu lồn đi =))),1
Tắt cái bảo vệ ban đêm đi dkmm,1
:D thẻ này ngoài học viện cắm dc 60tr,0
Thầy tui ơi 😆😆,0
Cứ tính ngìn tỷ đkm sợ thật,1
hai mẹ con nhà này giờ thanh nhân vật của năm rồi! 😂😂,0
Con Linh nó vẫn chứng nào tật nấy . Vì bản chất của nó là vậy. 😏,2
Bao Vu,0
Huế Đêm trung thu em xách lồn đi chơi :v,1
cãm ơn chị... Nhờ nghe chị nói mí bửa nay khó ỉa nay nghe xoq vô tụt cái thiệt là khỏe cái bụng,0
Nói về mấy ông bụng phệ ở trong chích quyền thôi nói cả đời vẫn ko hết chuyện...mãi cũng ko sửa đc..nó ăn vào xương vào tủy rồi.,2
"duma hỗm em trúng dc 20k k dám chơi nhiều thầy ơi, so anh ba giáo án xạo lz",2
Vl.gắt,1
Lừa dối khách hàng,1
ba ga pro vc :)),0
quốc sư ko cố vấn mùa dịch cho trump à mà để lây lan thế kia,0
Tới giờ người ta còn gọi là bé xuân mai k?,0
Bóng dơ,2
Nguyễn Châu Gia Bảo hiểu làm gì cho mệt thấy nó ngu đến vậy thì ai đâu hiểu nổi,2
"GG 4EVA Chửi cha mày ha gì mà mày lên tiếng. Tao vào cmt bình thường bả có nói gì đâu, đm trải qua bao nhiêu chuyện như vậy ai mà không thay đổi",2
MCVMedia may dung co so sanh lisa tui do di cho,2
@Phan ngô dm nước sông ko phạm nước giếng ok ai tao cũng idol hết ok nhưng bức xúc chửi vậy thôi ko quên chúc cô buổi tối vv,1
Nguoi mien trung nhu e chi ngoi xem cac bac chui nhau thoi :)),0
Be de roi lai con lam chuyện,1
Xã hội bồng bềnh.,1
"Cảnh sát cơ động nước văn minh dân chủ nhiệm vụ chính của họ là giữ trật tự an ninh, ngăn chặn những người biểu tình quá khích trong khi cảnh sát cơ động Việt Nam thì chuyên đi cướp hiếp dân lành ,cướp đất. CSCĐ = Cảnh sát cướp đất hoặc sâu xa là Cộng sản cướp đất.",2
Ad m éo làm đc cái chi mà tối ngày đi vạch lá tìm sâu mà nói! Có tài thì bỏ face và làm j đó thực tế đi.,2
Chụp cái ảnh thôi làm đéo gì đâu mà phiền,1
Anh độ mà đơ là con meu nó cho đống đồ chơi của anh đi luôn,0
tream đi,0
Tụt mẹ m ra cho nhanh đỡ phải mặc,1
loại này chỉ có đút cu vào mồm,1
cc,1
@Pham Cuong đmm,2
Cảm ơn Anh Lân nhiều! Giải trí mùa corona,0
"Ko cộng thì cho biết đề, đáp án trc. Đâu cũng vào đó thôi! ĐỜI...",1
Trần Dần bị corona . Hnay là lần cuối cùng gap dc tiên tri vũ trụ trần dần !,0
Mong anh sớm bình phục,0
Lủ vc Đcs cũng là một bịnh thần kinh ác hiểm cho dân tộc vn !,2
éo nha liu liu,1
Nay bú hơi nhiều,1
Thôi ồn im mẹ mồm đi 😆😆,0
Cặc,1
Chị ơi chị làm đẹp chỗ nào quảng cáo cho em xem tí đi.,0
Trần Thị Ngọc Anh hơn giống loài tỏ ra thượng đẳng trong khi chả biết củ lìn gì.,2
trẻ trâu à,1
Đến đây từ tiktok. Xem xem người này như thế nào. Ra là như thế này. Co thế này mà đi đến đâu vệ sỹ và fan bủa vây tới đó.éo hỉu,2
Ổng tỉn rồiiiiiii,0
Quê vlin,1
Đẹp trai là thứ xa vời với 3 gar :)),0
Mất dạy,1
bốc bốc hửi hửi :)),1
Cái cân của nghệ sỹ hài Công lý,2
Indo đã biết danh bác hù từ lâu lắm rồi!,2
"Địt mẹ đến là hài, cướp như thế mà nó chỉ bắt vì tội gây rối trật tự công cộng. Cái tội này là tội máu lồn nhất. Dân oan đi khiếu kiện nó cũng vu cho người ta tội này được, rồi thì thanh niên ra quảng trường chơi chúng nó cũng vu tội này...Nhưng tuyệt nhiên chúng nó cho lũ an ninh, dlv đánh người giữa phố thì đéo thấy tội này đâu.",1
Á á dm.,1
"Hết anh Chung,HN lại tự hào thêm vụ y đức của chị Tiến ruồi_Bệnh viện đa khoa Xanh Pôn gian lận kết quả,bớt xén vật tư khi xét nghiệm HIV & viêm gan B cho bệnh nhân",1
Cô này có quá cảnh ở sân bay Inchen HQ rồi mới qua sân bay Quatar mà lại không thành thật khai báo :) 1 tuần trước HQ thành ổ dịch mà cô vẫn không khai báo :) Thì ra vô ý thức không chừa một độ tuổi nào cả :) Hi vọng nhà nước share thông tin để né,2
đc vãi lồn a ơi,1
"Hiệp Đinh m muốn đi hiến máu giúp họ, nhưg khi hiến rồi mới biết bị nhiễm thì sao hả thằng bàn phím , đầu to mà óc cứ như củ cứt 🤗🤗🤗",2
Trư Bát Giới đã viết ae cho sập cmn đi,1
❤,0
Hằngg Ann đu ma may,2
Đúng là tuổi trẻ chưa trải sự đời,0
Mình mới gặp chị ở Vtri 😒😒 k biết trốn lịch quay đi đâu,0
Vl,1
Con đỉ minh hiếu là con đỉ khùng dơ con súc vật sánh cũng không bằng nó nghe con rác rửi con khùng bẩm sinh con quái vật,2
Thôi đi con đi cho nieu mày giao quá mà làm thấy mộ noi đo đi,2
Chương trình ln gì vậy ? :D :))),2
#VTV1 tẩy chai con đỉ Trần Mu,2
Giọt nước tràn ly đi.. hãy ra nhiều luật vice lone hơn nữa. tôi ủng hộ,1
"Được ạ, nghe dễ ngủ :v",0
Phụng Mỹ e lai dưới lon e lại lên,1
Sắp xuống lỗ rồi,1
Ủa P11 đâu sao P10 cái lên P12 luôn z,0
"Không phải năng khiếu bạn ơi, cái bài này mấy ông ấy đi nhuyễn hết cả rồi còn đâu, dân còn lạ gì :))",2
Tưởng khỉ 🐒 muốn chịt lúc nào cũng được chứ - hè với đông cũng chịt chịt đụ đụ với nhau đúng khung giờ bố đi nhậu,2
Tùng hỏng :)))),2
Đĩ mẹ nhà nó 🙂,2
Nhanh khỏi còn về đá wc🤣,0
Paula Lưu dân bmay thích pbvm nhỉ sv,2
Giàu sao đi bộ thở như cho vậy trời...,0
Ý kiến cái củ cải . Lên phường mau,1
Tạ Tường có những bức ảnh 2 năm trước còn giá trị hơn cả trend nàyyyyyyyy ❤️❤️❤️,0
Chán,1
Học chôn chất thải độc hại gần nguồn nước cho dân dùng nữa nha,1
Tàu Hủ bản lĩnh lấy nick chính ra sủa nữa đừng lấy nick face clmmm,2
Lê Văn Quật Minh Hậu,0
Nguyễn Định mất não be like,0
"Xích cổ cách ly ngoài rừng cho hợp với không khí nó cần,thag ml",2
Lừa dối khách hàng,1
trông có khác buồi thằng trên núi xuống k,2
Phụng Mỹ e lai dưới lon e lại lên,1
Nhìn chân thật ghê,0
Dâm l,1
Cái lozz cát không.,1
Thương anh tôi🙁,0
"Lời nói thật là daus hiệu của kẻ sắp chết. "" người sắp chết thường hay nói thật"" . 11 ngày nữa. Hối hânn quá muộn chăn?",0
Gõ chài đâm tiêu vô đầu nó đi cô :>,0
Dạo này vào đồn CA về hay bị TRÚNG GIÓ thế ......!!!,1
Nhìn cái mặt thớt đã biết tại sao thớt nói cmt như vậy. Ae thông cảm người khuyết tật tí đê,2
Còng đầu nhe,0
đi taxi hoặc nhờ người đón :3,0
Toang x2,1
trẻ trâu à,1
Kiều Trung Kiên chất🤣,0
Xin vd pro,0
Chào thầy ba girl😌nứng vcl,1
"Bn nói chuẩn cmnr, nhai cứ như bò nhai cỏ, bảo dân trí thấp lại tự ái.",1
Vailon,1
Và bộ tộc mixi cũng từ đó ra đời dưới sự lãnh đạo của tộc trưởng người Cao Bằng buồi to như lõi giấy vệ sinh =)),2
Ăn mặc riết không ra gì,1
Loại này phải phạt tỉ đồng,0
Sách lược diệt chủng dân tộc Việt Nam của Tàu cộng!,2
Muốn tạo tiếng cười cũng khó,0
Mình cũng bị lừa vì thấy cmt mua nhìu quá nên mua theo,0
Lúc nào cũng full black :)),0
Nói gì thì nói từ báo đảng là đáo tin được rồi,1
Tụt mẹ m ra cho nhanh đỡ phải mặc,1
Trần Sinh Đức suy nghĩ như đầu buồi,2
Hiện tại đã có 700.000 quân rải khắp Việt Nam! Rồi,0
Điên,1
kệ tổ nhà chúng nó chứ mắc mớ gì thế,1
Tiên tri gi gọi là tri thần kinh,1
Bạn chả có tí hành kinh nào văn hoá cả,2
Ngồi ăn mì tôm sống xem anh Độ rì viu thịt trâu ạ :(((,0
"Cũng đồng ý vs ad nhưng bạn m từ khi tham gia và đọc từng câu từng chữ bài đăng của ad thì thay đổi hẳn,từ đứa ngoan hiền thành láo xược,có tí chuyện là chửi bới um lên,1 lol 2 lol. Buồn hẳn :'(",1
Vãi lìn 😂😂,1
@Phan ngô dm nước sông ko phạm nước giếng ok ai tao cũng idol hết ok nhưng bức xúc chửi vậy thôi ko quên chúc cô buổi tối vv,1
đầu trận hùng hổ vđ,1
Clm :))))) Trí Xuân,1
Chib3 nay chet ko co nham mat,2
k tính tiền nhed,0
Con nay ko co an hoc nen moi co hanh dong nhu the.de nguoi ta chua minh ko nhuc a,2
Dell hiểu mấy đứa ấy nghĩ j nhỉ mà cứ thích lây bệnh cho người khác v?,2
Đợi đợi cl :)),1
Trông vừa khít lỗ đít luôn 🤦🏼‍♀️,1
"Tuan Quoc so sánh vs con gái, chửi con gái ngta đ* này đ* nọ, đéo biết mày có cc không nữa, hay não toàn phân bò",2
Phú Quốc Lâm mai linh chết ng kìa a,0
Nghiệp ghê,0
Lê Huyền người ư ?sinh vật hạ đẳng chứ ngươi ai lam thế .,2
Anh ba sẽ là người có nút bạc nhanh thứ 2 mà đừng lo aba ơi,0
Bạn bè mà 1 người có ý thức còn 1 ng thì....ý thức nhỏ như trái nho :),2
Một chế độ thối nát. Toàn những thằng ngu bầu cho nhau lên làm lãnh đạo thì dân khổ là phải. Đây cũng là hậu quả của việc lật đổ vnch.,2
Anh ba tư duy cao y như bò cube😂,2
Lại là QN của mình :(((,0
1 ng thì giết 1 mạng . 1 ng thì feed tụt lol,0
ăn mì gói <3,0
"Mấy người lý luận, dịch k phải do chị Nhung đưa về đâu rồi ? Mấy ngày trước đã gặp chị Nhung để chúc mừng chưa ?",1
Alo alo 😜,0
Trời ơi kg ai xấu bằng con quỉ cái miệng rộng. Mở miệng ra dơ dái mất dạy. Nhà khổ thấy mẹ chắc đeo ba vàng giả chứ gì.,2
Thằng này ko dc,1
Du ma may,2
"Ôi vẽ chuyện, kiểu của bọn này lúc nào chẳng vậy. Phát ngôn ngáo để tăng độ nổi thêm chút, hôm sau xin lỗi để mn bỏ qua, nhưng nổi tiếng thì giữ lại. Lợi như thế cơ mà",2
lương dân xứ này rất cảm ơn bộ thương mại Hoa Kì!👏👏👏,0
Cái mỏ con linh cá lóc ni giống như cái đít vịt,2
Mày chửi thì mày nhắn mẹ đi :)) xạo lồn,2
nhờ nó tố cáo mà khỏi ai thắc mắc thằng nào là thằng mặt heo 😃😃😃😃,2
lớn quá ko a,0
tây nó đơn giản lắm.chết vài người có sao đâu. dân chủ vl mà.,2
"Bên anh nó đợi người chết gần bằng bệnh cúm ấy thì mới quan tâm, qua bên đó đeo khẩu trang nó kỳ thị khỏi nói",0
Mấy thằng cứ cực kì thuyết phục k chán à hay là k có não vậy !!!,2
Cần lắm tiếng nói của 1 dâm loạn viên,2
Thất đức quá.,0
Nhok Lầy: địt mẹ hay thì mày share đi. Nhai đi nhai lại như con bò. Tao khinh quá :)),2
mênh m0ng toàn là nu0c eyy,0
VN mang nặng ơn nước Mỹ đã rộng vòng tay chứa chấp đám thần kinh này.,0
Thớt ăn nói mất dạy.. Mà thớt ngu thiệt hay gia ngu ấy nà,2
Nhất Thiện t cũng méo tin đc,1
abe moi' noi' cl gi` v ?,1
Dị dùm,1
thế đéo nào xin lỗi 1 câu là xong v?,1
Nguyễn Trọng Thái đợi cái lol,1
Non quá thầy ơi,0
Con này nó tưởng nói chuyện vậy là hay mất dạy khốn nạn khẩu nghiệp con trai nó gánh,2
"Duy Sama nghỉ nhiều quá thành đúp mẹ nguyên 1 kỳ,sau này học xong ĐH mới thấy thời gian nó quý như nào",1
Thiện Phong t cũng được nghỉ vô thời hạn mà đéo có lương :))),0
Tưởng tưởng cc. Tưởng nhớ để sống lại à. Đm,1
Nguyễn Quang Huy thăng l nào chế cái này @@,2
Tại ngựa loz nhột chứ ai làm lozz j má mà sủa,2
Mồm con linh không khác gì như cái lồn trâu 😄😄😄😄😄,2
Cực kì xinh thuyết phục!,0
Đốt nhà belike❤️,0
dơ vl,1
Tại ... những vụ này.,0
Con 3 vang ngoc mac ao dam giong quy,2
Chib3 nay chet ko co nham mat,2
Trần Công Minh đúng sao phải chịu 😃,0
giọng ca hảm chết cdm ng nghê luôn mà share cái j,1
Chơi tí đồ ăn mừng,0
dư luận viên vào ẳng nào :v,2
TROI UI BA BEDE NAY CHICH HOC MON NHIEU WA NEN BI KHUNG VA NO BANH XAC ...HAH HAH,2
"Sai ! Nhiều phụ nữ chỉ có cái loz là phụ nữ , còn đâu là sự xúc phạm nặng nề người nhìn đó bạn",2
Trend này hot hơn,0
Phạm Đinh Hoàng Yến why,0
Đụ mẹ a be,2
"Cai lol me tui may nhìn đi , tui mày nhin cho ki anh ba chỉ làm dc một lần nv thôi , dc chưa , cđm tui mày",2
Nyc mình thích thầy Ba lắm. Thấy thầy được nút vàng mà vui thay. Haha,0
"Kô ai muốn phải cách ly ,nhưng vì sk cộng đồng cũng như sk chính mình hãy cố gắng lên bạn,bạn càng nói thì cái não của bạn sẽ bé đi nhiều.chúc bạn sau 14 ngày âm tính với corona.",2
"Đình Quang đm anh đẹp trai vl, anh vậy mà xấu thì đéo đứa nào dám ra ngoài r anh ạ",1
Giống abe vailon,1
Da.n ban khong trung. De bua nao qua Cali thu*? pho^?i ong Tr D coi trung khong. Co chem thi 1 nhat thi 8 Tr D cung di doi thoi.,2
L cô gái khmer trắng tươi à hổng có đen thui,0
Bọn chó sủa bậy,1
"Lãng mạng mà, tình yêu ngọt ngào. Nhưng đánh răng thì có vẻ dùng hiệu ứng phim ấn độ. Nên cắt bớt đoạn đánh răng để tránh mòn răng nghen",0
Là sv hay người ?,1
Đéo nói nhiều 🙂,1
Không cho chúng bố ăn là chết với chúng bố. Thiên đường xhcn nó thế đấy con ạ.,2
Djtmenhaong🤬🤬🤬,2
Con me nay an noi lao phét mai mọt bi qua bao nang ne,2
Tao cười ẻ,0
Dui cùng em giây phút bóp dú bóp lồnn taoo nss mà cừ bò.,1
Thôi anh im mẹ mồm đi.mặt như cc mà ý thức như bờ phẹc,2
Cởi áo là múa bụng nữa cũng hợp,0
Các cậu ngủ đi,0
Nhìn thấy sợ mẹ rồi ăn cc j nữa,1
Thằng ngu người này ai đi làm mà chả đóng thuế . Doanh nghiệp lớn kiếm nhiều lợi nhuận thì đóng thuế nhiều. Thế theo mày đóng thuế nhìu là muốn làm gì thì làm àh.,2
HS TS là gì vậy?,0
Cực kì thuyết phục ❤,0
Lê Huyền người ư ?sinh vật hạ đẳng chứ ngươi ai lam thế .,2
Con linh ca loc no o doai loan,0
Chào thầy ba girl😌nứng vcl,1
cai dcm,1
Anh Phuong Trinh kệ MẸ NHÀ TÔI hihi,1
Là sv hay người ?,1
Có ai là quan chức mad ko lạm quyền đâu,2
Tiên tri? Tao lao,1
Park Kim Hee y rang c🤣,0
Lựa cái đầu buồi ABe nè,2
Thanh Trẻ Trâu đm :)),2
"Đinh Bá Trung ơi nếu không có ai đồng ý với ý kiến của mày thì mày nên xem lại đi,1 người cũng đéo có mà cứ cãi. Mày hút thuốc trên xe thì tao xịt thẳng vào mõm mày trước khi lên xe chứ đợi mày gây cháy xe nữa à. Mượn lời ad tý nhé( thằng lỏng bao)",1
kkkkkk,0
hành động siêu cute 12:06 quay lại like tui nhé,0
Ông im mẹ mồm đi :))))))),1
Ghép cl nhé,1
kiếm tiền xài tết hả thầy 😎😎,0
Câu chuyện mang đậm tính nhân văn sâu sắc 🙄,0
"Doinb sau khi chơi 1 tay với thầy, và từ đó chúng ta có anh Trung 1 tay :))",0
Bố láo với giang hồ đất cảng à,2
Toàn chó đàn,1
Hòm đang chờ e,2
V abe là con đỹ à,2
Toàn là những con người thiếu ý thức mà ra cầu mong dừng lại ở con số này thôi chứ lo lắng quá đi cầu cho máy cha máy mẹ đừng đi tùm lum nữa làm khổ nhiều người lắm muốn chết về nhà đóng cửa chết mình mẹ đi,2
3k và 38 người. Con số đã nói lên tất cả. Tỉ lệ này là 99% Không đồng ý và chỉ có 1% đồng ý. haha Đâu bao giờ dám trưng cầu dân ý.,2
Đm người ta ở tù mà bản mặt thằng phía sau cười như trẩy hội vại á,2
Lỗ đít nè chơi đi,1
Hí,0
Ngu người,1
sao ngu v bên kia éo chữa hiểu chưa con ngu,2
"Đây đây đây ,ăn mẹ di",1
Vừa lòng tao lắm tao dui rần chớt 🤣 trần Đòn câu cáp treo cá sấu á chứ câu like gì cô hiếu có làm gì bả đâu mà vô kím chuyện 🤣🤣🤣😂😂😂,0
dạo này pản động nhiếu quá mấy bạn bò đỏ ah :D,2
Fashion đb gì đây :)),1
Chúc mừng anh Ba :)),0
Cây ATM lúc này.,0
Đây có lẽ là cách mạng của con cẩu mang tên Gờ Zờ :V,2
Thằng mặt heo,2
Clm t lạy =))),1
Tin tức như cc,1
"Đụ má, em ức chế quá.",1
Thắm mồm thối,2
Nỗ lực từ cái xe đạp lren đk cái xe ba gác rồi.nói như đầu buồi,1
thông đít hàng ngày :),1
nhờ nó tố cáo mà khỏi ai thắc mắc thằng nào là thằng mặt heo 😃😃😃😃,2
Lữ Văn Thánh ông trẩu vc,2
Bảo hiểm thì nước đ' nào chả phải nộp :v tai nạn ra ai thanh toán :v bóp cái tít cũng ngu :v,1
"Đang có cái game mua Hàu tặng bút này a e! Dùng cái của nợ chị vợ nói là đây nhé. CH!CH khỏe, CH!CH phê, đê mê tối ngày!!!",1
"Khau nghiep khong chi doc Ma con ac ,day la tinh cach cua con nguoi hay Sao ,, ???",1
"lũ bán nước đang bú đít tụi đài loan china.dech mẹ gia đình thằng chủ tịch tỉnh QB , mả cha thằng bộ trưởng tài nguyên môi trường.lũ sâu bọ",2
Trái đất đang dần mất đi một nửa! Đều là con người sao lại phải ghanh ghét nhau! Để giờ đây người thì liệt giường ng thì về vs đất cát..,0
Nhìn bê tha vl,1
Bớt xạo loz nha,1
"Ủa lao động chân chính thì cho dù có làm nail hay culi thì cũng đáng quý mà, bạn dám chắc hồi đó ba mẹ bạn ko lam lũ từ hai bàn tay trắng ko? Ai như cái hội nào đấy cơm cháo có sẵn từ tiền tham nhũng chứ vẻ vang gì :))",0
Vâng.thằng cc nào cũng ngồi ngoài phán như thánh chờ xong rồi ms vào.chả biết cái đéo j.ng ta làm gì chúng mày biết chắc.biết bao nhiêu vụ ngăn chặn được không đưa ra ng ta báo cáo cho chúng mày à,2
High fashion lắm á anh,0
cái máu lồn gì cũng kêu lỗ là thế lồn nào nhỉ .,1
Hoaprox kết hợp với Jack nghe ồn ào không hợp với Jack,0
Cứ như thế này thì duyệt mẹ đi cho nhanh 😀,1
Chưa bao h thấy ko ưng 🤣🤣🤣,0
Bắn bỏ đi thứ lắm Tiền mà cặn bã xã hội,2
Chính phủ Nhật xin vái đcs VN 1 vái dài vãi đái :))),2
"phương chân của cụ là : \""CHẾT CẢ ĐỐNG CÒN HƠN SỐNG MỘT MÌNH \""",0
Mang tiếng fan cứng đăng nhưng đéo đc duyệt 🙂,1
Loạn hết cmn rồi . Hazz .,1
"Á đù bệnh tâm thần mà cho làm trung tá mới hay,hèn gì bọn đảng cs toàn là một lủ tâm thần nhưng hám của.",2
"@AK47 AK47 ổng ko đồng ý thì kệ mẹ ổng,thích thì lấy hình ra chế giễu kêu ổng về kiện đi",1
Mình đanh vĩnh biệt cao lôn đi anh,1
Phương Minn hay cố tình vào đây để bán đồ online :))) sống sạch lên,2
E đâu biết chị minh Hiếu là ai đâu...sao m xạo lồn quá vậy cđl,2
Thùy Trang m ko thấy lọt tai thì m đừng nghe,0
Tuấn Kiệt,0
Nhảm loz,1
"dlv là cái lũ ko có não hơi đâu tranh chấp với tụi đó, tụi đó nói cái nào lòi ra cái ngu đó liền mà cứ thích nói, ko nói sợ ngta ko biết nó ngu hay sao ah :))",2
Ba má đụ chi cho uổng công uổng nghệ uổng nghễ quần quân uổng công tuột quần tèo lên tuột xuống banh loz đau loz đẻ lớn chơi trò gì md ghê. Iu minh Hiếu,2
Cũng già rồi mà toàn bị làm gác chân cho vợ ngủ với chỗ sờ ty cho con :)))),0
Xem mấy thằng chym ngắn thượng đẳng cà khịa chúng ta mấy hôm nay thấy thế nào nhỉ,2
triệu hồi phúc nghẹo..trọng lú,2
thu xếp thằng này giùm thầy =)),0
"Đây nữa nek, toàn lũ giáo sư tiến sĩ đầu óc cức",2
"sắp trầm cảm cmnr , nhiều tâm sự cứ giữ mãi trong lòng và che dấu bằng nụ cười 😷",1
Kiệt Phạm abe giữ vd ko che rồi,0
Ngụ ý của anh bảy vịt quay là???cả đất nước Việt Nam chỗ nào cũng có bọn tàu cộng nó nắm đầu hết.,2
Cảm ơn cc,1
ĐM thằng thớt page này đúng là thánh tổ lái kiểu đéo gì nó cũng quay đc.Phi tên lửa bằng mõm ít thui k đang Lái Trên Đường bom nổ chết mẹ mày đấy.,2
Quang Minh diễn hơi sâu rồi đấy 🙃,0
"Dương Trần CM thế thì tiền thuốc men lại đổ xuống sông xuống bể, lại còn tặng thêm tin cho lũ phản động xuyên tạc",2
"Không thể tha thứ cho loại mat dạy này,",1
chúng nó ăn ghê vạy...chứ đè đầu bắt tù ngay thằng nào dám dành ăn với nó ! cho dù là bán phở !,2
Đặc vụ susan comeback bên lớp ms nha thầy,0
Cực kì thuyết đục !,0
Gương mặt bác phúc hậu quá.,0
Nguyễn Mỹ Duyên cánh hoa may mắn:)),0
Dương Hiếu Dcm,1
Nghe rất yếu sinh lý nhưng yếu cả toán văn anh,0
Coi mà cừi xĩu. Cô nch dthw :3,0
Lệ Mai hay quá eim mei ei ...,0
M vặy á hả 😂,0
Hello 👋,0
Hà My má ơi cười xỉu =))))))),0
1đảng là do dân vì cán bộ.....vcc,2
Đm lần đầu tiên bố địt vào mày ad ạ.,2
thằng VC nào thì củng đều là lưu manh và gian trá .... chức quyền càng cao thì độ lưu manh càng lớn .... ĐM bọn VC ...!!,2
Du ma nguoi Vietnam sang my khung het tron,2
Noi. Cho. Nhieu di. Chu. Mai. Mot. Gia. Nam ia day. 1 cho. Luc. Do. Muon. Noi. Cg. K noi. Dc. Hi,1
"Đổ đổ cc, ad bộ mày muốn cưa chưn rồi bà bộ trưởng đến thăm mày rồi đổ thừa cho cái số à?! Đm, khôn thì im đi nha, tụi nó không có lương tâm đâu, sẽ hiếp nắng mày cho tới chết đó, ý tao là ám chỉ mấy thằng dư luận viên kìa.",2
"Hiệp Đinh v m k biết đọc à, hãy viết trước khi đọc kĩ nha thằng óc cứt, mắt chưa rà hết chữ mà tay nhanh hơn não, mối nguy hiểm của xã hội",2
Chị kêu cá lóc nhẹ lắm. Chị phải kêu linh cá tra mới hộp với cái miệng hô của nó...kkkk.,2
"CH!CH khỏe, CH!CH phê, đê mê tối ngày :v",1
Nghe là muốn xem rồi,0
Đáng lẽ nhà nước tong chúng nó ra đảo hết mới phải. Mang tiền đi du lịch rồi mang virut báo hại nhà nước,2
"Nếu đây là thày giáo thật thì có lẽ cần phải đi khám bác sĩ, đầu óc ông này đang có vấn đề.",2
Em cầm cái này phang vào sự chu đáo của anh Ba =))),2
Chi chui cho no biec do khung do,1
Sat mui vo lon no co hieu no vua sau vua nao yeu nua,2
xuất khẩu gạo còn bị trả về vì vượt mức an toàn thì làm ăn j nữa,1
Vn chết là vừa.cho dân nó xướng,2
Bênh bênh cái đéo,1
Vãi,1
Ý thức như đb,1
gáy đê thầy ơi,0
ngủ đi thầy ơi,0
Chửi mà dang trời đất nước luôn hà,0
Có chữ nào đâu! Mua bằng thì đúng hơn,1
Hi hi,0
Xin loi dm bang dai hoc xin chua ra truong da co dua kiem 15 20 cu roi.nhung thanh nien ra nuoc ngoai roi o lai da so la vi tien,0
Tran Dan khung lam tro con nich,2
TRẦN DẦN LÀ CỘNG SẢN NẰM VÙNG ĐẢ ĐẢO ĐẢ ĐẢO TRẦN DẦN HAHA😂😂,2
Nói ý kiến của mình mà bị gọi là phản động.... Xàm VL,1
"Ước gì h mk đg ở HN, tối nay kể đc đi bộ dọc Hồ Tây thư giãn thì tốt :)",0
A looooo,0
Vụ này mà con Nhung ml ko đi tù thì sẽ có khối đồng chí phải đi thay.,2
Sang VN thành cái l cat khong...🙈🙈🙈,1
Ơ hỏi khí không phải sao bên cái nền tự coi văn minh hơn việt nam mà lại ko xét nghiệm nhỉ 🤔🤔,0
Khánh Duy share đi cháu 🤣,0
"Đm, bực bội tức tối, cay cú rồ người lên rồi mà ko dc cất lời ca, xả cơn tức thì khác éo gì ngậm .c..Ức vẫn thấy thơm,",1
Đảng và nhà nước thật tuyệt,0
Nắm tay nhau thật chặt. Giữ Tay nhau thật sâu. Cho chắc ăn. Dân sẽ mừng. Cũng như Mỹ xấu ăn thịt người. Mà Vc pháo kích thì cứ chạy tới Mỹ và Ngụy để được giúp chữa bệnh. Làng Mỹ Lai.,2
k hiểu ý duy nhà mình gì cả 😞,0
Để đây và ko nói gì,0
clm oke abe,1
T nghĩ đây là djchip :)),0
Trinh ở ngoài đéo ai thèm ngó đâu anh cứ an tâm ở đấy,1
Chào em ! Hôm nay em đẹp lắm luôn . Bọn chị ủng hộ em ! Em hãy dùng văn hóa chửi - Chửi đau chửi đớn con chó Linh em nhé . Chào em .,2
Lê Thị Trang đắt vcd,1
tự hào vì có nhiều admin fanpage ngu nhất thế giới nữa :)),1
Lan trinh nha bạn,0
k khác dì mấy với bọn thượng đẳng hàn quốc,2
Quảng cáo khá tinh tế :vv,0
"Chị pa còn trinh có cây đinh chính giữa, Chị pa đẹp gái có 2 hòn dái 2 bên",2
Chui nua di co cho bo tat ngua,1
Nguyễn Thuận cmt = não đi bạn,2
"Bởi vậy hể nói đến cộng sản là phải nói đến cái ác ôn , láo cá , lưu manh , mọi rợ của bọn quan chức vc !",2
Chua bao giờ người lại rẽ như bây giờ...!!,1
hi happy new year,0
đã đảo Hàn xẻng bị CS mua chuộc treo cờ máu!!! bên cali mà bắt chước treo thế này chắc nhiều ông bà đứt gân máu tăng xong chết quá 🥶,2
DLV dân lưu vong đâu?,2
dou ma thầy,2
Đi nhanh còn về nhé ông già:)),0
"Thực sự văng tục , chửi bậy kể cả chửi văn không phải là cái hay để mọi người hưởng ứng......đmm chẳng biết có phải một người viết hay không . Nhưng mà chửi hay vkllllllllll (y) Đọc mà nhiều lúc thấy đời đỡ bất công !",1
địt mẹ thắm :)),2
Dơ quá,1
Anh em đón Tết Corona thế nào rồi :)),0
Ở đó mà bán rẻ tâm hồn. Sủa cc,1
Dm pr game nào để t còn chốn,1
Bo này bố tốn mấy chục hộp sữa của sói đấy...🤣🤣,0
"Tụi mày tuổi lồn, nói thế cho nó vuông",2
"Phát ngôn ngu vãi, tao đi ị ở bến xe gia lâm còn phải đóng thuế 5k một lượt kia mà nhà vs có gia lol gì âu, bọn nó chịch nhau còn phải đóng thuế vì dùng bao con sâu hay victoria kia...",2
Chửi thằng nguyễn sin đi chị thằng này ác lắm. Hình như mũi chị Hiếu hơi lệch á.,2
Em oi ..con Linh Dai Loan no´co´nhô? lông dai´cua em chua ma em lai lên Xi`Gon`kiêm´no´con nua?..lam`nhu em co bao nhiêu vang`lây ra deo hêt´hay sao vây ???..dzom`giông vang gia?..nhin den thui`lui`ha`..nêu´la vang thiêt thi no se sang´loe`luôn ah em oi cho anh noi nghe ne..em quên cai con Linh Dai Loan di ..no´noi bon CSVN an cut´cua no nêu´ma no ngung goi tiên USD ve thôi..chu no không co noi em an cut´cua no..em co biet Miên Tây bây gio bi nuoc man va khô han khong ne ???..bon Trung Quôc no ngan dong`chây? cua sông Me Kông rôi...dân mien Tay se chet doi´het..em chui? thang Trung Quoc dum anh di em...em dzam chui? khong ne ??..anh so bn Trung công no´den nha em no nhô? sach lông dai´cua em do nha,2
Cmt nhớ mang theo não nha :'(,1
Hai con súc vật này trước kia đội nhau Lên đầu bây giờ quay lại cắn nhau hả,2
Có khùng quá thì chết đi,1
"chắc sắp tới bóng cười được đại chúng xã hội hoá ! khí vừa sạch, ai ai cũng cầm quả bóng tung tăng vui tươi .... quan trọng là ai cũng cười ngặt ngẹo trông rất là hạnh phúc và lạc quan ! đúng tin thần của đảng và nhà nước !",2
thích anh Tuân cười ghê ă .,0
nói nghe hào hùng lắm nhưng mà công nhận đúng vl anh uwiiiiii :v,0
Ốc chó mới kêu cầm cờ việt nam diễn tập.,2
Tiếc ziêng Di trùng,0
Gia Minh thầy bị camp chứ đánh lủng cc đâu petland quăng mạnh vcl ra ấy :)),1
Có lồn đâu mà lấy 1 tỷ chùi trời,1
Chó hùa kìa,1
Công nhận giông nhau lắm a độ ạ chỉ có khác mỗi cái mặt thôi,0
Móc lên ngửi đấy mà. Dơ vcl 🤣🤣,1
Có quốc thể đâu mà nhục.,2
Vẫn chưa què bằng nhân cách của anh🙂,2
Khùng quá chuỵ ba ơi,2
Thiên tài 😆,0
Như nhau thôi😅,0
abe moi' noi' cl gi` v ?,1
Anh độ dễ như phò ấy :3,2
Má,1
Con này thì có cdg mà ăn?,1
Cái gì chứ láo cá và lưu manh là vc rành rẻ hơn ai hết !,2
Chán đéo nói nỗi 🤣🤣,1
Anri Nguyễn style này châu âu thôi..vN hiện tại nóng cm.. mún ở chùn.. kêu trùm 2_3 cái quần..😂😂😂,0
"Đụ mẹ, thầy làm clg vậy?",2
Thăng đần phát biểu,2
tôi nghe nói là ông Trần Dần tạo ra con virus Covid 19 ra để hại Việt Nam cộng sản hahahaha,0
Địt con mẹ cnó vẽ rađể ăn chia với nhau ý mà. Làm cổng 200ti để tế thằng tổ cnó ah,2
Thân? Chửi học trò như 1 con chó... Thương cái lồl..,2
Cô ơi cô lấy cái bai trộn hồ dích hột le nó đi cô,1
Vitamin Nhung cđ m chứ ai nữa 😁😁,1
"Cách ly vẫn tranh thủ tạo chút scandal câu like, đánh bóng tên tuổi, xuất viện đăng đàn xin lỗi! sợ thật sự cái anh Tiệp này 🙏",2
định lí piano à anh kkkk,0
Ngọc Hà,0
Ghi thêm chữ đ*t chị m nx :)),1
Dạo này nó cho truyền thông nhiều tiền nên im hẳn khá lâu,1
Loại này cho dựa cột thôi chứ độ thế nào,2
"duma hỗm em trúng dc 20k k dám chơi nhiều thầy ơi, so anh ba giáo án xạo lz",2
"Phát ngôn ngu vãi, tao đi ị ở bến xe gia lâm còn phải đóng thuế 5k một lượt kia mà nhà vs có gia lol gì âu, bọn nó chịch nhau còn phải đóng thuế vì dùng bao con sâu hay victoria kia...",2
vl :)) handsome boy,1
Dm nghĩ chán 🤤,1
Abe tính cả rồi đánh VCSA xong bán suất trả nợ cho sena,0
đcm. phạt! phạt cái loz. cáu!!!,2
"em có ktyt 4 lớp kháng khuẩn hàng CHUẨN có giấy tờ hóa đơn đầy đủ nhé mng, giá hơi cao vì tình hình dịch đang ngày càng nghiêm trọng và lượng khẩu trang đang dần cạn kiệt ạ",0
"Cả bà mẹ nữ sinh giao gà nữa. Oan hay không, không rõ. Nhưng chứng cứ kết tội rõ ràng là không thuyết phục. Chỉ dựa vào lời khai của bên đối nghịch mà kết tội được thì giỏi thật",0
Con này đang tụng kinh hay đag đọc ráp vậy trời,0
"nên cho mấy lãnh đạo già về nghỉ hưu được rồi , đem mấy cái tư tưởng trước 1975 về nghỉ hưu chung luôn.",2
nhạt vl,1
Quang Chivas bố tổ sư thằng bại não,2
Nhanh vl các ông:)),1
ở Hàn gọi là chiếc lá còn VN là lá chà bồn.,1
Vân Thuỳ xàm vl :)),2
Huyền Khánh Phùng giống vl,0
Khiêu dâm hay gì,1
"duma hỗm em trúng dc 20k k dám chơi nhiều thầy ơi, so anh ba giáo án xạo lz",2
Muốn biết ông trần dần khỏe hay bị bệnh thi vào xem đài bôn sa . Ông múa võ như vậy là ko fai như lời đồn,0
Chị 3 là cô này hả,0
Đm cái con nhà quê nhiều tham vọng !! Sủa ít thôi .,2
NGHIỆP BÊ ĐÊ NẶNG LẮM R MÁ ƠI,2
Dm đánh răng thôi nó cũng chiếm 80%,1
ngta bán để kím sống..tụi m lấy hết thì hỏi sao lại có trộm cắp ở đây..lũ óc chó,2
"Nguyễn Phước uh, thế thì tia cực tím nó có tăng lên thì cũng là lỗi của Mỹ, của Tàu cả nhé, khỏi lôi ra mà chửi Nhà nước nhé, chứ cả VN này có ngừng SX công nghiệp cho các thím ngồi đói rã họng ra cũng dew bớt nóng, bớt cực tím đc đâu :v",2
Sống chậm cái con mẹ chúng mày,2
Du ma nguoi Vietnam sang my khung het tron,2
bà khùng điên nang lắm rồi,2
"Mày làm như lên cái là hết trộm cướp ấy, với cái xã hội này chỉ có thể hạn chế thôi là đã mừng rồi nhé",2
CON NAY MAT DAI THAT,2
Vcl các thanh niên tay nhanh hơn não :)))),2
này là del có tí nhân phẩm nào nên nó thế :((,0
xxx video 🔞,1
cái mặt trông như côn đồ vậy =.=,1
Cái quần in hệt cái ý thức,1
Ngứa dái quá thầy,1
Con nay da vo mat no cho đa,2
Mấy đứa giàu thường rất thích đi dạy đời người khác,2
"Đéo mẹ, MC Phan Anh có nhận lương từ dân tụi tao ko, hết lòng vì người vùng lũ, còn tụi mày có đứng ra kêu gọi và hết lòng lo cho dân ko hay chỉ là kêu gọi xong đem cúng mồ mã ông bà nhà tụi bây, đm cứ tưởng dân giờ ngu lắm ấy.",2
Thằng ngu người này ai đi làm mà chả đóng thuế . Doanh nghiệp lớn kiếm nhiều lợi nhuận thì đóng thuế nhiều. Thế theo mày đóng thuế nhìu là muốn làm gì thì làm àh.,2
Bay đến đít rồi mà h vẫn la liếm ở đây,1
Bộ phim triệu view,0
"Công cha như núi thái sơn, nghĩa mẹ như nước trong nguồn chảy ra, rảnh về phụ mẹ giúp cha, cực kì thuyết phục mả cha chúng mày =)))))",1
Cảnh Sát GiựT Tiền = CSGT,2
"Hết anh Chung,HN lại tự hào thêm vụ y đức của chị Tiến ruồi_Bệnh viện đa khoa Xanh Pôn gian lận kết quả,bớt xén vật tư khi xét nghiệm HIV & viêm gan B cho bệnh nhân",1
thế đéo nào xin lỗi 1 câu là xong v?,1
đụ mẹ ai biểu vn nằm ở hạ nguồn nó thượng nguồn nó chặn cái là lõ luôn.,2
Út Tuyền sát ngày vé mới cao,0
NhungLê Lê hoa chi đẹp rứa hầy,0
Lại đéo cayy đi,1
Những thằng nói đạo lý thường sống như lon coca truong mình tuấn nguyễn bắc son 🤣🤣🤣🤣🤣,2
Tham nhũng kỳ diệu :3,1
Yêu cô vì lúc nào cô cũng mang lại nhiều năng lượng sống vui vẻ và tích cực. I love you chu ca mo <3,0
Mấy bạn chửi chị này bê đê này bê đê nọ bớt cái mõm lồn lại Ngta bê đê hay ko bê đê ko cần phải đề cập đâu miễn sao họ đẹp hơn cgai mẹ mấy đứa cmt chửi này chửi nọ ok thích thì xem k thích thì biến ngta có làm j m đâu mà vào cmt chửi Còn về chị Linda cứ sống thật là mình e thâý chị quá tuyệt r chị đâu có ăn hết của cha ông cố nội tụi nó đâu . Nên lời nó nói hay chửi cứ xem như chó sủa đi chị ơi . Chẳng lẻ tự dưng mình đang đi trên đường có con chó điên lại sủa lại cắn mình k lẽ mình cắn lại nó Mãi bên Linda cố gắng phát triển kênh ik chị,2
Trần Vỹ mày có đi học phải biết phân biệt đâu là đạo nhái đáng khinh chứ,2
Mai Thu Hoàng idol của cno là vua chúa mà:)))sợ vl,0
Bố tổ sư. Súng bắn không trúng. Để tao bắn cho phát chẳng lòi phèo ra. Cạn lời,1
Đinh Phước sống nhanh chậm t chửi hết👌,0
"Đứa nào bị quay thì đình chỉ 1 tuần,đợi rồi cũng làm lại thôi,rút kinh nghiệm zậy cũng sâu sắc rồi",0
TROI UI BA BEDE NAY CHICH HOC MON NHIEU WA NEN BI KHUNG VA NO BANH XAC ...HAH HAH,2
Xin phép moi người cho tui chũi con chó 1 cái :v,2
Mỗi tháng đc có 600 bạc tiền lương mà ngu như chó. Đây gọi là con chó và ng đi săn.,2
"Lũ chó , bán nước hại dân",2
Nhìn ngok nghếch vcđ,1
Ngu xuẩn nhất nhì là TT Mỹ (thơ trần đăng khoa),2
#ERROR!,0
Chào chị,0
Chi oi em thich chi lam,0
Đúng là chó làm người phải chịu ... haizzz,1
Mưa gió bão bùng,0
bầu cử cl gì mà tao lên fb biết kq đâu mấy tháng trc rồi. bâu làm cm gì nữa lấy tiền chia đi nhâu có đã k,1
Anh đéo phải trình bày,2
Nguyen Nam :),0
Ban dung nen lam video nua dơ ban ban sat dan toc minh het ban,0
Con bóng sa đéc,1
Ngáo,1
"Thế mà chúng nó giật tít cộng gộp lại. Tít lẽ ra phải là : ""Muốn giết người? Hãy làm công an""",2
Ở bển luôn đi về VN làm cái đéo gì ko bik,1
"Mới giờ mới thấm thía nỗi khổ cuqr dịch bệnh . Nghĩ chỉ tháng trước hà nội là nơi kì thị vĩnh phúc tôi lắm . Xuống đó họ thấy biển 88 họ còn ko bán đồ ăn cho ăn . Ko cho vào quán họ uống. Bh dịch đã đến với họ hãy nghĩ lại những ngày họ đối với người dân vp như nào . Hãy nhớ rằng \"" chúng ta là người Việt Nam! Có phúc cùng hưởng , có hoạ cùng chia . \"" đó mới là tình yêu dân tộc",0
Nó lại dễ vailon,1
Lên đi t ke cho... và cái kết có người đằng sau m tự lo nhá @@,0
Nốn lừng mong manh à,1
Cung chi vi đong tien ma mot so nguoi da ban re luong tam,2
Dân ngu cu đen thôi mà .,2
Ông ấy không có mưu đồ chính trị ji đâu. Nói xàm xàm cho vui ấy mà với lại người ta cũng già rồi ông ấy khác bọn việt tân,2
Nặng bà cố luôn hả thầy,0
xe chở súc vật mong người dân hãy tránh xa (đề phòng súc vật phóng uế lung tung làm mất vệ sinh).,2
KHON NAN,1
E chưa tỏ tình,0
Đã tym and chia sẽ ❤️,0
Thế sao bọn mỹ nợ công mấy nghìn tỉ thì ko có thằng dân nào đòi giết tổng thống nhỉ,0
Nguyễn Tiên Lý 39 rồi,0
chiich phu tran dan.bi cach ly car chisnh phu.,2
không hiểu các ông sông kiểu gì rồi nhìn đâu cũng thấy thù với địch,0
Thầy ba quang game ghê quá...ra là chết đầu,0
Anh huanrose còn ăn mỳ tôm vs bụi tiên cơ mà :))))),0
"trời đụ >:( nhìn là muốn tung sml từng con. Chạy xe như bố đời, ỷ mình là đàn bà thì cái gì cũng phải nhường hay sao!",2
Dầu của nó y như nước lã ai bị gạt r mới hiểu,0
"Đizz mẹ nó giết dân từ từ hết chuyện này đến chuyện khác lũ chó quân ăn cướp chứ đéo phải là quân iu nước , bây h nó còn rước giặc tàu rồi mở đương cho tàu qua giết dân ta cho nhanh , đưa formosa zề giết dân ta bàn chứng cụ thể ai ai cũng thấy",2
Cái lỗn cát khôg 😂,1
Bốc họ chăn gái,1
Kay vl đang ngon bỗng nhớ lại mấy chuyện sân si suýt cười ỉa =)))))) Triệu Huy Tú,1
ngu,1
"Dùng được trong 2 năm là còn may, đéo biết nổi 2 tháng không",1
ai có link beat cho mình xin đc ko ?,0
Ủa sao nói nó khóc lóc xin lỗi rồi mà,0
"Nãy vào tường nhà "" con "" này. Đọc vài bình luận trong đấy,rồi tự nhủ "" hoá ra khi qua tuổi trưởng thành thì con người suy nghĩ thật kinh tởm,dù là chung dòng máu"". Lòng người khó đoán thật,cái gì cũng có thể nói được. Đọc nhiều khéo bị tẩy não cũng nên. Ahihi !!",2
"Có vừa đâu mà khóc lóc, nước mắt giả tạo như nước hoa vậy đó",1
Òa là thầy giáo lại vừa đẹp trai lại chu đáo mê quá đi à,0
HUỲNH MINH LUAT,0
Bắn làn+tốc độ,0
Ca sĩ k-icm đéo gì 🙂 ca sĩ câm,2
Đeo khẩu trang vào,0
Nguyễn Hoàng Uyên Phương :)))),0
Trần Công Luận đúng .phai phat tù vi gay bao nhieu nguoi ..tot nhat tử hih,1
Chuyện thường ấy mà bạn. Nền kinh tế thị trường định hướng xuông hố thì rồi sẽ đứng ở cái đáy của nên văn minh loài người thôi,0
Mày nói như lồn. Bọn đa cấp nó đóng thuế còn gấp chục lần doanh nghiệp. Tao cho thằng thớt ăn lồn không oan chứ thằng bên dưới?,2
khựa nhé :)))),1
Người ta ra biết bao công sức tiền bạc. Mà giờ nghe nói như vậy như thay lời cảm ơn.Vãi lol thiệt 😏,1
Chúng xây tượng đài nhiều hơn trường học.,2
Xã hội bồng bềnh.,1
Cay thật sự 🤣,0
Nguyễn Nam chửi tụi nó làm gì ôn ơi súc vật mà có hiểu tiếng người đâu,2
23:10 tao mê khúc này nhất à,0
Từ Mixi với Tình yêu,0
Bắt được đừng chữa nhốt vào cho chết luôn...loại này đừng để đẻ trứng!!!,2
Qua Đông Lào du lịch mà làm kiểu này nó đấm cho vỡ mồm :)),2
Anh Trung bóng lộn sa đéc,2
Cực ki thuyết phục,0
Nhà nước minh nên có những biện pháp mạnh vs những hành vi đi nước ngoài về trốn khai báo.h đứa nào về nước trốn khai báo khi phát hiện đc là dương tính vs vi rút thì mang ra xử bắn luôn!,2
Cs như bầy sư tử săn mồi! Gặp phải thứ gì chúng cũng muốn cướp hết và bất chấp tất cả. Trừ khi người bị cướp đủ năng lực chống trả thì chúng mới dừng. Bản chất của lũ cs là cướp và cướp.,2
Coronavirus is manmade,0
"thật sự xin lỗi các bạn, con chó tên là Thành Lê nhà mình xổng chuồng lên đây cắn càn, để mình nhốt nó vào chuồng :( thật sự xin lỗi",2
Đẹp trai nhau nhà giàu sao ma bi nhũng thế này,1
Trung đái dầm,2
Chính phủ Nhật xin vái đcs VN 1 vái dài vãi đái :))),2
Con bóng già h mới lộ :v :))),0
dạo này pản động nhiếu quá mấy bạn bò đỏ ah :D,2
Từ Tây phải về Việt Nam nhà mình chữa 🤣🤣🤣,0
"Hanh Viet ở nhà giúp mẹ giúp cha , ở đây soi soi mã cha chúng mày :))",2
Ncc,1
Con lon giả,2
chết đi,1
Tui chết với sự đáng eooo này😓❤️❤️,0
Hải Yến con thần kinh lạy m. Chả muốn xem cũng kệ cả họ nhà m nói để thiên hạ nó điss cho vô mồm,2
Họ bị mù mà !!! Tiền che hàng cave đi rồi chúng cơ quan thiểu năng ko thấy đâu,2
Abe áo chất thế,0
Mac ia qua,1
Con mẹ mày. Nhạ ơi. Nhòm vào bữa cơm 25k của các cháu trường tiểu học hạp lĩnh. Tp Bắc ninh xem mày có đớp đc ko,2
TẠI DÂN THÍCH LÀM NÔ LỆ .CHƯA THÍCH LÀM NGƯỜI .ÔNG TRỜI CHO TỰ DO QUYẾT ĐỊNH .TẠI SAO KHÔNG CHỊU LÀM NGƯỜI MÀ LÀM CHÓ GIỮ CHẾ ĐỘ CSVN,2
Bớt nghiệp nhé mn người ta làm ra tiền trên sức lao động người ta mà..nhân quả sẽ có thật nhé mn ...,0
"Bọn chó sư khởi nghiệp này, chúng lợi dụng sự thiếu hiểu biết và tư duy kém cỏi của tầng lớp lao động phổ thông, kém tri thức để trục lợi",2
Dân mà gạt tay vậy chắc tô lâm nó cho vào tội cưỡng hiếp nun,1
Hoàng Ngọc Hòa sũa cc,2
Theo mình thì treo cổ lên chứ đừng nguyền rủa......,1
Đm chị tao bị mất gần 700tr. Có cmr ghi đc hình ăn trộm nhưng cũng botay :v,1
Tuy anh nc hơi bốp chát nhưng thích xem anh stream thích cách sống của a,0
Mặc vest ngầu dã man,0
Dm...thằng assmin phản lại cái động...gác máy cái mả cụ mày...sao mày không nghĩ dây dt bị cá mập cắn...dm...,2
"Học ở trường thầy, cô giáo dạy hay lắm yêu tổ quốc, yêu đồng bào yêu HCM mà không thấy dạy là phải yêu bản thân, gia đình ba, mẹ yêu chi những cái xa xôi chết mẹ còn nhỏ biết con mẹ gì cứ nhồi yêu nước, yêu HCM ? Sao không yêu những thứ gần gũi với mình ? 🙂",2
"Kính gửi Barack ,Ngài nên học cách sống đế vương như bọn anh đây.. Khaaaaaa. Khaaaa",2
cml,1
chỉ biết cười :)),0
Non quá thầy ơi,2
nhà mày khôn vãi lòn,2
Tào lao,1
Thời gian có đợi thằng nào đâu,0
Hiếu Bùi sủa dơ,2
cho fan cứng đi anhhhh,0
Chị kêu cá lóc nhẹ lắm. Chị phải kêu linh cá tra mới hộp với cái miệng hô của nó...kkkk.,2
thế đéo nào xin lỗi 1 câu là xong v?,1
Lý do 1 đứa con gái chấp nhận yêu xa là thằng kia nó giàu vailou. Hết.....!!!!,1
Mặt có vẻ khó ở 🤣,0
DIễn tập chống khủng bố ở Sài Gòn.,1
Xin Quỳ,1
Họa tiết rất tinh tế :)),0
Hèn chi bọn công giáo tham gia chính quyền ở Mỹ. Rồi có cả nhà nước vatican ở Rome nữa.amen,2
Aba hát hay quá!!! Nghe xong xỉu luôn,0
Ngày xưa chơi ma tuý trốn như chó giờ chơi ma tuý phải khoe ra cho thiên hạ biết là mình chơi ma tuý nó mới đẳng cấp.,1
Nhà con Nhung đầu heo rất giàu hãy bắt phạt nó bồi thường thiệt hại..ko để yên dc đâu,2
"Thượng bất chính hạ tắc loạn. Đạo đức xuống cấp trước hết phải đánh giá vai trò của chính quyền trong quản lý, giáo dục yếu kém ko hiệu quả. Đéo làm tốt đc thì lui xuống để người có năng lực lên thay thế.",2
Được vl luôn abe ạ,1
sao tao thấy nó chả đẹp tý nào nhỉ?,0
Có nhiều cách diễn tả ý trên. Có tiền có tất cả.,0
Chị hiếu dể thương,0
1 con chó điên đã vào sủa và cắn....,1
Nghe mùi đa cấp khắm vkl chưa là j trong cái xã hội này đâu bớt dạy đời đi mấy ng đi xe máy mày còn chưa biết họ có bao nhiêu mét đất ở cầu giấy đâu,1
D m thắm ơi cho em vào lại không sợ chó Đi em sai rồi. Hôm sau em k giám chúc mừng năm mới nữa huhu,2
Phim này coi t buồn ngủ mặc dù t rất thích chị đẹp Kristen 😞,0
Xin lỗi nhưng mà bạn nói chuyện thiếu i ốt vcl ra bạn Đỗ Huy ạ.,2
Ủa là sao k hiểu,0
Dùng nó chửi cho sml ak,1
Cô linda của chúng em đâu 😞,0
Ung thư tuỷ thì bỏ mẹ 😄😄,1
"Dân Mỹ muốn giàu thì phait đồng lòng yêu cầu tổng thống giết hết bọn ăn bám Việt Nam Cộng Hòa . Làm hạo tổn báo nhiêu kinh phí Mỹ, gánh nặng cho dân Mỹ",2
Tấn Lộc Nguyễn 😍😍😍,0
vé máy bay giảm mn đi du lịch Châu Âu nhiều nhỉ :))),0
"Anh tôi live đấy , anh tôi live cổ vũ nó phải ez game thế đấy🤣🤣🤣🤣",0
Tinh trùng khuyết tật cã một bè lũ tham quan từ nhỏ tới bé từ thằn bố tới cháu chắc,2
Người có tiếng mặc cái lìn gì chẳng đẹp . Người bt nó bảo là điên,1
Nhiều lúc a tôi xàm lol nhưng nhiều lúc chân lý vl 🙂,2
Anh Minh chậm cdmm,2
Chuyện người ta làm chúng bây ở đây làm thầy bói. Rảnh háng thật,2
"Toà mà làm việc dựa vô lời khai thì ai ghét vu khống thêm thì sao nhỉ ??? Hơn nữa tôi thắc mắc tại sao phải cố ép Hải vào án tử hình trong khi mọi thứ đều thiếu cơ sở ?? Nếu kẻ khác giết người mà không phải Hải , Hải bị tử hình oan thì ai chịu ???",0
mh thích trang từ ngày đọc xách bao ngô lên đg và đi ấy.,0
vừa mới nói xg,0
Phá hết đi rồi chết. Cuộc sống thật mong manh,1
chưa bở phiếu mà đã cơ cấu 4 chức vụ chủ chốt rồi thì bỏ phiếu làm gì nhỉ??,1
H Ngưa Niê Kdăm xin link,0
"Xin lỗi cảnh sát , buồn cười thật. Phải xin lỗi mọi người dân chứ, vượt đèn đỏ gây tai nạn cho dân . Xl cảnh sát wai gì, nó mà thấy thì ăn hành ngay và luôn",1
Anh đó chửi con đỷ này nghe đã tai,2
Đéo giống ai trên cái trái đất này,1
Đây là sam bạn nhe,0
Á á dm.,1
ThanhHuy Nguyen vcl,1
Cách phân biệt thằng ngu ba gà và ba vi thì đúng hơn đó thầy,2
Biệt danh ml,1
Nguyễn Thanh Tín thằng đàn bà mồm dính cut à =)),2
"Bậy rồi.. ad đăng bài v nhiều cháu bò lại sồn lên.. phải có ""liềm"" tin tuyệt đối vào đường nối chính sách của Đoảng Trung Khựa.. cứ đăng bài kiểu này là mấy cháu bò hoang mang lắm :))",2
Ý thức của nó thấp hơn điểm hóa của em.....😌😌😌,2
Dmcs,2
Nghe ông này nói dơ lỗ tai 😎,2
Co lon dau ma chui lon mieng thang be de thui.,2
Mọi người cố lên ❤ và bỏ cmn điện thoại để lo ôn bài cho tốt đi :3 ôm điện thoại và nghe thật nhiều lời chúc cũng không thể nào học giỏi hơn ôn bài đâuuuu :333 <3,0
Thùy Trang :)) thứ điên nó v á mày,2
có thể suy ra 84% nhất trí là máy thằng ml tham ô :))),2
Hằng Thanh vl đây là cl 🙂 hoa đ gì mà hoa 🙂,2
"Ai ko biết nhục thì có thể cười thật tươi cũng được, đó cũng là 1 cách giải quyết khó khăn :)))))",1
"phá hoại hạnh phúc nhà ngta , đâu có ảnh hưởng miếng cơm manh áo nhà bạn mà bán báo",2
Mấy cái người mà kỳ thị lgbt thì quá là lạc hậu. Chết 1000000000000000000000 kiếp cũng chưa hết mù nữa,2
Má c để lại cho c 100 cây vàng c giàu luôn 😂😂,0
#ERROR!,0
Hồ Khang đm câm mồm đi =)),2
Bì nó hút hết chất nên chả béo,0
"Hải Yến bố con thần kinh, thở ra cái là thấy mùi rồi",2
R thế giáo án đá phò đâu thầy l,2
Lê Huyền người ư ?sinh vật hạ đẳng chứ ngươi ai lam thế .,2
Kon mẹ nó riết tụi công an này nó điên rồi,2
Fan thầy lắm đấy 3 heo à,2
Ông nội nào cũng ở không lắm khi không gọi điện cho bà Linh hỏi người ta đ* không Bởi vậy người ta chửi đâu có quan,2
Hoàng Đức Ngọc joke cái lồn chứ joke =)),1
nghệ sĩ nhân dân hài liên minh,0
Mà lúc chưa trả tiền còn doạ e cơ,0
Kenny Lâm có share rồi đó Kenny. Từ hồi dịch ế cm đéo có khách luôn. Sắm qq gì nữa hụhụ,1
Cho vào túi nilon thả trôi sông chứ cách ly làm gì tốn chi phí nhà nước,1
Địt mẹ lũ chó bán nước,2
con chó. tưởng mày đc tung hô à. lũ chó bánh mỷ nước lọc đó xl cái cc. éo bik luật về nhà mà học ra đó đeo biển làm cc nhà mày à,2
thành phần thối nát,1
tao coi con quỷ mặt rỗ trần đoàn mà tao tức lồng ngực tao ak,2
😂.,0
Dm lũ quan tham bán nước.,2
Cái vụ 4000 tỷ 1 tháng thì đéo thấy ói cái máu lol nào ra cả,1
tên làm sao ạ 😒,0
Đố anh không dùng fb nữa đấy 🙂 hi,0
#VTV1 tẩy chai con đỉ Trần Mu,2
thằng VC nào thì củng đều là lưu manh và gian trá .... chức quyền càng cao thì độ lưu manh càng lớn .... ĐM bọn VC ...!!,2
Đọc xong thấy nản,0
thề a ác vs A Quang vl ... a den vl,1
Thôi m kut diiiii !!!!!,2
Em được 9.75 công dân anh có thưởng gì không?? =)),0
Thầy làm như vậy là chết cdm tụi em ròi,1
áo vàng cả áo xanh chơi ống cả nhau,0
"Xương máu của đồng chí mà chúng nó còn trục lợi, thì mạng sống dân đen có là gì.",2
"Xàm ghê, có miến ziên nào chết liền , tự nhiên so sánh với Lisa",1
Đm tố chất,1
Huy Minh Nguyễn im mỏ,0
"Tứt nhiên là ông chỉ là một diễn viên hài, nghe ông nói tui mắc cười quá, Việt Nam tôi không thích dựa vào ai cả trung quốc cũng như mỹ,",0
Thoại Trần “ thâu” ông im mẹ nó ik” :))),1
Ok thầy,0
Đhs nói ngu vl :))),1
đầu trận hùng hổ vđ,1
Đang ăn mì thì xem review thịt trâu 🙂 tôi ổn vl các ông ạ :))),0
Toy chắc sẽ không dùng fb nữa 😞,0
Không hiểu clg đang sảy ra😶,1
Phân biệt vùng miền? Cấm ăn thịt chó???,0
Má thuộc loại nhiều chuyện. Trai không ra trai.gai không ra gái.ma bay đặt lên làm live chim ma.,2
Mikaela Hyakuya chủ tịch cái vẹo gì tầm này... Đinh la thăng còn hẹo... Dăm ba thằng chủ tịch ghẻ,2
:)))))),0
"Nhà mặt tiền cái l*n, mặt l*n thì có",1
Đói chưa mày.,0
Ngu gia truyền,1
Loạn vl,1
Chó má,1
Khổ quá,1
Nát hết rồi,1
Ủa thầy có nói lộn hk e thấy thầy mới là người hk làm đc gì mà ???,0
Bọn đấy ngang với đa cấp đấy tàn mồm thầy cúng,2
Hưng Huỳnh đừng có đi lung tung nha,0
Xin lỗi nha lần sau rút kinh nghiệm.,0
chó sủa thì kệ cmn :D,1
Nhìn ci có duyên thít ci ghê . quá duyên . triệu leli,0
Mc nói giọng giống MC Công Tố,0
"em nghĩ sặc khoai chết thì hợp lý, tổ cha bọn nó",1
Đỉnh cao trí tuệ của cán bộ đảng cộng sản Việt Nam là đây...,2
Mấy ông đánh giầy kia ko là dân à? Cũng lỗi của dân đi :)),1
Quỳnh Như trend hình cánh hoa nha m,0
Đừng bao giờ khinh thường chủ tịch độ nhé các ông,0
Ok thầy nha,0
Chúc anh eng bộ tộc nghỉ lễ vui vẻ nhé,0
Bạn chả có tí hành kinh nào văn hoá cả,2
Ai hát vậy,0
mình đã mất cmn ngủ vì cái video này :)),0
ngon cc anh chào em câu đi đốt nhà đấy,1
Thoại Trần đã không nói được lời nào lời nào hay ho xin câm con mẹ nó mồm vào,2
Nguyễn Bá Quang vào xem cmt ko vui như trk đkm cno óc chó vl,2
"Cái qq, đem clip đi kt liền",1
Đầu óc lão này có vấn đề kiểu gì ấy,2
Ditme đéo hiểu sao,1
Chết rồi ha mấy đứa,0
"Giống mấy thằng fan NTN. Chê thằng NTN làm video thiếu ý thức xong nó nhảy vào bảo "" có bằng ngta không mà nói"" clm =))",2
Thế Vinh cửu vĩ,0
cái mặt trông như côn đồ vậy =.=,1
Nhạc làm riết hổng có hay,0
Bé Ba vailone:))),2
Bóng già đeo vàng giả sửa như chó,2
Mạnh Phúc lũ súc vật. Quê tui 😭,2
Thằng assmin cút wa mĩ sống mày...( thay đồ đi lãnh 3 củ đây)...,2
Đập đá ít thôi thầy,0
"@Hoàng Phúc Lê t củng đã cmt gì trên fb bả đâu mà bị chửi chỉ là đọc thấy ko thích ok, m ko đọc là t củng thích xem clip vì vui nhưng đọc cmt thì thấy nhiều cái quá đáng à chứ t chửi gì cô lan của m. Lgbt tối ngày đòi bình đẳng ko kì thị nhưng người ta chưa nói động chạm gì mà dựng lồn lên chửi như m thì người ta ai ko ghét 🙂",2
Ông này chế mấy câu thơ đâu vậy ae?,0
Ảnh hưởng thế hệ trẻ .ng ta bị liệu thì choc vui mô phật Di. K co sáng tạo.lay nhân cách con người ta ta cau like.,0
"chuẩn r, nước ngoài cũng có chuyện như thế này mà chẳng ai nói, ở VN chạy xe ko theo luật còn làm càn",0
Dạng háng chờ gánh,1
"Wow đã quá, qua fb em mua kính ôm sát chống dịch đi cả nhà. đeo lên gặp sếp sếp tăng lương thêm vì kính đẹp quá",0
D m thắm ơi cho em vào lại không sợ chó Đi em sai rồi. Hôm sau em k giám chúc mừng năm mới nữa huhu,2
Chửi cái l linh cá lon,2
Dụ má,1
"Biết thì thưa thớt, k biết ngậm cặc mà nghe. Cái mồm mày sủa gì tới quan lại tới thằng dân. Thế cái gia đình mày là phản động k thuộc nhà nước việt nam hay sao. Mày phán từ quan tới dân tao thấy gia đình nhà mày chắc chức sắc cũng to. Phán cái đéo gì c",2
DLV dân lưu vong đâu?,2
"nhỏ nầy nói chuyện ngong cuồng ,mày có làm đc hôn",1
Cực kì thuyết phục ạ,0
Thủ tướng lương nghe bảo tầm 15tr 1 tháng.. 10 Căn nhà.. Căn cấp 4 xây sơ xài ở quê giờ cũng 300tr là ít . 10 căn cho 3 tỷ Đi. Lương thủ tướng 1 năm 180tr. Cho là ông ta không xài gì Đi vì nhà xe. Cơm nước đảng lo.. Vậy chắc phải làm thủ tướng gần,2
Thấy cưng quá trời quá đất 😆😆😆,0
"Đây đích thị là chính sách ngu dân mà... Bắt chước các nước tiên tiến trên thế giới thì ko bắt chước, muốn đua đòi theo các nước kém phát triển -))",1
"Phải khai trừ. Ngườ đảg viên mà toàn đi đâu cũng giả danh giữ chức vụ này chjwcs vụ kia, người đảng viên mà đi đánh một đứa trẻ 12tuôi rất hèn hạ. Phải khai trừ và ko chấp nhận một cơ quan nào làm hết",1
bo` cho' do chu' co` do cai' cc gi`,2
Ngộ l ghê ta ơi,1
"Lúc trc ST hát nghe vài lần mới rõ lời đấy, nhưng ngta vẫn nổi tiếng .. còn mấy b k thích thì đừng nghe,ngộ ghê",0
lớn mấy tuổi đầu rồi nói cho như thằng ko não ??? Vẫn cố làm trò ngu si của mik để câu view ??? Não cá vàng éo hiểu sao đc lm youtuber :)) bệnh hoạn vkl chửi cho càng bị bệnh nặng :)),2
sợ vlon anh ơiii🙄,1
Đây là quần què à,1
đúng rồi 1 có 2 không đợi đợi cc nhé 🤣🤣,1
Toàn tin tào lao,0
☻,0
Thoi di thang khung oi,2
Đẳng cấp DLV.,2
Lấy búa liềm TQ để treo nữa chứ :),2
Sự kiện cc gì đc 2 tuần,1
Minh Hoàng nó lại top ms ghê vl,1
Minh Phú đm coi nghề của Tiến Đạt Phạm ml nè,2
Bọn chó,2
Bị cô lập thì về đây với em nè abe em dẫn abe đi chơi gái nè . Bao ngon,1
TÂM THẦN ?!? CHỨ KG PHẢI TRỊNH THƯỢNG ?! CÁCH HÀNH XỬ CỦA 1 NHÓM CÓ TIỀN CÓ QUYỀN NÊN BỐ LÁO !!!,2
lz ma no do =)),1
"Sam luôn luôn đi theo cặp nhé, 2 con chồng lên nhau ý",0
Cô dễ thương quá ❤️❤️❤️,0
Khon nan lu tham nhung,2
"Sinh viên ĐH sư phạm và phụ huynh nên bãi công tẩy chay mụ hồng hán nô, hán gian mang chức hiệu trưởng này đi.",2
Ong Lân ôi ong xảm quá hi,1
"Và họ kêu ngày ấy là ""giải phóng"" miền nam 🤣",1
Cực kì thuyết phục anh ạ:)),0
Suốt ngày đi làm ô xin như con chó bên mỹ mà bị đá dập mu 2 lần rồi nên đi đái cũng khó sợ nó nhức,1
Chỉ là lại từ bỏ tiền ra cho cày view thôi chứ hay cc j đâu,1
Anh Minh chậm cdmm,2
Loằng ngoằng thì được cái *éo gì mà ông thích loằng ngoằng thế. :/ lạ vl,1
Minh Khánh đr b bài này t nghe hơi ngứa xíu,1
hủy thằng bố mày ý :)) ngu,2
Nhịn nói sẽ bớt ngu chú ạ...hi,2
Đúng đó đi thách thức danh hài đi,0
Vl. bỏ 33 giây cuộc đời ra để cười. tốn thời gian mà đéo đc cl gì,1
Combat lùi abe ơiii,0
"Ai làm đc gì ngoài dùng võ mồm ca thán, thơ vịnh vè trào phúng, chửi đổng, AHBP, và xuất phát từ cái tâm vì nước vì dân thực sự? Ai làm gì đó đi chứ, đừng thủ dâm kiểu này mệt lắm :(( Với lại gần tết, ai cũng cố gắng tìm lương tháng 13 mà .. gắng cày thêm job cho tốt. Bên kia mới thưởng tốt",2
lz ma no do =)),2
cháu còn nhỏ đừng xạo loz theo bố cháu nhé tùng,1
chạy qua Nhật,0
"Đáng lẽ làm tới chức giám đốc phải là người học cao hiểu rộng, biết đúng biết sai mà ví dụ như lỡ sai thì cũng phải là người khôn khéo, biết tìm cách làm thế nào để giải quyết vấn đề cho đỡ thiệt hại nhất ,đằng này lại dùng phương pháp hạ sách nhất là",0
Quả múa chung được phết thầy ạ :v,0
"Đụ mẹ, thầy làm clg vậy?",2
Kia là bức tường toàn súng ống đằng sau camera stream,0
đc vl a ui,0
Được vailon :)),0
qua 8/3 rồii mua làm gì nx Ad 😏😂,0
Phượng Vô Danh chuẩn bạn,0
Đù mẹ.,1
bà hà thâm hơn dái chó 🤣🤣,2
"Nhà nước mk phải xử lí nghiêm những trường hợp như này,xử thật nặng",0
Bả cở này cũng dthw,0
Chỗ tao làm nhiều đứa đái xong ta nói nước đái nó vương vãi ra thành bồn mà kiểu giống như là nó đái xong nó đứng vẩy vẩy từ con cu ra cho sạch con cu nó vậy đó. Còn bồn cầu dính nước đái vàng khè thì nó đéo quan tâm đâu đm mỗi lần tao vô tao thấy vậy là tao muốn tụi nó thành bê đê hết đi chuyển giới hết mẹ dùm tao để đi đái ngồi. Con người chứ có phải con chó đâu,2
Đọc cmt mà tức vl 🙂,1
"Hoàng Thảo Nhi nước đi này boss đi nhầm, tý boss đi lại 🤣",0
Tối nay off stream hả mấy ông ?,0
Toàn là những con người thiếu ý thức mà ra cầu mong dừng lại ở con số này thôi chứ lo lắng quá đi cầu cho máy cha máy mẹ đừng đi tùm lum nữa làm khổ nhiều người lắm muốn chết về nhà đóng cửa chết mình mẹ đi,2
"Đụ mẹ, thầy làm clg vậy?",2
Nghe mà muốn đập cái đth đm :))),1
Điên,1
BKDN cũng y như vậy. Nhưng mà kiến nghị lên thì thay thôi,0
ok các cháu,0
giọng ca hảm chết cdm ng nghê luôn mà share cái j,1
Bây giờ nước mỹ toang. Ko thấy bọn 3/// nổ và chém nữa ta.,2
Nhìn giống con cặc à nhầm con cua,1
"Có một người đàn ông nọ đứng ở giữa quảng trường và hét to: ""Lãnh đạo đất nước là những thằng ngu"".",2
"Thực sự văng tục , chửi bậy kể cả chửi văn không phải là cái hay để mọi người hưởng ứng......đmm chẳng biết có phải một người viết hay không . Nhưng mà chửi hay vkllllllllll (y) Đọc mà nhiều lúc thấy đời đỡ bất công !",1
Được anh 😂,0
Giai cấp công nhân là lãnh đạo,0
Chào cc :))),1
ThanhHuy Nguyen dơ vcl=))),2
"Giết quách được phát ra từ miệng 1 người đại diện cho pháp luật VN,hỏi đạo đức,trách nhiệm của ông ở đâu?hay ông là loài đv máu lạnh?",2
Ma no,1
chắc quay clip 18+ được rồi,1
Ngộ l ghê ta ơi,1
"Xin lỗi ad chứ nếu ad ở ngoài sáng không thì làm sao ad biết được trong bóng tối đó có cái gì? Trừ khi ad đã nằm trong tối hay có người trong tối đó thì ad mới nắm được tình hình. Và khi chỉ cần thí vài con tốt ad sẽ lên cấp bậc vù vù, lợi cả đôi bên.",2
"Bá ý khẩu nghiệp nặng lắm nha,đầu thai ch hết khẩu nghiệp nx",2
Con mẹ mày. Nói mày là chó thì tội con chó. Mày còn thua con chó nữa tịp à,2
rách háng như chơi,0
"3. điều mà ai cũng biết, xây dựng ở vn luôn gian dối, từ lúc đấu thầu cho tới lúc lắp wc",0
Xạo lồng quá mầy ơi,2
Yêu thầy dấu bé ba,0
:(( anh trung đít bự,0
Tặng cho những con bò thích làm theo và học tập theo...🤣🤣,2
Ae ysl ib e tư vấn nhé 💪🏼💪🏼,0
Huỳnh Hiệp Thiện aba là bột giặt 😏😁😁,0
NGHIỆP BÊ ĐÊ NẶNG LẮM R MÁ ƠI,2
Ma no,1
"Ủa ngộ nói hồi xưa nhà nghèo ko có tiền, vậy lấy đâu ra 100 cây vàng mà mẹ chết để lại. hết sức mâu thuẫn ?????",0
"Cái này đúng mà, Việt Nam! M có câu 1 ng làm quan cả họ được nhờ mà! Nhưng cái com mẹ quan bjo muốn nó khôn phải lấy bác hồ ra vả vào mặt nó mới khôn lên dc ko cả bố lẫn con đều ngu như nhau cả thôi",2
trả fan cứng lại cho iem =((((,0
Chó cs bán nước hại dân.,2
"6-700 triệu tiền ship/tháng, gì dữ z má, nói không sợ thụt lưỡi hả trời, ship hàng ra nước ngoài còn chưa tới cỡ đó, mầy ship ra sao diêm vương cho người ngòai hành tinh hay gì mà dữ z",2
Em chui qua.....roi em hoi han...,0
Điên .,1
Trước khi làm gì cũng nên lắp não vào rồi làm gì thì làm chứ. Để não thành hoá thạch à,1
"nhà sản thích tấu hài, tuyên giáo luôn mị dân",2
Đây là thầy giáo ba. Đẹp trai Vl . Ý tau là thằng ở phía dưới góc phải đó,0
"Ở indonesia đã có tàu điện ngầm rồi, ở Đông Lào đợi mãi không có",2
Hãy nhìn ánh sáng của đảng và quên đi sự bất công của cuộc sống. 👌,2
thể loại âm nhạc mới đó ông :)),0
Sắp vỡ nợ rồi cho vay để xù nợ à ?,0
Ae 3/// cố gắng ở trong nhà tránh dịch nha. Chết nó chôn tập thể đó. 3/// mà chết hết thì ko có ai ăn cứt cho mỹ đâu.,2
Nguyễn Thị Luận cho nghỉ dài hạn r nha 😂,0
Hồ Khang đm câm mồm đi =)),2
Em sẽ đến đơm cái lỗ nhị thầy đêm giáng sinh🙃,2
em đ có cửa 😞,1
Cực kì thuyết phục🥴,0
Dù abe xóa kênh nhưng em vẫn ủng hộ abe,0
Ai khóc cùng ko nào,0
Nhật TùNg r xong sản sủa,2
"5 ông 6 tổ,,, :D))",0
Oh shjt,1
"Đối với csbv mà nói thì lợn, bò cũng có thể làm lãnh đạo là chuyện rất bình thường .",2
"Hóng thánh, Đầu xui đuôi lọt",0
"Xin lỗi ad chứ nếu ad ở ngoài sáng không thì làm sao ad biết được trong bóng tối đó có cái gì? Trừ khi ad đã nằm trong tối hay có người trong tối đó thì ad mới nắm được tình hình. Và khi chỉ cần thí vài con tốt ad sẽ lên cấp bậc vù vù, lợi cả đôi bên.",2
Sao k mổ cho thằng bố con mẹ lão bác sĩ chết ra đấy rồi bảo đúng quy trình? Địt mẹ chúng mày lũ sâu mọt thối nát.,2
Ch Minh Hiếu nói ch rất dễ thương thật,0
Chi ba song 1 doi nay ko hoi tuyet an doi o kiep co phut thi mai mai van giau sang con nhu e day ong ba cung ko thuong dat cac thi ko co,0
Nhìn khó chịu vch.,1
"N17 khai gian dối, lây lan cho người nhà, hại bao nhiêu ng Việt Nam bị cách ly nên bị mọi người chửi là đúng.",2
"Ở VN thì có thể, tôi nhấn mạnh là có thể thôi trở thành trend vì bạn là người nổi tiếng, còn sang nước ngoài bạn nhìn tấm ảnh đi, trông như đồ quê mùa học làm dân chơi",2
Thân? Chửi học trò như 1 con chó... Thương cái lồl..,1
Cách đây 2 tuần qua streaming house gặp anh quang ngọc trinh đưa a grab ship áo còn a tú đụ cởi trần mở cửa cho e gái,0
Hài lòng del đâu,1
Tú Phạm trường hợp này cần cách li vĩnh viễn bạn ạ,0
Tuấn Bảo chắc bác pro hơn thầy 😀😀,0
bóng già chuyển giới. CÔ CÔ nghe mắc ỉa. súc vật lũ bongs chó tởm lợm,2
Con này vừa xấu người vừa xấu nết khẩu nghiệp nó lại nặng nữa chứ,2
Sờ sờ tai cc j đây,1
"ô nhiễm ở cái thành phố Hôi Chết Mẹ thì nó bảo là sương mù xuất hiện đẹp như Đà Lạt thứ hai, còn ở Hà Nội chắc đẹp như Sapa, ờ thì Đà Lạt với Sapa nhé",2
ở Hàn gọi là chiếc lá còn VN là lá chà bồn.,1
Thấy nước ngta thấy ham nhìn lại xứ vịt ngan chán,1
sale cc,1
Tiền đâu mua thầy ơi áo đắt vãi đái,1
Cái đất nc nhiều chó giấy nhưng sáng chế toàn nông dân thì hy vọng cc gì?,2
Đừng nói những điều mà ai cũng biết =))),0
Dm =)),1
m nói láo chứ ai,2
"Bán hàng vậy mà cũng có ng mua , vì đẹp bất chấp nhục .Con này về miền bắc VN được đón tiếp nồng hậu lắm đây .",2
Nói về mấy ông bụng phệ ở trong chích quyền thôi nói cả đời vẫn ko hết chuyện...mãi cũng ko sửa đc..nó ăn vào xương vào tủy rồi.,2
- cả 2 cũng chỉ ngu như nhau thoii khỏi so sánh :)),1
"Mày mới gọi là nhảm đó,đồ chó đẽ",2
Toàn ngu muội. Đi ra đó mà đánh đi.,1
1đảng là do dân vì cán bộ.....vcc,2
petland ganh tut quan,0
"Lúc trước không biết page nào có share cmt các thứ, ông thầy nói chuyện ngu vl. Đang tranh luận thì xóa cmt, xong bảo nó phát ngôn bừa bãi, tag người này người khác vào làm chứng để lập biên bản. Trong khi mọi người hỏi nó nói gì thì kêu nó nói bậy nên xóa cmt, chưa kịp chụp ảnh. :v",2
Ý thức của chị Nhung còn ít hơn cả nhân bánh mì của t :)),2
púck lại tấu hài,0
"Chẳng qua dân mình ngu dốt, học luật giao thông thì bố thằng nào làm bậy dm",1
Cho tui coi với,0
xin clip ban oi,0
Cân thận nó lại keu phản động :v,1
Dân chơi nhìn phát biết ngay tối nay sẽ nở hoa,0
Nghĩa là vào đây thì cần lồn gì phải nói chuyện lịch sự hả Add ?? :))),2
Phạm Thu Trang Nguyễn Minh Phượng hay là trang lòn nhỉ 🙂,2
clip tổng hợp à ?,0
Like rồi,0
train làm gì anh Ba. malphite thần kiếm mana còn dạng được mà 😂😂,0
"@hoa buitôi chửi nó để trong ngoặc đó bạn , chứ tôi biết thằng ba rọi này mồm nó hơn cống công cộng , từ thiện mà sủa như quái vật vậy, mồm nó độc quá ,mồm nó chửi tục vậy thì tâm nó chỉ tà kiến và ác gian tham thôi.",2
Muốn quay lại cái thời vô lô vô nghĩ Kệ mặc sự đời đeesn đâu thì đến 😌😌😌,0
"có ai để ý chữ ở biển xanh xoay tròn kia ghi "" Tương lai chung ngồi nhà "" :))",0
Của mình hay của người ae,0
Tag sela vô,0
"Hướng dẫn con mẹ gì, giống như hút thuốc lá thế thôi.",1
Nguyễn Bá Quang cày cuốc ăn lẩu phan mà :))),0
Dm anh xấu vl. Mé,1
Là mình làm ảnh đây,0
cho đi cách ly 14 năm cho nhớ .sống thua cả con vàng,1
Mình hỏi thử tý haa bạn mc nam này có PHẢI hai phái k hiii,0
Huyền Trang 😆😆😆,0
Kiep sau may con dy bong nay luoi phai thuc vo cua minh moi vua bung tao da la bong ma toi ngay chui nhau xem ma ghet ghe do bong khung lon nhan xet chinh xac,2
Cuối năm 2017 mà bây giờ đã lọt cuối 2019. Bọn ngu dốt này con ốc làm chưa được nhưng thích chém gió,2
Dùng dầu gội clear auto toạch chuỗi nha mấy đứa điển hình là thầy giáo ba,0
đúng anh ơiiii,0
Mua sịp cute mặc chưa mấy ae meiii 😝😝,0
Hoàng Đức Trung phúc thì fuck,2
Nguyễn Hoàng Sâm fbi,0
Mì tôm hay tôm mì ???,0
Nghe như l,1
Hanh Viet đấy là những biểu hiện của những đứa tretrau chính hiệu đấy bạn ạ. Thề vào page nào cũng thấy cực kì tp 😑,2
dm bữa ni đường 3m cũng có CA đứng @@,1
Tỷ lệ phụ nữ trong QH vietnam cao hơn Mỹ. Know your fact right,0
nếu nó khai báo cẩn thận thì cả máy bay bị cách ly ngay từ đầu thì có phải giờ đỡ khổ không. Chúng ta đéo nên bênh các bạn ơi 🙂,2
Ở Hà Nội đánh nhau như phim trung quốc chắc đạo diễn báo CA rồi nên không có đi kiểm tra. Có quay cả cờ vô nữa bảo đảm tụi trung quốc không làm phim này,0
và mê chim mê dzú đặc biệt ít quan tâm chính trị vận mệnh quốc gia,1
Nhảm nhí. Mày kiếm đâu ra cái tờ giấy này rồi vu khốg thế,2
Tặng cho những con bò thích làm theo và học tập theo...🤣🤣,2
"Gi ghe wa vay troi,k tuong tuong luon👎👎👎",0
Abe đúng là thật xàm l ;v,2
Kiếp này coi như bỏ,0
Ăn điêu nói hớt quen.,1
cty a ở đâu e xin đầu quân :v,0
"Thương anh í quá, sao chính quyền không cho ông cách ly ở nhà tang lễ cho tiện nhang đèn, hòm gỗ kèm nến lung linh cho ấm áp!",2
Thanh Tuấn nghe mùi hôi thúi như cứt từ miệng bạn,2
I love you chu ca mo :)),0
Được a ưiii!,0
Thầy k live à thầy,0
Chán k cơ chứ,0
d4ng' y3u^ gk3^ :))),0
Lý Thành Công nứng ak,2
Đm mày 2/5,1
Ố là la,0
Bên tàu+ chắc chắn cũng có giải cấp nhà nước này 🤣🤣🤣,2
"Thiệt muốn lạy. Emm thấy mng ở khu cách li tập thể đc phục vụ rất tận tình chu đáo. Có cả nghệ sĩ ca sĩ v mà mắc giống ôn gì mà cứ trốn thế! Mình bệnh sluong ít thì còn đủ bác sĩ để chữa trị, chứ mình đem bệnh ra cộng đồng thì bác sĩ cũng bó tay. Mình chết ngta cũng chết 🙂 Rồi làm d zuii k mấy má ???",0
"sắp trầm cảm cmnr , nhiều tâm sự cứ giữ mãi trong lòng và che dấu bằng nụ cười 😷",1
Chị ba ơi em khổ quá,0
Ok đẹp trai nhé abe,0
Mac ia qua,1
Nghe mùi đa cấp khắm vkl chưa là j trong cái xã hội này đâu bớt dạy đời đi mấy ng đi xe máy mày còn chưa biết họ có bao nhiêu mét đất ở cầu giấy đâu,1
mình thắng thì gáy kiểu gì cũng được hết,0
Vc,1
Mai Vy mô ra mà mớ,0
Cay vãi c***,1
Làm đéo gì có vụ thắng kiện phải trả án phí . Ngu người 😟,1
Tao mà bắt gặp thg nào là tao bêu rếu nó từ đầu trên xuống dưới từ bên này qua bên kia đm cho nó đội quần nó nghỉ làm mẹ luôn dùm tao,1
Lại đéo cayy đi,1
"báo viết tiếu thấy moẹ ! 2 thằng kia nó không bỏ phong bì 1tr usd cho mấy thằng duyệt thầu thì đúng hơn ! làm việc với mấy thằng đuỹ xứ lừa mà thiếu ""bôi trơn"" là không thông được chúng nó đâu !",2
Tự hào về VN mà cũng thương bác,0
Giả,0
a xamlol qua,2
"Thằng này thò tay ra luồn dưới gầm bàn lấy dollar của chệt ,bởi vậy mấy thằng an ninh sân bay của chệt đỏ nó chửi ra mặt vậy mà nó câm như hến...",2
Tiki xin hân hành chương trình chân thối của hiếu mập,0
Phạm Nguyễn Cát Vy cljv con,1
"Thành Lê cái lồn mẹ mày nha con chó koi chừng tao bắt con mẹ mày ra cho chó giao cấu , bắt mẹ mày làm tình liếm cặc mút cặc chó đến khi nào nó bắn tinh , chị e nhà mày thì xếp hàng chờ con chó của tao chơi con mẹ mày xong thì đến lượt ăn cức chó của ta",2
Nó lại được vãi lòn,1
Em xin chia buồn với Hàn Quốc một đất nước thượng đẳng :((( nhưng em cũng muốn nói ditmevualonetaolam :))))),2
Vậy nên bầu thằng chó ad này làm đê. Nó giỏi lắm,2
đụ má coi ứa gan hong :),1
phuc phung tri giống cá giồ táp cứt chứ cá lóc đâu ra ^^,1
link đâu con mẹ m,1
"Toàn ""sửu nhi""",1
Con này chắc ko dc di học,2
"Không phải ai khuyết tật cũng bán vé số hay ăn xin , vẫn có thằng khuyết tật đầu ngoẹo sang một bên vẫn được làm quan thái thú cai trị một dân tộc đó !",2
Còn thua xa JB của t,0
Đéo còn tý niềm tin cái đất nc này,2
BA GIA NAY KHONG DUOC BINH THUONG ...HAH HAH ..CHAC BI DUT MAY DAY ...,2
dung la do khung dien gi dau,1
Ăn mặc còn thua ng ăn xin,1
Cái XH chó đàn hút máu.Triệt đường sống dân đen,2
Phan Nhuệ Anh .,0
Đĩ mẹ nó lại hỏng mạng🙂,1
Càng tàn ác thì vạch áo cho dân xem lưng,1
Chiện là bạn bị mất 400 đồng tn vì thằng ad xl,2
thề a ác vs A Quang vl ... a den vl,1
Mặc kiểu này là tao cá ổng vừa ỉa xong . Đéo thể khác được,1
Mất trinh =)))),1
Làm ăn như cc,1
"Văn hóa xứ Bắc hà có khác, thô tục",2
"Nail là 1 nghề như nhiều nghành nghề lương thiện khác nhưng dưới bàn tay đen đúa của Tuyên giáo nó thành 1 cái nghề thấp kém, hạ đẳng. Nghề nào cũng để kiếm sống, nuôi sống gia đình, phục vụ xã hội cộng đồng không phân biệt giàu sang hay thấp hèn. Bản chất của CNCS là bình đẳng bác ái nhưng những hiện nay họ đang thực hiện hoàn toàn trái ngược.",1
Nhiều khi người ta chưa phát bệnh nên k biết mình bị ấy b ơi. Phát ngôn cũng phải nghĩ 2 chiều,0
"Ở VN thì có thể, tôi nhấn mạnh là có thể thôi trở thành trend vì bạn là người nổi tiếng, còn sang nước ngoài bạn nhìn tấm ảnh đi, trông như đồ quê mùa học làm dân chơi",2
Anh Ba để Túuuu,0
cho e hỏi đường lên thiên đường cơm sườn sắp tới chưa ạ chứ dân trả phí cao quá,1
Chị xinh quá em tức quá chị,0
Ngoài kia người ta đang đau đầu vì chống dịch...mình ở đây làm trò mèo,0
Thật ra bình cứu hỏa china là dùng để xịt mấy thằng hút thuốc lá trên xe. Vừa tắt thuốc vừa chống hôi xe nữa . ĐMCS,2
Đây là bạn thân của vũ khắc tiệp mọi ngừoi ạ.nên ý thức nó cũng y vậy,2
Gia cát bị đồng bóng à,2
Báo giao thông thì một phe. Chúng đăng báo để dắt mũi dư luận.nhưng toàn dân đã ko còn tinh cs nửa rồi. Một ngày ko xa cả nc sẽ đứng lên thay đổi cs,2
Đeo bỉm szz to,0
Phương Minn k nghe nổi thì out mắc cailon gì dislike🙂,2
Lủ vc Đcs cũng là một bịnh thần kinh ác hiểm cho dân tộc vn !,2
. Good luck to all my friends.. ☘️,0
chuong tring nay riet roi khong co viec lam nen moi nhung thanh phan tao lao de dua len song.......nhung thanh phan len mang xa hoi chui rua........tao lao....thay giau bac hoan la ho......,2
Vâng :) vậy mà THPT bình thủy vẫn chưa có động tĩnh nào,0
Sebinz :v,0
"có một sự tồn tại của đàn bò mang tên "" cực kỳ thuyết phục "", có sở thích là nhai đi nhai lại, mục đích của chúng trên hành tinh này vẫn chưa có lời giải đáp, theo như các nhà động vật học cho biết loài bò này có lối sống hoang dâm trụy lạc, có thể động dục bất cứ lúc nào, con số của loài này đang được gia tăng đáng kể.",2
"Bán hàng đàng hoàng phải ko, bán hàng lương thiện đúng không, dám cho đối chứng ko, công an cồng đầu chứ ở đó mà xạo xạo, qua mặt thiên hạ hả bưởi",1
Lan Lưu mốt trang điểm cô dâu như zầy nè em :))),0
Bắn bỏ đi thứ lắm Tiền mà cặn bã xã hội,2
Thương chị ghê,0
tụi nước ngoài ngu như bò. ko có bôi trơn thì sao mà nhận thầu đc,2
Nguyễn Thịnh 6 múi luôn kìa,0
"Quang Vinh Le bọn cẩu tham quan mới có triệu đô bu càng,chứ đám bò đỏ có vẹo gì để bu đâu cụ ngoại bị nhồi sọ tẩy não",2
đang cần tiền ai biết ở đâu mướn đi biểu tình chỉ em với,1
"Vừa nhận hàng từ anh shipper, tối cho thằng chồng dùng thử xem thế nào",0
Loại này thả nó và khu bảo tồn thiên nhiên cho về với giống loài của nó chứ ng Việt Nam ta có cùng giống loài vời hắn dc đâu🙂,2
Chí Nhân đuỹ moẹ :)))))),2
Thoại Trần nhà quê,2
Sao k mổ cho thằng bố con mẹ lão bác sĩ chết ra đấy rồi bảo đúng quy trình? Địt mẹ chúng mày lũ sâu mọt thối nát.,2
Anh hoàng lân này hết việc để nói xàm,0
Tạ Thị Ngọc Duyên mày cũng v chứ khác đéo đâu xớ,1
Phim rất rất nhạt...còn Kristen thì chắc k bh có nổi 1 fim đóng hay đc...,2
Mẹc si sa đéc :)),0
MCVMedia may dung co so sanh lisa tui do di cho,2
Tuổi lol ăn anh t,1
Như 1 con khùng,1
chiich phu tran dan.bi cach ly car chisnh phu.,2
Nguyễn Quỳnh Thi Đà Nẵng nè 😞,0
Con cac,1
NHUNG ƠI LÀ NHUNG :)),0
Chúng ở đấy là Pháp phải không ? :D,0
buồn nôn quá nè anh ơi :)),2
Hiếu Bến Tre 2 tk trẻ trâu có khác hơ ?,1
"Óc của thằng ad dc cấu tạo từ cức các loại động vật....bởi ngta chửi ngu như cức...,",2
chửi thế này là bthg đấy :)) chắc nó làm cả việt nam khổ vì nó câu chửi cũng chẳng lj được nó,2
Hài vcl. Buồn mà xem video của Thầy là muốn tự tử :)),2
Nguyễn Nam khựa story,1
Cô Ba vàng Ngọc giật tiền của Minh Hiếu,0
Hahahahahahaaaa,0
Nhanh chậm cái địt mẹ mày,2
Add là cai lol,2
Thùy Trang nghe chưa dc 15s tắt cmnr nhạc vs nhẽo,1
Nguyễn Trọng Thái khoảng thời gian trống còn lại đó nó dành sự quan tâm cho thằng khác rồi,0
"Hà Nội sẽ đc đổi tên thành tp Mao Trạch Đông, đg biên giới VN sẽ đc mở rộng ra tới Tây Tạng. Giải phóng Đài Loan sẽ là nhiệm vụ hàng đầu của nhân dân xhcn, đế quốc Mỹ và bọn tay sai sẽ phải cút khỏi biển đông và biển nam hải. Cùng với Thượng Hải, Bắc K",2
Người du lịch ko muốn quay lại. Đi 1 lần là muốn chửi thề rồi.,1
Nhin guong mat sang lan ....cai dau trong rong ...o ben trong cai gi cung THUI ....mo mieng ra cai gi cung thui .....dat nuoc oiiiiiiiii....,2
Bên tay phải mà hình nhìn phát biết lớn lên mua đủ thuyền 70 tỷ cho êcip đi chơi haha,0
Lại thèm lone Ngọc Trinh chứ sao. Ông cứ văn,2
Chua bao giờ người lại rẽ như bây giờ...!!,1
"Bố lạy mày đừng ""hiếp dâm"" thị giác của bố nữa ad à 😂😂😂",1
Phạm Đăng the mat nước do roi ma k biet ngu ma con kich voi dong,1
dm việc gì rồi cũng đến tay tao - Sói said,1
Có não thì nên sử dụng chứ cứ để nó đóng thành bê tông thì lại phí 😒,1
hop li,0
Thân? Chửi học trò như 1 con chó... Thương cái lồl..,2
Ngọc Quyên cẩn thận nè e,0
Bảo xuyên ơi nhìn em rưng rưng nước đái .hahaha,1
Cai giong cuoi do hinh nhu la cua mao de thi phai.Con cai ba nay nguoi dai loan co cau (狗改不了吃屎)nghia la cho an c...ko cai duoc cai tinh an c...,0
17:28 pháo cao xạ 12ly7 còn không thắm thì AK tuổi gì,0
Vàng ngọc cl đừng có xạo l nha condi mất dạy,2
Vô liêm sỉ. Dối trá. Tàn độc mà đòi chổ tựa của văn minh sao? Tìm lại các câu nói của đảng viên coi..,2
lãnh đạo v+ toàn bọn ăn tàn phá hoại đúng quy trình.,2
qua page Comcom xem dân VN cũng có nhiều thằng ngu tương tự đó :)))),2
"Quá troi xl , đm bán hàng 10 năm , bớt đi cd oi",2
Tấc nhiêng lờ nếu không có 75 thì k có nhân tài đi khắp thế giới để rồi trở về xây dựng 🇻🇳 vn thành con rồng 🐉 .,0
Cực kì thuyết phục!.,0
Không thể tưởng tượng nỗi. Nộp thuế nuôi ai đây? Lúc nào cũng chê lương thấp.,1
Dị dùm,1
(!) cánh hoa đây,1
Già mà dơ zạy aba,2
Hôm nay admin mày chửi đúng lắm! Yên lặng đáng sợ,1
"dân ở thế dưới vì sao ? vì không dám hành động nên mới ở thế dưới , dân đồng lòng cùng hành động thì mới ở thế trên được bạn ạ , VN mình 1 đảng không như các nước tư bản đa đảng khác , đến các nước tư bản đa đảng dân họ còn dám biểu tình đập phá nên họ mới có thể đứng ở phía trên , còn VN thì không .",2
Lien Hoang DinhĐoàn Hiền Lưu Ngọc Diệp Phương Nguyễn Khuất Minh Hồng Mỹ Ý Nguyễn :)))),0
"Đẹp trai,tài năng,tư duy đỉnh cao,call team tốt,tố chất lãnh đạo và nhiều phẩm chất quý khác là những gì mà Ba rọi béo k có",0
Não chó,2
Thằng admin hết tin tức để đăng rồi à.đkm thì kệ mọe nó,2
abe moi' noi' cl gi` v ?,1
Nguyễn Văn Huân sống chậm làm đéo j,1
Ghê tởm con bóng già 😡😡,2
":)))) sao anh đếch ở nước ngoài luôn đi về đây làm gì để bị ""đối xử "" như thế. Câm mẹ mồm ông vào. Có tí tiền lo mà bổ túc lại cái não đi",2
Trinh ở ngoài đéo ai thèm ngó đâu anh cứ an tâm ở đấy,1
Linh Chi t thấy k hay thì nói k hay thôi,0
Đéo biết m nổi tiếng như nào nhưng thái độ m đáng tử hình,2
"Hot girl ống tinh đi, nghe vui tai hơn",2
"Tụi dâm loạn viên ăn hết đống cá rồi tắm biển hết đi nha, sao mấy vụ này chả thấy thằng DLV nào vào sủa vậy, ẳng nữa đi mấy cưng",2
Vl anh ơi 🤣,1
Quan vn chúng nó tham vl...địt con mẹ lũ quan tham,2
Vkl đúng một ổ dlv đang thủ dâm tinh thần với nhau. Tôi ngưỡng mộ a phan anh quá. Còn nhà nước hả. Một nghìn tôi cũng ko đóng góp. Vì tôi quá hiểu bản chất chính quền vn rồi.,2
chuỵ ba xạo lồn :)),2
Lam cai cc j dc bo ha T.lu,1
Giàu quá mẹ ơi sao lon,2
Coi phim mệt tim ds mệt,0
"Tao thấy mày giống sát chết đang ngồi quán, con quỷ ơi",2
Trần Hải Hưng vô tình ghé qua thuiii,0
"Tàu hũ in tiền sang VN gom đất, nhà, vàng và mua chuộc chó với đầy tớ",2
Thủ tướng lương nghe bảo tầm 15tr 1 tháng.. 10 Căn nhà.. Căn cấp 4 xây sơ xài ở quê giờ cũng 300tr là ít . 10 căn cho 3 tỷ Đi. Lương thủ tướng 1 năm 180tr. Cho là ông ta không xài gì Đi vì nhà xe. Cơm nước đảng lo.. Vậy chắc phải làm thủ tướng gần,2
Trường Giang nói mới tỉnh ra bạn à. Chứ đâu ai ác như chị Nhung bạn nói chết bh mới là mấy người xung quanh kìa haha.,2
Khong noi nhieu 🙂,0
Suy nghĩ xem ngày mai ăn gì :),0
Như lol anh ba,2
bại cái đcm m cút QC cl mày đa cấp lừa đảo à 😂😂 đm con yến,2
Thân Hoài Thương ?? Hay thì like đéo hay chả nhẽ k đc dlike? Lạ lồn thế? Sinh ra nút dlike làm cc gì? Hát như cc thì chả dlike,2
3 pro player phải gánh 1 con gà 1000kg,2
Tú Uyên làm tháng đổi đời đi 😂,0
Nguyễn Văn Thiện chậm cdmm,1
gáy lên anh ơi tốn bn thế anh,0
Lại một thằng óc tôm.,2
Nhìn bê tha vl,1
Không được cười Không được cười Không được cười Không được cười Không được cười,0
"Chưa bao giờ nền giáo dục được như ngày hôm nay, học sinh nữ lột quần áo đánh nhau ngoài đường, học sinh nam đứng cổ vũ, thầy giáo giao cấu với học trò đến có thai, cô thì đánh học sinh đến nhập viện cấp cứu, học sinh ra đường như du côn, đánh nhau như phim kiếm hiệp, đấy gọi là hạnh phúc hả ông?",1
Nguyễn Trọng Hiệp cấy tội xl,1
Sao đéo quỳ xuống cho nó dẫm lên lưng,1
"Ai làm đc gì ngoài dùng võ mồm ca thán, thơ vịnh vè trào phúng, chửi đổng, AHBP, và xuất phát từ cái tâm vì nước vì dân thực sự? Ai làm gì đó đi chứ, đừng thủ dâm kiểu này mệt lắm :(( Với lại gần tết, ai cũng cố gắng tìm lương tháng 13 mà .. gắng cày thêm job cho tốt. Bên kia mới thưởng tốt",2
"Thic bài viết này gê,nhưg chỉ có nhữg nguoi wan tâm tới chíh trị mới like thui mà ở vn ng hiểu chính trị thì rất ít",0
Diễm Ngọc vui thôi đừng vui quá! :)))),0
Huy Lê T thấy có chữ Đụ =]] Mắt t hoa hay gì ?,1
"ô nhiễm ở cái thành phố Hôi Chết Mẹ thì nó bảo là sương mù xuất hiện đẹp như Đà Lạt thứ hai, còn ở Hà Nội chắc đẹp như Sapa, ờ thì Đà Lạt với Sapa nhé",2
Thương cô ba,0
Nhờn vs Tùng Sói và cái kết,0
Thích sói ghê ko bt khi nào sói live hộ bố đc đây,0
Trung bá zoe,2
Ba con hot cut'vao ma an nhe',1
Má nó đau tim vl các ông ạ,1
Gia Cát Lồn =))))),2
Chào em ! Hôm nay em đẹp lắm luôn . Bọn chị ủng hộ em ! Em hãy dùng văn hóa chửi - Chửi đau chửi đớn con chó Linh em nhé . Chào em .,2
Tham nhũng kỳ diệu :3,1
Viết Phúc thấy đâu cũng bl nhg chưa thấy nên fan cứng nhỉ 🤣🤣🤣,0
Sếp nhà ngta :),0
Toàn đánh vào Chấn Thủy nhỉ,0
Măc cuơi chay nươc măt đau bung qua thây thương chi qua,0
Minh Nguyen lên bài tứ quý 2 3ng còn lại mặt nghệt ra đếm lá,0
3k và 38 người. Con số đã nói lên tất cả. Tỉ lệ này là 99% Không đồng ý và chỉ có 1% đồng ý. haha Đâu bao giờ dám trưng cầu dân ý.,2
Luc truoc nghe loi thang nguyen thuan chui nguoi ta te tua roi bay gio bi thang nguyen thuan chui lai cho ba ghet,0
Danh hài vẫn mãi mãi là danh hài thôi thầy ạ.,0
Tiền đâu mua thầy ơi áo đắt vãi đái,1
Tao địt cần biết thằng lồn nào nghe máy trộm,2
Anh ba sẽ là người có nút bạc nhanh thứ 2 mà đừng lo aba ơi,0
Này thì đáng sống. Mịa nó.,1
Toang cmnr top 4 chưa có mà lại thế lày :)),1
"Mặt bà này là biết có dương vật ở dưới háng , mặt nhìn coi không có hậu gì hết .ăn nói như giang hồ mất dạy",2
Luôn ủng hộ thầy,0
Chửi bậy cũng có phải có văn hoá !!! page này giải trí vĩ lòn. Thích thích,1
"Nếu tính trên cả nước thì phải lên cả nghìn tỷ.. rồi bao nhiêu hàng quán phải đóng cửa, học sinh nghỉ học ko biết đến bao giờ, xáo trộn cả 1 nền kinh tế..chán chả buồn nói.",0
Không thể tưởng tượng nổi... Bọn chúng ăn bất chấp thủ đoạn,2
Vlog: ăn mừng nút bạc cùng team sbtc của thầy giáo ba,0
Giúp mình với mọi người ơi,0
tư bản giãy chết và kết quả là chúng nó vẫn cho con cháu gd sang đấy giãy chết =]],2
"Đổ đổ cc, ad bộ mày muốn cưa chưn rồi bà bộ trưởng đến thăm mày rồi đổ thừa cho cái số à?! Đm, khôn thì im đi nha, tụi nó không có lương tâm đâu, sẽ hiếp nắng mày cho tới chết đó, ý tao là ám chỉ mấy thằng dư luận viên kìa.",2
"Đã là thế giới thứ 3 thiệt thòi ai cũng có nỗi buồn nhưng xem Cô rất yêu đời,luôn vui tươi hài hước",0
link đâu con mẹ m,1
Chém bớt đi cho xh phát triển .tốn tiền của nhà nc !,2
"Các bạn đọc thông cảm bme của tg ad đi gặm xương rồi, k mang nó theo nên nó xàm lồn, ngồi liếm cứt của bọn Bốc Bãi Cứt ra ăn đấy",2
cái mặt trông như côn đồ vậy =.=,1
Bai vo nay Bac Ho ma con song bung tay 1 cai la ong toi.can gi phai sung voi dao.dung la ba que ba xao...,2
Bạn nuôi được những gì???,0
Con. Quy nay. No. Khung.nang. No ngao da. Het. Thuoc. Chua.,2
Đm cái con nhà quê nhiều tham vọng !! Sủa ít thôi .,2
Quốc tịch VN nhưng sống ở Anh có nghĩa là sang anh sinh sống 1 tgian sau khi nhiễm bệnh thì về VN :)),0
Đờ mờ cuộc sống,1
Khải Quân trẻ trâu vcl,1
Cực kì thuyết phục ☺,0
T chán quá mà,0
Gu thời trang gạ địt à 😀,1
Nói ý kiến của mình mà bị gọi là phản động.... Xàm VL,1
xộn lào quá hà :))) 1 chai bán 1tr giảm còn 300k hai chai :v hàng giả chính hãng nha cả nhà :v,1
Chắc trước đây may làm đi ha sao họ cứ gd đu may vậy,2
CON NAY MAT DAI THAT,2
DMCSVN,2
Cái vụ 4000 tỷ 1 tháng thì đéo thấy ói cái máu lol nào ra cả,1
Kkk...xjn loj cho mjh hoj co mjh hjeu la aj zay ?,0
@Đại Phu Miền tây nói ngọng chữ V thành qu chứ chữ gốc là đi văng hoặc li văng chứ không ai viết là quăng cả.,0
Buồn của Thầy,0
Chan,0
"từ từ đừng cmt nhanh quá, từ từ nghệ sĩ nỗi noi vào 1 2 câu rồi cái tụi mầy lại dơ cái tánh chó ra tung hô à, lũ đa nhan cách :))))))",2
Lê Văn Quật xin video bạn ơi,0
Vlol v:))),1
Tu Kim Khoa,0
Ơ tưởng thầy chơi gay 😢,2
Thằng to ăn to .thằng bé ăn bé đúng là tấn trò đời,1
Tủnn Tủnn trẩu,2
Đào cái đầu ko có não của ad àh,2
Chào em ! Hôm nay em đẹp lắm luôn . Bọn chị ủng hộ em ! Em hãy dùng văn hóa chửi - Chửi đau chửi đớn con chó Linh em nhé . Chào em .,2
Haha từ hồi tớ thấy hình diễn viên hài Công Lý đc in trên sách luật. Tớ chợt hiểu ngay ý nghĩa của bộ giáo dục muốn truyền tải thông tin. Pháp luật là thể loại hài hước :v. Sợ rừng rú quá đi thôi,1
Mikaela Hyakuya chủ tịch cái vẹo gì tầm này... Đinh la thăng còn hẹo... Dăm ba thằng chủ tịch ghẻ,2
đã đảo Hàn xẻng bị CS mua chuộc treo cờ máu!!! bên cali mà bắt chước treo thế này chắc nhiều ông bà đứt gân máu tăng xong chết quá 🥶,2
Mỗi tháng đc có 600 bạc tiền lương mà ngu như chó. Đây gọi là con chó và ng đi săn.,2
Mất mặt người miền Tây .. miệng thì chửi Bắc kỳ. Nhưng cai miệng thì chữa tục tiểu ha. linh cá lóc .đừng có về vn nữa ha...,2
Hanh Viet tất cả những lập luận viết sai chính tả đều như l,1
mất dậy thật,1
Thu Hít k nghe thì thou bớt khịa dùm.,2
Vl anh ơi 🤣,1
"Tạm dừng dùng Facebook làm gì anh ơi , mặc kệ miệng lưỡi thiên hạ họ nói gì thì nói , đâu phải ai cũng là người trong cuộc đâu . Vì vậy anh hãy tiếp tục sử dụng Facebook đi , để còn biết trên Facebook anh đang bị cđm chửi sml chứ",2
Huy Lê T thấy có chữ Đụ =]] Mắt t hoa hay gì ?,1
Thanh Tú,0
"mà khổ , con mèo nhà anh Độ thì nhậu nhẹt suốt ngày, có khi lúc đó đang say xỉn vs mấy con hàng xóm ấy :V",0
Mất văn hóa..mặc vậy bó tay.....cơm. phong cách như cc người ta.😋😋😋,1
nhai đi nhai lại đéo biết mỏi mỏ àh,1
được a ưi,0
Ad sao mày bố láo thế,2
"Ngoài bệnh kiêu ngạo , tự hào dân tộc ảo tưởng . Thì còn bệnh hùa theo phong trào , luôn coi tư tưởng của số đông , miệt thị cá nhân khác biệt . Những đứa "" phản động "" như mình , khi phát biểu suy nghĩ cá nhân , luôn có sẵn 1 tiểu đoàn bò đỏ cuồng cộng trực chờ nhảy vào mồm tổng sỉ vả mình ^_^",2
Cô Minh Hiếu dễ thương quá ạ. =)))),0
Lợi cái đầu buồi j hả,1
Con này nó mà về VN thì tập xác định. Đúng là thật khó mà tha thứ được.,2
"Thợ tóc đâyyyy, ai cắt tóc kkkkk =)))",0
Mà ở đó họ còn xây dựng trên sa mạc :(,0
sela buff sm cho abee,0
Đkm mấy ngày nay không thấy lũ dâm loạn viên xuất hiện,2
Cho liếm hậu m*n cái abe :)),2
Chắc chờ ng eo đi học về,0
Trung ám ảnh,0
"Vcl tự nhiên chửi người khác ngu rồi đem trường hợp ngu của nó ra ví dụ! Đụ mẹ thằng ""lỏng bao"" dành hết phần ngu người khác! Não teo rồi hoá chó à",2
DLV thì cần đéo gì biết phải hay trái ?,1
Cuộc sống mà 😩,0
Bán online 10 năm mà đm đạo đức kém vc boom hàng chết mẹ nó đi mng ơi :)),2
xét nghiệm xong các anh CA Said :,0
Ở VN có 2 thằng Trung Khựa thì ác với VN còn thằng Hàn thì coi thường khinh VN thì kết quả là,2
Có giáo án ms tui idol của thầy =)),0
TPHCM nhé. Sài Gòn không như vậy.,1
Loại nghiện game + săm trổ k có tương lai đâu nha,1
Vâng a rất thượng đẳng,2
Ý kiến cái củ cải . Lên phường mau,1
Cố vấn tổng thống Mỹ chậm quá. Ông phải lệnh cho trump. Cho toàn dân mỹ uống thuốc sốt rét và lấy máu của người có bệnh truyền cho nhiều người chưa có bệnh để miễn dịch cộng đồng. Nghe nói ở thủ đô có thuốc rồi mà ở Cali chúng tôi chưa có thuốc.,0
Thanh Trẻ Trâu đm :)),2
DLV dân lưu vong đâu?,2
Tui nghĩ con má đó nếu có hết bệnh thì nó cx phải xứng đáng là nhận án tử hình,2
Gia Cát Lồn =))))),2
"Hoan hô chú bộ đội đánh mỹ tài ghê , tàu bay mỹ chú bắn cho tan tành 😂😂 sau khi đánh mỹ thì nó thế này đây",2
chúc mừng em đã trúng thưởng event lần này nhé! em inb về fanpage + hình ảnh cmt này nhé! Thầy inb em ko được <3,0
Bóng già đeo vàng giả sửa như chó,2
Hoàng Đức Ngọc joke cái lồn chứ joke =)),1
"Lít xăng, cây kẹo, gạo, nước uống ... mày đang đống thế cả đấy thằng trẩu nhi ! Nói chuyện mở mồm đéo, đm, ngứa háng - văn hóa lắm cơ.",2
Đồ dỡ hơi,2
8 keo đang vật vã với 29 thứ tiếng rồi nên không làm phụ bếp được nữa kaka,2
"Cái page này phản động đấy, ad súc vật biết cc j đâu",2
Khung vang,0
gdd t vs t làm đc gì cho xh thig lquan đéo gì tới m với cái ch đang nói? thành phần như m tốt nhất nhập tịch TQ đi. xấu mặt VN lắm,2
Luật pháp nhug cug phai co tinh nguoi chư,2
Ôi dm phát biểu vây coi dân nhu đồ ngu chắc,1
Khổ quá,1
Quanh đi quanh lại chả hiểu cặc gì nghĩa là chả biết m có vòng vo hay không vòng vo . nói toàn mấy cái vớ vẩn lòng vòng đéo hiểu đk. Mà thế đéo nào lại gặp thằng nói nhiều vậy không biết nữa. Dm nói vậy đọc cả ngày cũng chốt lại vòng vo tam quốc . như tao nói mẹ ra luôn lòng vòng lm cái lồn gì.,2
Nguyễn Quốc An thứ học trò lồn,2
đúng quy trình cmnr =]],0
"Bạn nói chuyện ngu vkl thíu đéo gì con mà phải đợi con đéo cần mình .... Nó cần bạn thì cho câu tl mẹ rồi đéo phải kêu bạn đợi, mục đích đợi của nó là coi có tz nào ngon hơn bạn không thôi đéo có thì nó mới tìm đến bạn",2
Con này chắc ko dc di học,2
Hồ Nguyễn Quốc Phú thôi thôi chú câm mẹ cái mồm hộ tôi,2
Chán ông già vl🙂,1
"Ông im mẹ mồm đi,xl quen mồm",2
Tuy rằng anh nói rất Thuyết phục nhưng em vẫn phải mua ✌,0
Chất tiền đoán nữa 2017 xe về 2018 xe về năm 2019 xe về tiền đoán xa chúc 2022,0
Lê Văn Đạt 😞 ở nhà bùn quá ạ huhu,0
Đi dự giờ về nhớ mang giáo án xịn sò nha thầy. Iu abe :3,0
Lê Thuần Triệu official bóng dơ này bán đồ giả nhe bạn nó khịa minh hiếu nên fan tag minh hiếu vào nhé,2
Cút mẹ luôn đi chứ tạm cl,1
Nhìn mặt sáng sủa thế ko biết tối thì sao nhỉ. Và cái kết,2
Họ bị mù mà !!! Tiền che hàng cave đi rồi chúng cơ quan thiểu năng ko thấy đâu,2
Cayyyy😂,0
"Lại nghĩ cảnh tập trận chống bạo động đại hội Đảng. Cứ tập trận như đúng rồi, sợ dân ta đến biểu tình nên phải làm vậy đây mà",2
me may du,1
cái loai pe de thiet thoi nam,1
Con gia nay sao ra duong duong xe no tong chet me duoi gam xe,2
Hông cho tụi tui được nghỉ mà thắng... thắng cái puồi à,1
Chào các bạn mình là Bạch Thái Long lộn Thái Linh,0
đm tao cười đái =))))))))))))))),0
Ngu chua tung co di mua do phe thai ve xai made in tau khua dat nuoc ngoc dau ko noi la do lanh dao ngu ngoc,1
Tối nay shop acc thầy Ba sẽ có nhiều acc hơn để chúng ta mua :)),0
"Đọc thì cũng thấm, cũng hiểu cái ý của bài viết ... Nhưng ngôn từ hình như quá nặng nề :(",0
đcm 😒 sau có con cho hút cỏ chữa bệnh chứ đéo đưa đi bệnh viện 😒,1
"Đối với csbv mà nói thì lợn, bò cũng có thể làm lãnh đạo là chuyện rất bình thường .",2
"Trông như thằng điên, hãm",2
"con này thực sự nó giống như con thú nhốt lâu ngày, nó chửi cả dân tộc, cho dù thế nào chăng nữa nó cũng phải được truòng trị để làm gương cho những kẻ khác việc nó xin lỗi mọi người có chấp nhận chăng nữa chẳng qua là một tình tiết giảm nhẹ thôi chứ còn tội của nó thì không thể tha thứ được.",2
Lan Hoa mấy đứa suốt ngày bảo người ta đạo này nọ cả đời chỉ núp dưới bóng của người khác 🙂,2
Má nứng quá aiu ơi,1
Ở với + sản..bạn đấu tranh họ cho bạn là phản động...khi + sản sai...nó sẽ rút kinh nghiệm..đậu xanh rau muống..,2
DIễn tập chống khủng bố ở Sài Gòn.,1
"Khi sự thật nó trần trụi thì chả con bò nào chịu như thế cả. Tư duy chỉ cần thắng bóng đá còn nô lệ, ô nhiễm chết lần chết mòn, dân tộc suy vong thì mặc kệ. Chính điểm yếu này mà tầng lớp thanh niên VN bị CS dắt mũi như những con lừa chỉ bằng vài trận bóng. Sự Thật luôn nghịch nhĩ.",2
Mình ko đồng tình với mụ này..nhưng mình lại kết cái câu b k c đẽ... vì mình thấy bọn b k đa phần sống rất chó..nên mình cũng rất ghét...xin lỗi những người ít ỏi b k có đạo đức nhé...,2
Nhung Be hihi sắp đến nhà r,0
"Đéo tin! Mèo rồi lại hoàn mèo thôi! Dăm ba bữa rồi chìm thôi quá lắm thì kiểm điểm, rút kinh nghiệm",1
"Nói kiểu bình dân cho dễ hiểu thằng ăn cướp mà còn mang huy hiệu Đảng thì phải tin nó chứ , không tin nó thì coi như đứng về phía thế lực thù địch tức là thân địch tức là chống Đảng rồi vì Đảng không có thói quen làm từ thiện chỉ thích nhảy Vào Vớ Vét Về thôi nhé .",2
:>>>>>> taocutaodiia :)))) nghiệp quá cô 3 ư :>>,2
Ghé shop em lựa đồ Unisex và Hàng QC siêu xinh các bác ơi 💥🍊💥 Shop em bao check hàng trước khi nhận nha 👏🏾🖤,0
pts quá đáng vl 🤧,0
Thầy câm mẹ mồm đi không em đấm cho bây giờ,2
"bọn dlv hài thật =)) D*t me thằng ăn thuế của dân mà sống thì giúp dân là chuyện đương nhiên và lẽ đương nhiên chúng ta vẫn kính trọng họ , còn người ko ăn thuế , nộp thuế lại tự bỏ tiền túi ra giúp dân thì chúng nó chửi như chó, chúng nó chỉ làm xấu đi hình ảnh người chiến sĩ của chúng nó mà thôi",2
Bạn ấy nói thì đúng nhưng nó tỉ lệ nghịch với cái họ làm nói toẹt ra bọn đa cấp toàn nói đạo lí nên mới nhiều ng bị lừa,2
Bác hãy ủng hộ VN hiện tại và đừng chống phá nữa,0
Anh Thư mấy lần đag bú cho chồng c cũng hay cười dị á 🙂 cái giờ c thèm ổng đ’ cho c bú nữa 😭,1
No qua ma oi nguoi ta giau kg ai ma dem khoe nhu ma dau noi la biet no roi 2020 ruoc ma ve no dum nha con khoai dot phao,2
Sảm sì đú,1
Cứ như mấy ông trại tâm thần nghịch kiến ấy nhỉ,2
Link đâu thằng kia,0
Dm pr game nào để t còn chốn,1
chẳng bảo sao việt nam gần đây ung thư càng tăng,1
Co oi mieng linh nhu lon nguoi ta co thang vay do co,2
Vui cùng em bóp vú bên đường 🤭🤭🤭,1
mãi iuuuu,0
Nghe ông này nói huề cả làng. Chuyện đã rồi ko ! ko có câu nào khẳng định,0
Hay lắm anh Trung Quảng Cáo,0
khổ thân a tôi :3,0
Chị ba ơi chị thiệt là đẹp gái. Mà chị có hai cái hòn dái.,2
Vũ Văn Hiệp học trò như đách lồn :)),2
"Oày,chức quyền đều mua thì biết cái quái gì mà bảo sao không phát biểu theo kiểu ""ngu học"" thế được.Mang tiếng giám đốc sở xây dựng mà một tí chuyên môn nghiệp vụ thì cũng dần dần hiểu ra bỏ bao nhiêu là ""tiền"" cho cái chức đó rồi đó.Phát cho bé 1 phiếu vì sự ""ngu dốt"" của bé :))",2
Vl fake,1
Thuykieu Tran chán cực phí tiền . T dễ tính vđ xem xong toàn ngủ,1
Tao lao .nói chuyện hoan tưởng,1
Bỏ hết sĩ diện,0
Thật là nhục nhã,1
2 cái lỗ mũi to zậy mà vẫn thấy ngột ngạt là sao nhỉ🙄🙄,1
Con cac,1
Kể từ đó không ai thấy 2 con mãnh thú nữa :)),0
Tinh trùng Khuyết tật,2
Mày đéo xứng đáng làm người dân nam định,2
Non Nguoi hue ... kg phai bac ky,0
Linh An đeo hỉu hahhaha,0
Sy Nguyen tàu bay của cái ông đeo kính đen giữa ảnh đó :v,0
Minh hiếu có cặt linh cá lóc có lồn 2 đua bay loạn luan di kiếm đứa con nuoi,2
thề nhìn giống anh pew vl mà anh cứ bảo không phải,0
mà thanh toán qua master là đc giảm thêm 5tr,0
"Giờ tao chỉ mong bóng đá đến sớm . Để lu ngu no tràn ra đường hít thêm khí chết bớt , mới tỉnh đc .",2
"Nam Bắc gì, cứ nói tới người Việt + là ko chỉ thế giới mà chính ""đồng bào"" ta cũng nổi hết da gà! Từ xấu hổ đâu đủ để diễn tả! Đã có hiện tượng lãng xa đồng hương và ko nhận mình là người Việt + trong giao tiếp xã hội khi đi nước ngoài! Dính nhiễm loại virus + này là HẾT THUỐC CHỮA! Than ôi!",2
Lỗ đít nè chơi đi,1
"đm , đúng là mặc đồ như cái quanque thiệttt 🤦🏻‍♀️",1
Đổi cờ hay kỳ gì cũng không đổi cái rẻ rách 3/ đâu nha bác :),2
Khổ thân anh độ giải này mà nát mấy ông anti lại um lên cho mà xem ... Rồi team lại đủ thứ buồn. Còn ngày mai nữa mong các anh cố gắng,0
Tien tri cau tieu,1
chung no ngam suong het roi...,0
Đm Gội Làm Lồ.n Gì!,2
Trí Hoàng,0
"có ai biết làm cách nào để tìm lại được, đồng đội, đồng chí, hay bạn hữu cùng đơn vị của người trong bức ảnh không.",0
sale cc à thầy 😆😆,1
Hoa Minaa,0
lũ khốn nạn. rút sạch sương máu dân,1
"Nhìn lướt qua thì trông chất vl, nhìn kỹ lại thì trông như cái đb ý",1
Thì rõ ràng VN vô đích nên tuy sống với ô nhiễm ở mức nguy hại nhưng dân ta vẫn vui vẻ đi bão và tướng niểng bảo dân ta vẫn vô cùng thông minh đấy thôi !,2
Cũg chưa biết tin ai đc m ơi =)) đồn như lời,1
Tên bán nam bán nữ,1
đắng =))),1
"Ông già tham vãi lồn.. tay một cái, mồm một cái",2
Choy. Heu Minh said Mr Ba Coung con cu chua co los hahaha.,1
Co con cac,1
Huyền Võ thầy của bạng nè bạng iu,0
Thối nát.đkmm,1
Mình thấy cách ly có khổ sở gì đâu sao mà nhiều người cứ trốn tránh thế nhỉ 😶,0
Chuẩn luôn,0
Uyên giàu sao ko ở bên Anh chữa mà về VN,0
ngứa bà cẹt ghê 😌,1
Miền nam thì cố ko cho ng trung quốc trúng thầu còn ngoài bắc thì ... 😪😪😏😏,2
Co ba lon ve khi du no banh xac,2
Nát hết cmn rồi,1
Như 1 con khùng,1
ĐÃ BÊ ĐÊ RỒI CÒN BỊ BỆNH XẠO LỒN,2
Coi tu chu den khach.met dai qua.noi chui ma deo thay chui toan la quang cao xam lo ko,2
Bọn tàu cộng còn ngó đòn nào nửa đâu mà trả giá ?,2
"Thầy bói Ba cl gì gì vậy thầy, đem con susan ra thế giới à",2
Sa béo nhìn ngấy vl :)),1
Ai muốn làm cv bán tời gian ib mik,0
Hôm nào cũng gặp bọn cực kì thuyết phục,0
huy hieu de lam gi ae :v,0
Ủa nó đẹp chỗ nào vậy,1
Anh độ tôi :)),0
Thằng chó Ngọc đang bưng nồi cơm đã vở và ngồi khóc trong bịnh viện ung bướu vì hít thở không khí ô nhiễm!,2
Huynh minh duc,0
"Việc to biến tháng nhỏ,việc nhỏ thành không có gì.xong lại còn đánh lạc hướng dư luận sang hướng anh nhà báo.một bàn tháng lớn cho bộ máy tuyên truyền",2
Bao ChiMiinh AnhNy Thảo ng ba ria:,0
Deoooo nhaa thầy 😚😚,0
Oh shjt,1
Bóng gió sao nó hõn thấy ghê đã là người không được may mắn sao không biết tu bớt để an nhàn tâm hồn cứ sân si bởi vậy làm ảnh hưởng đến cộng đồng người đồng tính đa phần họ hiền lành dễ thương mà sao đám quỹ chửi mất dạy quá conquy già kim ngọc ngọc hiếu sao không biết nhục mà chương mặt ra,2
Cái quần nhìn tục thấy mợ,1
Cô có khỏe ko,0
cái địt con mẹ m,2
Nhìn giả tạo vcl,1
":v rất là tự do ngôn luật .Cán bộ chửi dân ,xỉ nhục dân như chó thì ko sao dân phê bình cái thì bị phạt !",1
Đây là câu nói mà rất nhiều ae muốn gửi gắm tới anh Tiệp :))),0
Cực kì thuyết phục! :)))),0
Kệ mẹ ngta đi. Soi mói làm cái lồn gi,1
Lê Hải Long ủa v họ nuôi bò dê lợn gà là động vật để ăn thì liên quan j đến việc cấm mình ăn bạn ? Bây g vật nuôi và vật nuôi để ăn bạn còn đéo phân biệt dc thì bạn có não làm j v bạn ? Tạo hoá ban cho bạn cái não để biết chọn lọc thức ăn bỏ vào miệng chứ ko phải cái j cũng ăn nha bạn :))))),2
"T thấy bình thường mà, có gì đâu",0
bọn công an chỉ có việc là đi đàn áp dân đen thôi.,2
Nói ý kiến của mình mà bị gọi là phản động.... Xàm VL,1
"Ji Nhung sếp nhung đâu, tag vô kkk",0
"Chuyện đéo đâu xa về đạo đức mấy thằng chó công an giao thông:sáng nãy e đi tiễn mấy thằng bạn đi lính..bọn giao thông đi dẹp đường nó cầm gậy sắt vừa vụt vừa chửi dân như con ""bố mày đập chết cụ mày giờ,địt cụ mày"" mình đéo ngờ luôn đấy",2
Đụ con đĩ mẹ thầy nhá,2
thành phần thối nát,1
Tối nay thầy lại ngủ ngoài rồi,0
Xem cái này chỉ muốn ỉa vào mặt mấy thằng cho xây tượng đài...,2
Chuyen gia vu tru thi phai doan truoc duoc dich cua nuoc My chu? Sao lai phai mua gao du phong. Chung to chuen gia vu tru nay oc dac.,2
"Hơ hơ, ms c.an huyện mà bày đặt lên giọng. Xin lỗi cô ba vàng mã c.an tỉnh nhà con còn chưa coi vào mắt huốn j c.an huyện. Chú con là đại biểu quốc hội tỉnh mà còn ch dám lên giọng. Nổ quá. Đr, ở Mĩ có bom nguyên tử hk nổ ms là lạ",1
Đỷ chị minh hiếu,2
Đc a ạ 🤣🤣🤣,0
Hiền Lương cc,1
Như 1 con khùng,1
Đổi cờ hay kỳ gì cũng không đổi cái rẻ rách 3/ đâu nha bác :),2
Nhìn cái mặt là k ưa r vênh vênh váo váo,2
Được đó thầy,0
Vcc,1
HN Thu Nguyên hoặc cho nó xuống đất ngủ thử cho quen hơi đất,1
Kiep sau may con dy bong nay luoi phai thuc vo cua minh moi vua bung tao da la bong ma toi ngay chui nhau xem ma ghet ghe do bong khung lon nhan xet chinh xac,2
Điệp Còii vcl cáo là ai :)) con anh độ nhé :)),1
Như Quỳnh Bệnh từ trong cái nhân cách rồi pạn🤷‍♀️,2
khó chịu vãi😂,0
Đỗ Hoàng sao nhìn hog giống tí nào 🤔,0
tin 2013 -_-,0
Khiêu dâm hay gì,1
kenny you bảo thích ăn gà abe ơi,0
Sim số đẹp ib e nhá,0
Người ko ra người.ngợm ko ra ngợm.ý thức thì như đống rác.nhà nước nên bỏ tù những thằng coi thường pháp luật và tính mạng người khác như nó.phạt thật nặng xem nó có im mỏm nó ko.,2
thôi chắc ngta chết các bạn mới vừa ý,0
Đm thằng viện kiểm sát nhe răng cười kìa,2
Mời em về với tộc của anh ...,0
"Cai du ma deo bit dang song trong cai thoi ky gi,ma lam alibaba the ko bit",1
"Đ*t con mẹ. Đang ăn cơm nghe đến đoạn bôi c** mũi,c** mèo Đức Phan ạ :)))",1
Vl ;)),1
Nguyễn Hạnh Mai phục con ciu,1
dơ vl,1
Làm chuyện ruồi bu...diễn éo sâu!,1
trốn kĩ vô anh ơiii =))))),0
căng thẳng vlll,1
Nông Tuấn Anh rồi lây corona luôn ?,0
Em đã thử và được mạnh bạc 😂😂,0
Sống chậm đi các pro 🤓,0
K xem cút mẹ mày đi,1
Mất tư cách dễ sợ,1
Nguyễn Chi t makeup cho m free nhé :))),0
"Chuyên gia kinh tế, bà Phạm Chi Lan nói nè , cho nên chúng ta hiểu rằng Vingroup và các tỷ phú bất động sản khác giàu lên chỉ nhờ mối quan hệ và bắt tay với quan chức nhà nước mà thôi",1
Be de roi lai con lam chuyện,1
Mấy cái quan bệnh tật của thời đại,0
Cảm ơn cc,1
"Lộc đéo cmt là bác đc yên r. Lộc cmt cái bác \""lên\"" nóc nhà bắt con gà... Bãi đéo nào cũng có dấu răng của L :))",1
"Sáng nghe các đài phát thanh của loa Phường ra rả kết luận mà nghe nực cười quá thể, hoá ra mấy tháng qua điều tra các kiểu cũng quay lại giả thuyết ban đầu theo 1 phía trường cung cấp. Vậy thì điều tra quái gì cứ phán quyết bất chấp ngay từ đầu luôn đi cho gọn! Quả báo tới từng người bây giờ! Nhanh lắm!",1
"Á đù bệnh tâm thần mà cho làm trung tá mới hay,hèn gì bọn đảng cs toàn là một lủ tâm thần nhưng hám của.",2
Kiếm lấy con hàng xoa bóp chứ =)),0
Cứ tính ngìn tỷ đkm sợ thật,1
Như Quỳnh,0
Nát hết rồi,1
Có não thì nên sử dụng chứ cứ để nó đóng thành bê tông thì lại phí 😒,1
May k mất tết :)))),0
Cần tiêu diệt dân tộc Tàu khựa,2
Hãy sủa theo cách của bạn!,2
Nó lại hợp lý vl :),1
Con mụ thần kinh,2
"Hot girl ống tinh đi, nghe vui tai hơn",2
Lỗ đít nè chơi đi,1
Mình cũng ghét cái bọn con trai làm mất thời gian của con gái vl :))),0
"Em này ko thể tha thứ đc,chị là ng Trung nhưng cái tính e này đã như vậy rồi ko thể sữa nổi ...dân chợ búa rẩu rác từ trong trứng rồi nước luôn rồi !!",2
Được anh ơi,0
Cái này người ta gọi là quá Độ =))),0
Vui cùng em bóp vú bên đường 🤭🤭🤭,1
Im mẹ đi thằng mặt lon,2
CA ở đéo đâu chả thế k đc ăn là nó khác đéo j giang hồ dưới chỗ tôi CA khu vực giờ khác đéo j giang hồ đi đòi tiền bảo kê hàng tháng ra mặt,2
Khánh Vân trêu tí thôi đừng cáu nhé 😁😁,0
Úi bát giới chưa bị thịt à mọi người ^^,0
Bóc lột còn hơn cả bọn Thực Dân nữa !,2
Chị Chan Mặc Bikini Ngon vailon =))))),1
Hạng mục thầy giáo cute nhất hệ mặt trời,0
Xa xôi phí thanh xuân lắm 😂😂😂,0
Ý thức như cuối đầu bài,1
Thời gian đầu đ ai chả thề non hẹn biển yêu lâu mới lộ ra ngay ý mà,1
Đừng so sánh 2 thầy ngu,2
Mong thầy chỉ đóng mv thôi :v,0
Lũ chó chết. Đkm loạn mẹ nó rồi. Xh như lồn,2
thông đít hàng ngày :),1
"Cần nhân giống bò này gấp ,để sau này đi nghiêm thu công trình .Cứ cột mỗi con 1 cột điện,nếu kéo không đổ thì chất lượng công trình oke....",2
MCVMedia may dung co so sanh lisa tui do di cho,2
Ý thức như cuối đầu bài,1
Con khỉ trần dần vẫn còn răng à?,2
"Ở xứ sở nào đó thì người ta lại đối xử với nhau như người rừng, chém giết nhau vì lý do vặt vãnh. THật kì lạ !!",1
Mày ko thay đổi thì ko những bị khóa mõm và khóa luôn cả tay mày luôn,2
Cố lên việt mam,0
Xờ lờ quá,1
Stop chem' gio' di chu Tran Dan oi ?,2
Ám ảnh vl,1
"Đéo biết nói gì, thôi, chia sẻ",1
Cô hư tại thầy,0
TRUNG QUỐC LÀ 1 BẬC THẦY VỀ HỐI LỘ. :))),2
Cứ thịt chó mà phang chứ sam so gì 😁,0
"Tình hình dịch bệnh đang rất phức tạp. Mọi người ra đường nhớ đeo khẩu trang. Ai sống một mặt thì đeo 1 cái, ai sống hai mặt thì đeo 2 cái. Còn ai sống như con kă.c. thì nên đeo bcs thay khẩu trang 😏😏😏",2
"Trần ĐOÀN chuyên bán mấy cái hàng fake mà nói xạo nói láo, vốn có 40k,50k một chai đi bán 200k,300k. Chưa hết nó còn dám nói hàng chính hãng vài triệu sale còn 200k, thứ lừa đảo, mất dạy. Ai mà mua hàng con này sài coi chừng ung thư da đó nha, nó bỏ ba cái chất gây nghiện vô để ngta mua hoài đó, sài vô đi rồi có ngày ung thư hỏi sao xui, thà mua chai dâu thơm chính hãng sài hơi đắt mà thơm lâu, an toàn nha mọi người!",2
Dân băc minh ko xu đep con cho nay,2
Sắp xuống lỗ rồi,1
nhìn nứng gkê ak abe ơi!!!,1
Thang khung,2
Hải Linh Đồng Ánh Thùy Nguyễn Ngọc Đồng Thị Ngọc đỡ 1 khoản,0
Con mẹ mày. Nói mày là chó thì tội con chó. Mày còn thua con chó nữa tịp à,2
Fan cứng dạo hả thầy lol 🤤,2
"Thích câu này vl \"" Bạn lịch sự - admin lịch sự. Bạn cục súc - admin dí L` vào mặt bạn luôn \""",2
Chính phủ Nhật xin vái đcs VN 1 vái dài vãi đái :))),2
dm ông nói phét à 🙂 cái vòng cổ đã quá 2l cụ rồi,1
Nhanh vcl,1
Ả con nè ba,0
Nổ như chó,1
Lừa minh hiếu còn sủa,1
Top,0
Nhìn mặt k co tí gì gọi là phúc hậu...ác khẩu,1
Chắc là bị Việt Tân đánh rồi =)),0
"Hot girl ống tinh đi, nghe vui tai hơn",2
Nguoi dan ba dai loan dau co hoi han gi.vua dut nghiep phan to quoc.xong lai di khau chien tren mang xa hoi.tinh nao tat nay.dung rac cua xa hoi.nhin cai mo chui cua co ta nhu cai dit vit.qua ghe tom nguoi dan ba dai loan.dung nen lay quoc tich vn nua .,2
Giọng abe the thé như con gái mới tiền mãn kinh vậy :),0
Do con mẹ nữa chứ k phải mỗi thợ. :))),0
Dep.sang wa c oi.,0
"Điệu nhảy của thầy rất đáng để học hỏi , rất hay mong lần sau thầy đừng nhảy nữa..",0
Ní nuận của dlv đây 🤣,2
Đéo đở dc)),1
Nguyễn Đức Thắng :))),0
Hieu Trung ưng vcc mà,1
3 que có cờ ko?->,2
"Cái lồn mẹ ở đây người ta nói chuyện công ly chứ đéo phải tống tiền nghe chưa con chó ngu , dizz mẹ mày cty đem tiền tới họng mày thi may làm sao con chó , người này nghèo ko có học thức bị tụi nó chơi , hiểu chưa con chó ngu , nếu mày cảm thấy thp an toàn thì cả họ nhà mày mua dr thanh uống nhìu vào",2
Sống như lồn ok,1
nhớ đóng kín cửa nha. chúc các bạn baker hít thở không khí trong L )))),2
"Cái miệng cua con bong thuôi này chuoi ngta sẽ bị UNG THU hong,lưoi miệng cực kô?",2
Ít nhất ngta cũng làm từ thiện đâu có như cái thứ của m con linh cá lóc. Ko đóng góp mà còn chửi việt nam nx,2
Ad cho hỏi sao bọn nhà đài vtv24 có thể làm hiện các bình luận tích cực và có lợi cho nó nhỉ. BL phản bác sẽ tự ẩn.,1
Chụp màn hình làm cl gì thế con bò :))),2
"Nhưng cũng chỉ vì ở một số cá nhân làm mà cung không đủ nuôi sống gia đình nên phải làm mãi cho đến khi các em, các con trưởng thành .ở một góc độ không nhìn được đa diện đâu (ý kiếm riêng)",0
Giống thế đ nào dc,1
TD yêu quỷ nói chả đúng gì cá,2
Ngơ cái buồi :v,1
Khi đất nước tiến được đến dân chủ tôi nghĩ nên làm riêng một phần nghĩa địa để trôn riêng những người cộng sản ko nên để mộ họ chung với chúng ta được để cho thế hệ sau biết những phần mộ trong nghĩa địa của người theo cộng sản là quỷ đội lốt người có tội đồ lớn với dân tộc,2
Có văn hóa nhưng hơi tục nhé bạn.. Bạn địt AD chứ đưg địt mẹ AD..,2
Đời t lúc nào cũng hạnh phúc k trọn vẹn,0
abe trật nhịp :)))),0
dnn thay ba nhieu hok tro` tot vc :L)),1
Đầu bảng a ưii🤨,0
Dơ vlll nhưng t thích,1
Đây rồi anh ơi =)),0
Oke thầy đã chỉ dạy biết bao dự án năm qua oi thầy vĩ đại vcl :v,0
Mong bác khỏe mạnh để cho ae xem cho vui ko thì mùa dịch này buồn lắm,0
"Anh cứ viết lên Facebook đi, chúng tôi đang chờ vào để chửi anh đây :D",2
Thế là bạn nằm yên cho nó hiếp dâm à.:v,1
Ngu người,1
nghe có vẻ vô lý nhưng lại hết sức thuyết phục,0
Chào thầy ba girl😌nứng vcl,1
Phim mới buồn mà có abe thì cũng cừi ỉa =))),0
"Tụi mày tuổi lồn, nói thế cho nó vuông",2
Cực kì là thuyết phục 🙂,0
Nghe chuyện kinh dị vãi đái,0
Abe muôn năm,0
Nhàn Lê nghe nhiều lần là nghiện bài này giai điệu lạ với vui tai nghe nhiều mới cảm được khác hẳn với các bài trước của Jack mà,0
Game gì đây ae,0
Tổ Sư Bố Con Thần Kinh :))),2
Tô Phước Sang ai xin thì add rồi ib t,0
Ngụ ý của anh bảy vịt quay là???cả đất nước Việt Nam chỗ nào cũng có bọn tàu cộng nó nắm đầu hết.,2
Em hok cmt gì hết mà tự nhiên lên fan cứng nehhhh,0
Thưa ngài tiên tri : ngài là một vị tiên tri ? Tại sao ngài không đoán được sự việc covid 19 sắp xảy ra để cho nhân loại được nhơ .,0
"Chế độ tốt sinh ra con người tốt . Hết xả súng da đen , trẻ em , CS mỹ lại làm 3 cái trò này ..",2
Trăm năm Kiều vẫn là Kiều,0
Mn vào fb con này làm việc nó đi,0
Con đàn bà khó ưa,2
Cái này từ năm 2013 rồi AD ơi. Cái chính là năm 2016 này tụi nó làm những gì nè,0
rất tiếc là không đủ số phiếu để luận tội bà carie LAM.,0
Bố tổ sư. Súng bắn không trúng. Để tao bắn cho phát chẳng lòi phèo ra. Cạn lời,1
Kinh đấy,0
em cũng không biết nứa -_-,0
Vân Thuỳ xàm vl :)),2
Vl ;)),1
Bên mỹ thiếu bệnh viện thần kinh?,1
Ngọc Diễm,0
Thương hiệu mãi theo năm tháng abe ơi,0
Khi đang chăn trâu mà mấy bác bắt chụp ảnh :)))),0
Một triệu lai😗❤️,0
Tộc trưởng nói nghe xàm cặc. nhưng em thích =))),2
Khùng quá trời khùng.,1
Dũng thằng xàm lol,2
Chị linh lốc chửi hay quá❤❤❤😘😘😘,0
Hướng Dương Cái đấy thì chịu :)) . Btw bài Who ft với Lauv nghe hay lắm 👌,0
Rồi khi nào thầy dạy mấy đứa sắt 3 lên sắt 4 :)),0
Nguyễn Thành Công thầy cố tình vậy để đỡ mất công biến về đấy,0
"Phương Dung Nguyễn chị chơi vậy, ai đ* chị",2
MvP cc gì tầm này :))),1
"Lên youtube xem cho nhanh, mạng như l",1
Lon roi an noi mat dai,2
Trẻ trâu đóng film hài hả 🙂,1
Tối Thầy stream đá phò đi thầy ơi,1
Chào em ! Hôm nay em đẹp lắm luôn . Bọn chị ủng hộ em ! Em hãy dùng văn hóa chửi - Chửi đau chửi đớn con chó Linh em nhé . Chào em .,2
"Đúng nghĩa "" Bóp Dái Cả Team"" Thầy đánh ntn Lủng hết rồi.",2
Thằng này láo,2
tào lao xã hội bây giờ nó bị nhiễm hóa chất nên con người nó thế nào,0
Nó lại hợp lý vl :),1
Con ruồi đàn bà đây à :))))),2
Nhìn tiên tri vũ trụ ngon cơm rồi nghe.,0
:)),0
Phan Eric đang zẩy vợ nhìn phát im luông =)))),0
Học công nghệ sản xuất kem chống nhục và phẫu thuật cắt dây thần kinh xấu hổ,1
Tien tri gì nói chuyện k đâu ra đâu. Lạc đề mấy chục lần vậy ô noi.,2
Nứng qá abe ơi :)),1
Hòm đang chờ e,2
Ma no,1
"Còn âm ý chứ 0,01 đã tốt 😂😂",0
Đéo còn tý niềm tin cái đất nc này,2
Xạo lồng quá mầy ơi,2
Đấu khẩu - Chim lợn 👍,1
Ủa kì vậy Lisa Nguyên về hát với lại nhảy mà còn cô MH dth và duyên thui lm sao so sánh hai cấp bật khác nhau nữa,0
Lê Thư bớt ngu,2
Toàn chó đàn,1
Chú đợt này xuống sắc.,0
Ngộ nghĩh =))),0
Nó đéo biết ngại à,1
vãi đớp 😂,1
Khiêu dâm hay gì,1
Việt Hải chuẩn,0
Anh châu đẹp trai quá à ahihi có nhu cầu chơi gay hong anh,0
"Tối thiểu phải giữ lại 33% thì mới đủ xây dựng hạ tầng cơ bản, hơn 40 năm bóc lột dân SG chưa đủ sao? Những ngày đầu tiên tràn vô chúng đã vơ vét số tài sản khổng lồ để cõng ra ngoài kia và cứ tiếp tục chúng xẻ thịt hàng ngày, cao tốc ở TPhcm k đủ phục",2
Thôi anh im mẹ mồm đi.mặt như cc mà ý thức như bờ phẹc,2
Dep trai moi co nhieu dua yeu,0
Lũ chó. Pít là động chạm nhưng tao thjk chửi đấy..,2
"Hiệp Đinh v m k biết đọc à, hãy viết trước khi đọc kĩ nha thằng óc cứt, mắt chưa rà hết chữ mà tay nhanh hơn não, mối nguy hiểm của xã hội",2
Ngứa mắt vc :v,1
thi ngay xua cac cu dong thue than xe tau xe thi gio minh dong thue thu nhap ca nhan thue luu hanh.dai khai la van the nhung gio hoa mi hon ve cach goi.the la phat trien rui,0
Đậu xanh..,1
"Nếu đây là thày giáo thật thì có lẽ cần phải đi khám bác sĩ, đầu óc ông này đang có vấn đề.",2
"Tôi bảo ô ad nhé, ô mở phim sex lên, vặn loa hết cỡ mà nghe diễn viên họ rên sẽ tốt cho não hơn là đi đôi co với phản biện với lũ tiến sĩ việt +",2
Lan Hoa nhưng đạo nhái là kiếm được tiền tỷ còn hơn cái lũ trẻ trâu chĩa mỏ vào để cắn cho bỏ ghét 🤔😏,2
Đm chậm thôi :)),1
Quang Nam ô nghe thấy ko hay đâu có nghĩa là bài đấy ko hay vs mọi ng,0
"Đéo hiểu nổi style kiểu gì? "" con c* hưng phấn "" hay gì?",1
mai tao xin đi làm dân quân xong t đi tìm ra mày giết mày ad ạ đồ phản động :v dlv dạo này hoạt động ghê lm,2
"Hết anh Chung,HN lại tự hào thêm vụ y đức của chị Tiến ruồi_Bệnh viện đa khoa Xanh Pôn gian lận kết quả,bớt xén vật tư khi xét nghiệm HIV & viêm gan B cho bệnh nhân",1
Bảo Tín tối a lên luôn đi,0
Ong Lân ôi ong xảm quá hi,1
Trần Ngọc Bảo Thiên Kỳ Duyên Rou Duan Phuong Tu Tran Tuệ Hân vài bữa xin vào đây làm nè :<,0
chỉ đứng dẩy là thành ca sĩ đc rồi. Thế mà đợt trước a Bảnh về đội chắc giờ làm ca sĩ nổi tiếng đéo phải đi tù ý nhờ,1
Khiêu dâm hay gì,1
"Đéo hiểu nổi style kiểu gì? "" con c* hưng phấn "" hay gì?",1
Dương Đình Đức xếp nhà ngta em ạ.cố gắng sau này tìm đc cty có xếp như này là khỏi cần suy nghĩ :))),0
Cmn Lag đúng chổ,1
Nguyễn Xuân Bắc được bạn ơi,0
Sao cái bọn tìm hiểu QH theo dõi ai nó rảnh vcl thế nhỉ,2
Gọi là báo nhưng chúng là bồi bút của lũ cướp nên chúng tiếp tay cho bọn cướp,2
già mà non :)),1
thầy lồn,2
Chi chua di mua chua thay lanh roi.,0
Im mẹ mồm,1
có bạn ưi :)),0
Nguyễn Hồng Phi cập nhật ttin phải nhanh nhưng cũg chíh xác anh ạ. 😂,0
R thế giáo án đá phò đâu thầy l,2
Tặng cho những con bò thích làm theo và học tập theo...🤣🤣,2
Bọn kia đi đập chết mẹ dân rồi nhé,2
"ô nhiễm ở cái thành phố Hôi Chết Mẹ thì nó bảo là sương mù xuất hiện đẹp như Đà Lạt thứ hai, còn ở Hà Nội chắc đẹp như Sapa, ờ thì Đà Lạt với Sapa nhé",2
Okeere,0
Phạm Tuấn Tú Nguyễn Trọng Nguyễn Tai Ngo =)),0
chết con ỉ ẹ thầy vs em :)),2
e chúc panda của abe iu dấu 20/10 vui vẻ nhé và đừng quên xoá kênh,0
16:51,0
dkm thằng nào sủa câu này -_-,1
Không có tiền mà xạo lồn,2
"Nguyễn Thị Thủy Tiên haha, giọng điệu lại khiến ngta thấy rất có tâm mới ghê chứ haha",0
Thôi thế này xác định nghỉ tiếp,0
Clm :))),1
Dạng háng chứ đâu,1
Chào thầy ba girl😌nứng vcl,1
Nguyễn Yến Nhi đã đọc và sẽ kg đi xem 🤣,0
Tao lao,1
"Xấu quá trời, mà bày đặt chửi dan vn miệng như hai miếng thịt bò, ghét má quá trời à má ơi",2
nhin`nha` que vl 😒,1
Được của ló thầy ơi,0
Ui giồi chửi kinh quá,1
"Đừng nghe những gì cộng sản nói , hãy nhìn những gì cộng sản làm",0
Mđ học sinh l chúc thầy vậy chắc đủ động lực rồi,0
Cũng đéo làm gì cho đời,1
Poppy is the best,0
"Nói người ta giả bộ thì coi chi cho mất thời gian vậy, rồi mất thời gian bình luận",0
má lên clip rồi. mà đéo hiểu có ai giúp cho những người này hay không. mặt rõ ràng ra rồi. mà cũng chẳng đéo quan tâm,1
"Trang Bùi mi là trùm ỉa dạo đó Bùi, ghi nhớ dùm",0
"Người ta bận họp kìa trời ơi, phải họp thì mới hết lũ dc",1
Sạo lol hổng có gì vui nên chúng ta đừng nên sạo lol 😂,1
"đm bẹp dúm oto thế kia còn j là người, thanh niên bây h hết việc làm toàn ra đường quậy phá xong lên mạng đòi tự do @@",0
"Bố thằng ad ngu. Thế có cậu du học sinh việt chết ở nhật. Gia đình cũng chạy vạy khắp nơi đóng đủ tiền để mang xác về thì sao ? Đăng bài nên lắc não trước nhé, hở tý là bỉ bôi",2
Dị dùm,1
Huyền Khánh Phùng bố ơi con ỉa đc nhiều cức k..sói said,0
Người đi ô tô nói cái đ” gì cũng đúng :v,1
Trần dần bệnh tâm thần chuyện có nói ko chuyện ko nói có làm cho cả cộng đồng người việt ở Mỹ quá bức xúc truyền thông pho bolsa tv giống Trần dần bịa đặt chuyện có nói ko chuyện ko nói có,2
"Ngta có tiền đi đâu kệ ngta miễn sao tuân thủ theo quy định nhà nước thì thôi, sân si vừa vừa",0
Sao lại có những người khốn khổ tại thiên đường này chứ. :(,2
Chị Ba khùng nhìn chị buồn nôn,2
"Báo chí vn như cái củ căc vậy,tụi nó có con có cháu có ba có mẹ,mà ăn ở k có đức,v thôi cho con ở nhà mẹ di,cho di học làm mẹ gì,an nói xạo xược,ăn k nói có mà cũng bày đặt đẻ con,giáo dục con,cho con di học đm t khinh cái xã hội vn,khinh cái đám báo chí",2
Thua lào vs campuchia rùi.phát triển thụt lùi cmne,1
Chỉ có thể là nó,0
Nói mấy người nghèo cho chết đói. V trc đó gửi đồ về cho minh hiếu làm từ thiện dell gì,1
Hư cả một thế hệ..,1
Đừng có y y bệnh cả nước k đủ thuốc là ăn lol luôn chứ ở đó,1
Oh shjt,1
ôi đm ^^ nhìn mà thèm coi thủy thủ mặt trăng vc,0
"Ko phải chê gì chứ khả năng win của sbtc quá cao. Sela kidz clear vs petland toàn những thanh niên chuyên nghiệp try hard vkl sao những ""ông già"" bên kia chơi lại. Còn thầy lồn thì t xin mạng phép bỏ qua ko nói tới coi như sbtc 4 đánh 6",2
Minh Nguyen sắp đc thịt ch trưởng thì nghe tin động trời,0
Người ko ra người.ngợm ko ra ngợm.ý thức thì như đống rác.nhà nước nên bỏ tù những thằng coi thường pháp luật và tính mạng người khác như nó.phạt thật nặng xem nó có im mỏm nó ko.,2
Huỳnh Chí Tính CLMM CHỔNG MÔNG LÊN,2
"@Been 93 Nguyễn Thế bây giờ còn chửi ai không, tụi bây cũng ít rảnh lồn quá mà, vô cmt cũng đàng hoàng gì...nói trên đầu người ta không chứ đàng hoàng gì",2
vãi so sánh. tuy chẳng ưa j bọn lãnh đạo nhưng phải thực tế 1 tí. đường trong tp mang ra so sánh với đường sa mạc -_-,2
Ảnh gốc,0
"thằng kế nhiệm chắc chắn là đút lót kha khá rồi ,,",2
Chi dep qua,0
Tham nhung thi 1 trieu nen tu hinh. Nhieu lan thanh nhieu trieu. Mung cho viet nam minh ca quick hoi khong ai tham nhung,0
Tiệp Nguyễn trend mới hình cánh hoa đây e😁 Oke haha 🤣,0
Quá đáng lắm luôn 😂😂😂,0
Con mẹ mày. Nhạ ơi. Nhòm vào bữa cơm 25k của các cháu trường tiểu học hạp lĩnh. Tp Bắc ninh xem mày có đớp đc ko,2
"Đm, đéo hiểu sao cái đầu của nó lại nói ra đc những lời đó, so sánh nó với con chó thì nhục con chó qá",2
:((((,0
"Đúng rồi, toàn bọn rẻ rách, cặn bã, ăn cơm ăn cức của Việt Nam mà mở mồm ra là chửi sằn bậy !!!",2
ôi anh Quang 😂 😂,0
Bảo dan tri thap thì tự ái :),1
Ai giết dk con linh cá lóc tui ủng hộ 10000usd,2
Thương nhất vợ lúc này vất vả thật và nên đỡ họ những lúc họ cần những ng đàn ông như mình bên cạnh,0
Tân AK xin video bạn ơi,0
Có ai quay bên Nimo toàn được vàng mà đéo được kim cương như tôi không :),0
Chi Kim oi dang lam bo coi chi ne! Cuoi den dau bung Luon chi oi,0
Làm đek gì có Lê Văn Tám nên chậm là đúng rồi. :v,1
"Nên nhớ đất nước nầy, tài sản nầy là của dân tộc, nhân dân Viết Nam chứ không phải của cái đảng CS. Cái đảng nầy như cơ quan quản lý. Quản lý không xong thì để người khác quản lý chứ đừng lỳ cái mặt bám ghế làm cho đất nước ngày càng lụn bại tàn mạt. T",2
Sói a chuẩn bị ra rìa 😂,0
Bà dẹp mà nói chuyện gì cũng thấy thương,0
Cực kì thuyết phục 🤣🤣,0
Minh Tuấn tổ sư màiiii,2
Đĩ mẹ nhà nó 🙂,2
Mong anh em ủng hộ kênh mình,0
Đào cái đầu ko có não của ad àh,2
Ổ nhền nhện.,0
Ngứa mắt vc :v,1
"Giàu sang vì cái tâm tốt nè, tâm từ bi giúp bà con nghèo chân thật đụ má nó",1
Ủa Sao lật mặt rồi,0
Dù thế nào ông vẫn thức khuya phục vụ các cháu🤣🤣🤣,0
ジェイ ホープ nghe thì vô phục nhưng lại cực kì lý thuyết cmnl :))))),0
6:05 vâng lần đầu tiên tui biết 1 căn biết thự 28 triệu,0
Suốt ngày đi làm ô xin như con chó bên mỹ mà bị đá dập mu 2 lần rồi nên đi đái cũng khó sợ nó nhức,1
Con bóng sadec =]],2
Sống nhanh lên các bạn 🤣🤣,0
"Hien Tran Ngoc Bich, Hiep Tranhoa xem có bó tay không nè trời.",1
đéo trình bày gì hết,1
Ăn trộm ăn cắp cũng vừa phải thôi chứ 😠😠,0
Bê đê chúa :)),1
Trên mình có suối nước mát nhiều gái nha Sóiii!:)),0
Ở Việt nam người ta kêu bóng khùng,2
Nó đéo biết ngại à,1
chưa bở phiếu mà đã cơ cấu 4 chức vụ chủ chốt rồi thì bỏ phiếu làm gì nhỉ??,1
"mà t cũng đ' hiểu, rõ ràng là bọn quan nó cũng dùng nước mà ? Hay bọn nó có nguồn nước riêng nên kệ mẹ dân ???",2
"Có vụ mới nữa cho mng hóng đây , xe phu nhân Tô húy rứa ko rõ xe công hay xe tư ( nguồn báo sạch )",0
Bọn Tàu chó má,2
Hết kêu gọi rồi lại nhắn tin :) Dây kinh nghiệm đâu r. Xin mời thủ tướng cứ rút thoải mái,2
"anh em có đọc sách "" dạy làm người "" của anh Tuấn tặng chưa ? ...nếu chưa thì ném cmn đi nhé ! ảnh viết sách, tặng sách xong giờ ảnh ko nhớ, không biết 3 triệu đô la là cái gì luôn á ! tội lắm",1
.....,0
Thấy nhà tiên tri khỏe mà rớt nước mắt,0
"mấy lần trước ko ý kiến, lần này chửi thẳng luôn: AD NGU",2
Trung Quốc chỉ có chính quyền mới vô nhân tính thôi còn dân của họ vẫn văn minh ý thức tốt..đâu như ở Việt Nam 1 số thành phần người dân quá thiếu ý thức giờ sự việc nghiêm trọng cứ tiếp tục thì hậu quả khôn lường,2
😶,0
Mấy bé 2k1 không biết đã tìm thấy xác ở dưới sông chưa nhỉ =))),0
"Thế mà mình nói mấy thằng bắc kì, bọn đó lại bâu vô nói mình phân biệt!:D",2
mày biết củ cặc hong :v,1
"Đang nói đến sự bịa đặt của từ thiên đường xã hội chủ nghĩa. Lại tổ lái sang từ khác để lấp liếm à. Thôi trả lời đi, có tài liệu nào chứng minh từ này có ko. Hay toàn từ mồm bọn chống cộng ra",2
Bình Nguyễn tối nay tranh thủ đi mai tao lên rồi . bao tao để dưới gối nhé,0
dou ma thầy,2
"Chỉ cần chặn từ bức tường vt 17 ,nam Bắc phân ranh sẽ trả lời ngay ai cần ai ????? Để bk k phải nuôi nk như bọn chúng từng lếu láo .Hiện tại nk đang bị ĐÔ HỘ bởi bk ,thế mà mn vẫn vui vẽ vì cảm thấy mình k đủ NÍ nuận đành câm như hến để nhờ ơn ỉa đái từ bk",2
Trang Tran Hien teo chỉ ở nhà học và ngụ thui,0
Mai anh Độ bắt đầu live thì cả bộ tộc chào cờ rồi hát tộc ca :v,0
assmin đi chơi gái bị tống à :)),1
lolzzzz,1
Ý thức của chị còn thấp hơn cả điểm hoá của em 🙂,2
Nguyen van Giang thắng tới nơi sủa bậy,2
Lỗi không phải tại anh đâu mà là tại mấy anh công an không xích anh được sớm hơn thôi chứ bên vũ hán anh vào lò lâu rồi,2
Adm :)))),0
Kha Nguyễn cho xin video,0
Hat nhu lon 🙂,1
TPHCM nhé. Sài Gòn không như vậy.,1
Bao giờ cho đến ngày xưa?chúng ta hãy biết ơn lịch sử suốt từ thời 3 lần đánh Nam hán trên sông Bạch đằng.đừng như bây giờ tên cũng không dám gọi.chúc Bác Lượng luôn an toàn!,2
Đéo ghi nguồn.,1
Ngu thì chết chứ bệnh tật j. Thắng lại làm j,1
Một khía cạnh khác,0
Nguyễn Trọng Hiệp :))),0
Nguyễn Quốc An nhìn như con đười ươi,2
Mikaela Hyakuya chủ tịch cái vẹo gì tầm này... Đinh la thăng còn hẹo... Dăm ba thằng chủ tịch ghẻ,2
Trần Thanh khi nào mà m nhắn qua cho t câu “đuỹ lone khốn nạn ghê” là t hiểu r đó,2
Thằng CA chắc học võ công của Võ đang ấy mà,2
Đkm mấy ngày nay không thấy lũ dâm loạn viên xuất hiện,2
"Thành Lê cái lồn mẹ mày nha con chó koi chừng tao bắt con mẹ mày ra cho chó giao cấu , bắt mẹ mày làm tình liếm cặc mút cặc chó đến khi nào nó bắn tinh , chị e nhà mày thì xếp hàng chờ con chó của tao chơi con mẹ mày xong thì đến lượt ăn cức chó của ta",2
Nhận phong bì thôi,0
Nguyễn Quang Huy chạy ngay đi,0
kkkkkk bị bà tam cung dụ hết mớ rồi nên lên đâu dám nói sợ ngta chửi ngu như chó kkkk,0
Xã hội chó má vốn k công bằng,2
clm =)),1
cái mặt trông như côn đồ vậy =.=,1
Nhìn ổng dễ thương muốn xỉu🐝🐝,0
Lỗ đít nè chơi đi,1
Cực kì thuyết phục!,0
Khoe puồi,1
nhớ giữ mồm giữ miệng chứ trong tù là hay bị mắc bệnh lạ lắm đấy,1
Minh Thông 😂😂 có thể kiêng bú cu chứ ko thể bớt chuyện cười đc,1
Con gia nay sao ra duong duong xe no tong chet me duoi gam xe,2
Đường đường là cty đứng nhất nhì việt Nam mà sao để gà cưng của mình bay acc suốt thế :(( với lại hack tk trên 1tr fl đâu có dễ :)) hay lại làm trò để người ta chú ý,0
Tất cả là từ ý thức như đb của mấy người này mà ra thôi.,2
Thằng to ăn to .thằng bé ăn bé đúng là tấn trò đời,1
Nguyễn Nam khựa story,1
Con này chắc ko dc di học,2
M tính chơi bê đê à,0
Nhiều người theo đuổi hay không nó không quan trọng. Quan trọng nhất vẫn là cái tình cảm nó dành cho bạn thuiii. Vì không chỉ riêng gì con gái mà con trai vẫnn có người theo đuổi mà. Đừnng để lệch sóng nhau là được.,0
"Của dân, do dân, vì dân!!!",0
Trần Công Luận đúng .phai phat tù vi gay bao nhieu nguoi ..tot nhat tử hih,1
Đc vailin anh ui 😇😇😇,1
Mồm con linh không khác gì như cái lồn trâu 😄😄😄😄😄,2
Gửi con ml nhung17 nhé =))),2
Sao con bop vú bà ngoại 😂😂😂😂,1
@HYNDRA CHOICE =)),0
Thằng nào ko bầu chọn thầy bắn cm hết,1
"thằng ad k muốn bme nó ra tù đấy mà, rõ khổ",2
Bà này nhiều tiền quá đâm ra điên cmnr,2
"Ở hàn quốc còn chưa lo huống gì việt nam , hãy tin vào nhà nước thì họ sẽ làm đc",0
Luu Thụy Anh y chang c e mình kk,0
gửi tặng đũn đĩn hàng nghìn cánh hoa =)))),0
Keu con linh cá lóc về vn đi c hiếu đập vô mặt nó,2
Thang M. Hoang Anh Nguyen tag 2 con người biết đánh bài vào đây,0
"Dân trên núi thì nó biết chuyện trên buôn, trên làng chúng nó thôi, bác nói chuyện dưới đồng bằng ra thì sao chúng nó hiểu đc :v",0
Chỉ là lại từ bỏ tiền ra cho cày view thôi chứ hay cc j đâu,1
Cứ tính ngìn tỷ đkm sợ thật,1
Mỏ này là mỏ gì đây mọi người :))),0
Nói dân trí thấp lại tự ái,1
GAM thua cái củ cặc nhé !!,2
"Thế mới thấy ở dưới thôn xóm đã ""ăn lai 1.0 rùi"", càng lên cao thì càng tăng theo cấp số nhân thế nào đây từ thôn, phường, chi hội, hội, quận, tỉnh thành, trung ương.... Ôi thôi nó thối đến fat tởm thật.",2
"Tôi thấy phản động ở khắp nơi mà nhiều nhất là mấy thằng bán nước, hút máu dân đen. Cứ sủa ra là luật , bọn chó",2
"Paula Lưu người miền đéo nào mà chả ăn cơm , ông này bị hài à ? dựa vào thịt chó chỉ là cái cớ để phân biệt vùng miền :/ không bằng cả con chó rách",2
Sời đcm nhìn quả mãnh thú chất ko?🙂,1
qua sam,1
Con này nó tưởng nói chuyện vậy là hay mất dạy khốn nạn khẩu nghiệp con trai nó gánh,2
Bán ba cái nước hoa xạo,1
Thinh Nguyen ct chứ đâu má. Tự cách ly rồi. 🤣,0
Bai vo nay Bac Ho ma con song bung tay 1 cai la ong toi.can gi phai sung voi dao.dung la ba que ba xao...,2
Dm bị band cmt trong gruop,1
"Bắn bỏ hết mẹ lũ tham quan đi, lũ chó",2
Mẹ nó. Sắp đc húp mà cứ live cc,1
Bán rẻ tổ quốc,2
@Anh Nguyen Tuan biến con mẹ mày,2
"Nhị Thắng ông a chốt hạ câu lên top luôn,vãi cả nồi😂",1
Ôi đm xoạc háng ra đọc hết cái cmt thì đau cả cứt,1
Má ăn mặc đeo giống ai,1
"Có thể các bạn chửi chúng nó là ngu nhưng mà đó là chúng nó lo cho con cháu đấy, có điều không phải con cháu các bạn thôi. Xong phi vụ này con cháu nó đổi màu hộ chiếu các kiểu hết :))",2
Đọc cmt mà tức vl 🙂,1
Cứ như mấy ông trại tâm thần nghịch kiến ấy nhỉ,2
Nguyễn Phước PhúcPhúc blue của thầy,0
"các chú các bác làm ở sân bay ăn no mòng, khách bị ướt đéo phải việc của các bố ấy :)",2
Vẫn đéo hiểu 2 câu liên quan lol gì đến nhau,1
Cực kỳ and vô cùng thuyết phục,0
"Ngày trước người Nam kỳ chúng ta sống tử tế hơn, bây giờ có lũ ngợm tiểu quốc rau má và lũ ngợm thượng đẳng ngàn năm văn vật đi vào cướp của, cướp đất người Nam kỳ, người Nam kỳ chúng ta bị nhiễm văn hóa của ngàn năm văn vật của lũ ngợm lừa con hoang đ",2
Ba nay choi da qua bi hoang tuong,2
Mình thấy là trong page toàn nữ . Đã thế fan cứng toàn nữ ! Lại đặc biệt hơn là gái Hải dương 😍😍 quê tôi đấy 😂😂,0
bà hà thâm hơn dái chó 🤣🤣,2
vcl cà khịa =))),1
Huyền sạc :)) nghe tên đã thấy tửng :)) xem clip thì đúng tửng thật hâhhahah,0
Đấu khẩu - Chim lợn 👍,1
"con hàng này ngon quá, t sục 5 phút bắn cmm rồi",1
Trưởng thành vl,1
Chi ba em kho qua cho em muon mot it,0
Thằng nào ko bầu chọn thầy bắn cm hết,1
đéo trình bày gì hết,1
Anh Minh chậm cái địt bầm m,2
Hằng Grin FC Khánh Phương😂😂😂,0
Phương Nam 1 ngàn 5 cái thì mua 🙂,0
Thiên đường của cs!,2
Rất mộ dung đó anh ơi :)),0
Tháii Hèn xin ạ,0
Phạm Linh ko co cl,1
"Ăn hết bao nhiêu tiền của dân để lo cho dân nhưng lũ mọi rợ này lo cho dân vậy đó,qua tàu rước bao công về chém hết lũ mọi rợ đó đi.",2
lên fan cứng đi,0
duma xem ghê hết cả người😅😅,1
Kiện chết mẹ nhà nó cho nó đi tù 12 năm đi bồi thường thuêtj hại cho cả khu,1
Nhận thấy mình nhạt vl :3,0
Sống chậm lại đi chúng m 😒,0
Hoàng Ngọc Hòa sũa cc,2
Hi chu,0
Riêng lần này tao cười vào mặt cả lò nhà Diva haha,2
Lệ đĩ mà. Em nó nghĩ tiền của PA chắc từ trời rơi xuống.,2
Anna Nguyễn Nếu ra một bài nghe có chất miền Tây chút giống như 3 hit đầu thì hay biết mấy.,0
Lai ? Lai là lai chó đó sao,1
Làm nhớ lại El Matador,0
Mỹ Dung Trần phải phòng dịch đi nha chưa 😜😜,0
"súng bắn không trúng,dao chặc không đứt.hài vcl,;)",0
"Mày có biết là cái lòi cầm thú chống chọi zs bão lụt mà ko ai quan tâm tới là cái loại gì ko , loại xúc zật nó làm cho có chứ chống chọi con mẹ gì tụi nó ăn của dân quá nên bây h phải chịu trách nhiệm đứng ra chóng chọi cho có thôi con chó ak , hoàng lệ",2
Tức á☹,0
Bê đê chúa :)),1
Ở đấy ngột ngạt quá thì đưa nó qua vũ hán cho nó thoáng mát😡😡,2
Qua bên mĩ còn tư tưởng độc đảng như CHINA,2
"ôi, bức ảnh sao quen quá ><",0
Thâm vl bạn ơi,1
Lê Nhật Hào mai là thứ 4 phải 0 cả lớp,0
Bài này thật sự ko lọt tai một fan như em,0
"MV khá đầu ti! À nhầm,đầu tư! Mà t nghe đi nghe lại 10 lầm đấy m ạ!! Đéo hiểu bài hát là méo gì nữa! Chỉ thấy nhiều gái bỏ mẹ đi dc ấy chứ!? 😊😊😊",0
UNG HO CUOC SONG CHUNG TA KHOE MANH NOI KHONG VOI BAN,0
khô lời 😞,0
Nhà mình mà muốn đi vào chăm sóc cho con cái phải xin phép thằg hàng xóm . Nó cho mới vào đc . Nhục nhục đm nó nhục.....,1
Nhìn như con điếm vậy :)),1
Ông Trần Dần nói rất có lý.,0
Best cà khịa tụi Chinazi hehe,2
Cho phép cái đéo gì mà cá sống ở tầng nước SÂU cũng chết . Đm,1
"Đinh Bá Trung ơi nếu không có ai đồng ý với ý kiến của mày thì mày nên xem lại đi,1 người cũng đéo có mà cứ cãi. Mày hút thuốc trên xe thì tao xịt thẳng vào mõm mày trước khi lên xe chứ đợi mày gây cháy xe nữa à. Mượn lời ad tý nhé( thằng lỏng bao)",1
Cả nhà bạn :)) tính cầu mưa lm chi,0
Trong khi thế giới đang đi lên thì nước mình lại đi xuống...,2
Nguyễn Ánh Dương em đang ngồi chơi game là Talia Mint ☺️,0
Khùng khí chuột,1
dung la do khung dien gi dau,1
Phương Minn giống nhau đến thế haha. Nhạc nhẽo nghe như cc,2
Kết quả của việc cải cách của mày đây thằng mặt lờ,2
Đây là a độ 😆,0
Đéo biết m nổi tiếng như nào nhưng thái độ m đáng tử hình,2
"Con quỷ cái này nước mắt cá sấu, bán hàng dỏm lừa đảo có ngày xe đâm may",2
Fl duck.fuu mình trả bằng pos.142,0
Nói gì vậy lão vô văn hóa,2
Xe cong tuc la cong tac.con xe dan tuc la dan den.bon bao ve chi la may con cho giu cua neu dan cho an thi no theo con quan cho no an thi no theo thoi bon cho hua ma,2
"huỵch toẹt ra chúng nó các đảng viên thường hô hào sống và làm việc theo gương của hồ quang tức hồ chí minh kể cả chúng nó có Ấu Dâm như tên nguyễn khắc thủy , nguyễn hữu linh......., nếu đảng búa liềm phúc kiến xử chúng nó tức là khác nào tự "" Tát vào mặt "" bác của chúng nó làm lộ ra các "" Huyền thoại của bác "" ngày xưa.",2
Ủa nàng tiên cá i-sa-pell nè,0
Ba gà dẫn gái về phong stream :(((,0
Ấm lòng FA :),0
Muốn vả mấy cái mỏ của mấy đứa cực kì thuyết phục ghê :>,0
tham my dien vay choi co cam giac k chi dep gai,0
Cảm ơn cc,1
Tao xịt máu mũi luôn á chúng mày,0
Chị em của quận cam đây mà 😂😂,0
đm vô lý 😅👀,1
Thằng Trung có con *** to lắm,2
Tĩnh Que còn hát cho nhau nghe đc thì dăm ba cái chúc thấm đ' gì nhỉ,1
Ôi thơm tho j. Ko co quan hệ thì vào lam cung bị đào thải. Mấy nghanh ma dân thuong vn ko bao gio vao đx. Cong an. Quan đội. Ngan hang nha nc. Hang không. Đừng mơ mà vào. Nếu vao đc cung lam cu li sai vat cho tui no. Đm,1
Duy Linh vailin live thật để quay mv =)),1
có cl bố mày tin ấy,1
éo thèm nhé =)),1
Đề nghĩ mấy đứa rich kids não phẳng ngoài Hà Nội bớt hãm lone bênh con điên kia! Tao muốn bay ra vả cho mỗi đứa một phát vào mõm!,2
Ad page này có quan tâm gì đâu. Chỉ quan tâm nói đểu nói xoáy thôi mà. Đm ad,2
cái Hàu ob này có dành cho trai cong như mình ko nhỉ,0
Đéo có kicm vao cay view ae oi,1
Anh trung dại khờ,0
Tử hình,1
thề a ác vs A Quang vl ... a den vl,1
"con này nó giả tạo, m càng chứng tỏ m càng để cộng đồng mạng hiểu hơn về mày 1 kể lừa đảo, vừa khóc vừa cười hả",2
Oc cho,1
Thầy ba của các e đây =))),0
Em Tu ánh sáng soi đường cho Abe🤪🤪🤪,0
con linh này nói tục ko có duyên đồ mất nết 😎,2
Tưởng đeo vàng quằn lưng hết rồi chứ,0
.nhìn bát mỳ em sót cho anh quá :((((,0
Nhất Thiện t cũng méo tin đc,1
Thương Bác 😢😢 mà sao Con nhìn Bác Bác đẹp thế nhở😗 nói tới thì lại nhớ con Nhung!,0
Duy Vâu đcm cà khìa vcl :))))))),1
Giống thật sự anh ưi,0
"đéo làm được con cặc gì ngồi múa phím suy diễn đm tụi bây , làm được cái gì như người ta rồi hãy nói loại ghen ăn tức ở",2
ông già hay xaolon phết Tùng sói said :)),2
Tinh trùng Khuyết tật,2
Lưu Bảo Toàn đọc hại não vcl,1
CHỊ BA SỐNG LANG THANG NGOÀI ĐƯỜNG TỘI CHỊ BA QÚA,2
Thế K-ICM ko phải là con trai rồi mà là cây ATM,2
Không còn gì để nói =]],0
Đéo phải là ngu mà là 1 lũ tham quan ô lại,2
Tinh trùng Khuyết tật,2
Việt Nam cố lên😍,0
Chửi thấm vcđ í :)))) mà ad có update vụ tuyển ny cho ace bạn bè trên fb ko :))),0
Cô panda đã like + share+ sub,0
chiich phu tran dan.bi cach ly car chisnh phu.,2
DLV thì cần đéo gì biết phải hay trái ?,1
Ả duconme 😂😂😂,1
Còn cách thứ 2 là chôn sống nó chôn chừa cái đầu nó lên mặt đất đó mỗi khi buồn lấy cây sắt đâm lên đầu nó lòi óc ra kìa mới hả dạ chứ con này chết là hồn siêu phách tán luôn nó ko đào thai đc đâu các bạn àh khẩu nó nặng lắm roi,2
"huỵch toẹt ra chúng nó các đảng viên thường hô hào sống và làm việc theo gương của hồ quang tức hồ chí minh kể cả chúng nó có Ấu Dâm như tên nguyễn khắc thủy , nguyễn hữu linh......., nếu đảng búa liềm phúc kiến xử chúng nó tức là khác nào tự "" Tát vào mặt "" bác của chúng nó làm lộ ra các "" Huyền thoại của bác "" ngày xưa.",2
"Thôi xong, en lol rồi 🤣🤣🤣🤣",1
nếu cx xachlozmachay như này thì hơi căng =(((,0
Chui nua di co cho bo tat ngua,1
Người ta bảo không hiểu sao cứ nhìn chỗ đấy là cười chứ có phải không hiểu đâuu mà các ông giải thích 😪,0
Trần Nhật các cụ có câu : đã ngu còn hay sủa =))))),1
Loạn :(,0
mất dậy thật,1
Em chỉ thích xem team refund bắn giải thôi,0
Quang Minh xạo lồn vừa phải 🤣🤣🤣,2
Thôi dmm khỏi làm đi. Để dân bọn tao đi ô tô khách cũng dc.,1
Đinhh Thị Hoàii Thuu ngủ mẹ m đi,1
Long vương địt đấy,2
Tứ chi phát triển mà não đéo phát triển 😔,1
chai lơ phim mới hả mn,0
🤦🤦🤦,0
Nó xui vl,2
Làm gì cơ chuyện mất hết như vậy mà ng ta chịu về k.,0
:)) mày tưởng mày ngon à chung??? Cơ mà mày ngon thật 😂,0
Triệu S. Tùng Icon sớm cũng bị nói. Đéo hiểu kiểu gì,1
"Dm cái luật ở việt nam sửa đi sửa lại chúng nó vẫn rút đc kinh nghiệm hết lần này qua lần khác . Tốt nhất là cắt chức hoặc tử hình đéo nói nhiều với quan chức , tụi nó nhiều tiền chạy án lắm",2
"Bậy à, éo phải cơm sườn mà là cháu ngoan Boác Hù",2
"nhân phẩm , danh dự cũng có hoá đơn sao =)) . của toà là bao nhiu ?! =))",1
Trùng hợp ghê:))))),0
"Chuyện đéo đâu xa về đạo đức mấy thằng chó công an giao thông:sáng nãy e đi tiễn mấy thằng bạn đi lính..bọn giao thông đi dẹp đường nó cầm gậy sắt vừa vụt vừa chửi dân như con ""bố mày đập chết cụ mày giờ,địt cụ mày"" mình đéo ngờ luôn đấy",2
@Tủn 3K đẹp đẽ quá mà chuyện cá nhân của nó vs thk nào đó mà đi xiên xỏ đá xéo minh hiếu . trong khi minh hiếu chả có khái niệm gì nghĩ đến tên con trần đoàn nữa . chả biết gì tự nhiên bị chửi già đầu ko biết dạy Fan. chấm hỏi luôn . bị chửi đáng,2
Chửi nhẹ qá à,0
Ôi đm xoạc háng ra đọc hết cái cmt thì đau cả cứt,1
dm bữa ni đường 3m cũng có CA đứng @@,1
thím ko thấy 2 cái áo lót ở hộp chữa cháy ah :v,0
Buồn thật chứ,0
Mặt quần biết khùng,1
Ai lớp du chu cờ mo cô minh hiếu,0
Hiếu xo,0
Đm hết hình lựa hay sao mà lựa ngay quả ảnh hãm loz thật...,1
9 năm nữa Trần Dân đã chết mất rồi,2
Tin nhắn của thủ tướng đổi ra chắc đc cả tỉ bạc chứ k ít. Lũ lụt đến chân ng dân thấy tin nhắn thủ tướng chắc mừng rơi nc mắt :)))),1
mốt là mỗi xe phải đem theo 1 cái phao phòng trường hợp té ao nhé,0
Nguyễn Đăng Khoa ác quá. hại người như này quả báo đến sớm thôi,0
Má nó tứk,1
Lợi cái đầu buồi j hả,1
clm oke abe,1
"hỉ cần toàn dân ta đoàn kết, đồng lòng sẽ chiến thắng ! như dân tộc Việt Nam ta đã từng chiến thắng ! cố lên VN ơi",0
Ngon thế nhở,0
Anh độ gáy to vải 🤣🤣,0
Nổ như bom.,1
Cực kỳ chân chọng :)),0
Nguyễn Ngọc Vũ hóng nào,0
Sao phải xin lỗi csgt ?,0
Ai như con nhung háng rộng kia :))),2
Nhạc hay. Mv đầu tư 10000k like 👍,0
Vãi cứt,1
:)) cái chính quyền đu càg bỏ chạy đấy thì cũng chẳng mất nhiều côg sức lắm,2
"Ơ, thế bà già của mụ này ngoại tình vs ông hồ lòi ra mụ ah ?",2
Cmn Lag đúng chổ,1
Giống LỆ RƠI ở việt nam kkk,0
"Quả nhiêng là cao thủ độ nhức thiêng hạ,tại hạ xưn bái phục,bái phục.!.,mong đại ca không chớt,không chớt..,qua mùa dịch,mong được tái ngộ,tái ngộ..",0
Nguyễn Cường dân trí nó cao quá nên nó coi thường bệnh đấy =)) xong lúc bay màu nửa dân số mới há mồm ra,0
Nhìn ngok nghếch vcđ,1
Mày lại ngu nữa!!! Mày bị nhồi sọ đến mức không thể biết đâu là biển đâu là bờ à!? Tội cho m quá,2
Chị 3 vàng ngọc là số 1 e rất yêu chị 3 e tên thiện thiện 34t ở đồng tháp 0328448610,0
Biết vậy ở nhà đọc truyện sếch còn hơn thầy ạ,1
Ngồi yên để thầy kể về 1 huyền thoại :)),0
Gia cát ba là e cứ tưởng tế công phiên bản bóng chứ,2
Đây là chàng trai ấy vài năm sau khi xem lại được video này :))),0
Giang hồ ngậm buồi chứ đéo yêu nhé ông Sói =)),1
Nguyễn Nhật Long vl nắc,1
Cô dễ thương quá trời luôn ❤,0
iu nhau ko liếm l...nửa🤣🤣,1
Quá hay,0
Sài tiền âm phủ mang đời đúng roi ta nói bê dê o vn ai cung xinh ai cung đẹp sao be de o tư bản no xấu ma no ao no nô banh xax sài tiền am phu mảng đời kkkkk,2
TROI UI BA BEDE NAY CHICH HOC MON NHIEU WA NEN BI KHUNG VA NO BANH XAC ...HAH HAH,2
Page sặc mùi phản động!!,2
mẹ nó sủa nge mà thối qúa trời,1
Miba young,0
Ai giàu 3 họ.... Nhìn tởm,1
chú độ buoi to như lõi giấy vệ sinh,0
"chắc lão đại biểu này ít đọc báo nên hơi bị mù thông tin, bây giờ ra đường gặp trẻ trâu thì bị đấm lúc nào éo biết nhé",1
Ca dam khung het,2
"Đề nghị \""con vius 17\"" chi trả hết những chi phí khám - xét nghiệm - chữa bệnh của những bệnh nhân nhiễm bệnh từ cô ta... Đại gia mà, tự tin lên nào... Hãy dùng tiền của mình sửa chữasai lầm của mình đi",0
Vãi cã chửi mà cũg có văn hoá :)),0
"Thực ra: ba que là bọn ăn trên ngồi chốc. Chỉ mị dân cai trị để tham nhủng làm đất nước tụt hậu.. chúng là thầy của bọn bò đỏ.. mà bò mãi O nhận ra vì nhồi sọ umê, chửi càng, bò ơi nghỉ lại đi, chứ đừng để bị làm nội tạng cho giặc tàu..!",2
"Đã là người có tiền thì đi du lịch cái lúc k có dịch thì đi đi, đến lúc có dịch thì lại đéo hiểu luôn",2
chán luôn,1
cực kì thuyết phục abe,0
Dân đánh trộm => đi tù => oan quá tự tử.,2
"Cái mỏ giống cá tai tượng quá ,,bởi vậy nó sạo ke cai thứ chửi Việt nam la kg ưa roi",2
Thượng nghị sĩ Vũ hoàng lân sao ko hỏi nhà tiên tri về nguồn gốc con virus...?,0
Hoàng Xuân Tâm sơn tùng nè :),0
Chết với cộng sản thôu,1
Báo tuổi trẻ cử phóng viên đi quay rồi muốn gì nữa -_-.,0
"Khanh Pham dốt nát kèm nghe bọn ngu 3/// dẻo mồm tiêm nhiễm thì ra thành cái loại như này đó bạn. Có khi mấy đứa 3/// nó tự làm mình nhiễm rồi về VN để lây lan cho dân chúng, sau đó nó đăng tin đăng bài nói nhà nước vô dụng này nọ, gây ra bạo loạn lật",2
Sao cho thầy đội cái nón vàng 1 thế kia =)),0
Đang trao giải Oscar đấy. Đề cử nhanh đi các ông,0
Clm :))))) Trí Xuân,1
"Tao thấy mày giống sát chết đang ngồi quán, con quỷ ơi",2
Phạm Dương mời con mèo mà,0
Nghiệp Ks ngại ghê í 😳😳,0
"Cộng sản là thế, muôn đời",2
Ba roi gay :<,0
cml,1
Hướng Dương trước đây là ông khác . nhưng làm thật bại . sau đó tim cook mới về và ra iphone 4 thì apple mới lên đỉnh như giờ .,0
Quần què là có thật,1
Anh hoàng đâu,0
Lê Hà Thư cái lol j đây,1
Dm,1
lớn mấy tuổi đầu rồi nói cho như thằng ko não ??? Vẫn cố làm trò ngu si của mik để câu view ??? Não cá vàng éo hiểu sao đc lm youtuber :)) bệnh hoạn vkl chửi cho càng bị bệnh nặng :)),2
Tao lao nua rui tran dan oi. Chong dich chua xong o do ma chien tranh,2
Nói gì thì nói từ báo đảng là đáo tin được rồi,1
Toang =)),0
OK thầy iu,0
gi vay abe :)),0
Vì thế vn bây giờ thua cả Campuchia,1
"Nước mình làm được mà, chỉ cần mỗi người cùng nhau cố gắng ! 💪🏻",0
Bị đấm gãy cmn răng,1
Bạn hãy đổi tên thành hiệp đầu chó,2
thế này thì sống làm sao,0
chúng tao tuyên giáo hân hạnh tài trợ cho nas thực hiện chương trình mị dân này pew bưng bô said,2
Nhục chưa? Sở DL HN còn hay giải tán rồi mà dân gọi cả ngày mà ko LH được là sao?,1
Ráng qc kiếm tiền nuôi vợ con chứ đừng như e,0
Quan trọng là ổng giàu ổng mặc cc gì cũng đúng🙂,2
No qua ma oi nguoi ta giau kg ai ma dem khoe nhu ma dau noi la biet no roi 2020 ruoc ma ve no dum nha con khoai dot phao,2
Vây hoy đi nha,0
Đúng rồi.Chứ k phải do mấy thằng bụng bầu rước giặc về diệt chủng đồng bào đâu,2
Clm...:))),1
đa số thực phẩm mà bọn quan lại ăn là an toàn ...(chúng có ăn đồ chợ đéo đâu!),2
Mai Anh Tuân Mua được mấy cái siêu xe cho các con du học bên bển rồi :v,2
Hoàng Lệ phát biểu ngu quá ! Xây dựng thì ko có thấy toàn kiểu chia rẻ ! Vớ vẩn,2
Và đó là câu chuyện tối hôm qua :((,0
"biết bao xương máu của con dân Việt Nam đã đổ xuống nhuộm đỏ mảnh đất này mới có được ngày hôm nay, vì lòng tham không đáy mà bọn chó cộng sản tiếp tay cho trung cộng tàn phá đất nước, rồi sau này con cháu sẽ đào mã chôn xác bọn mày cùng tổ tiên nhà bọn mày lên rủa, bọn mày có chết cũng không được yên đâu,",2
Già mà dơ,1
"Bạn nói đúng đấy! Người khác chỉ đánh giá sự thành công của bạn nhưng họ không chấp nhận sự nỗ lực của bạn đâu! Tiền ai trả muốn, nhưng cuộc sống này mới phức tạp, khi họ thấy đồng tiền nó quá bạc beo",0
Anh Trung Magic,0
đấm xàm loinf,1
Buồn deso,0
Minh hiếu idol tui đó mọi người,0
Thôi xong ăn lol rồi,1
Thầy còn chưa có tiền mua quần áo mới nha mấy đứa,0
Mày Bố láo ông băn mày bây giờ,2
"Đào Q.Anh Q.Anh Đào câu kia là ông Độ nói, người lớn th cha m",2
Như cl luôn =)),1
Dm Tôn Ngộ Không trông chán 🙂,1
ựa đấng của ae @@,0
"Chuyện bình thường như cân đường hộp sữa ở thiên đường này.Các vị nghĩ chúng nó ăn như thế đã là ác độc lắm rồi à.Chưa đâu,nó ăn những cái mà quý vị còn chưa thấy kìa.Không từ bất cứ một thủ đoạn nào,ăn không từ một cái gì.Ăn trên xương máu,trên đầu tr",2
Thầy làm như vậy là chết cdm tụi em ròi,1
Công nhân sửa chữa đường dùng máy công suất lớn thổi bụi mù mịt giữa phố_Hà nội VN mới có,1
Nghe thì nhuyệt huyết nhưng củng không thuyết phục lắm nha anh =)),0
Ngon! Đeo tai nghe vào và sục cặc thôi!!,1
chỉ đứng dẩy là thành ca sĩ đc rồi. Thế mà đợt trước a Bảnh về đội chắc giờ làm ca sĩ nổi tiếng đéo phải đi tù ý nhờ,1
Mạng mẽo như đầu b 😏,1
Chi chui cho no biec do khung do,1
Tộc trưởng nói nghe xàm cặc. nhưng em thích =))),2
Clgv abe !,1
Tránh ra để t bắn chết mẹ nó......,1
nhớ giữ mồm giữ miệng chứ trong tù là hay bị mắc bệnh lạ lắm đấy,1
Cả team đi làm nồi lẩu luôn a,0
"Dân Mỹ muốn giàu thì phait đồng lòng yêu cầu tổng thống giết hết bọn ăn bám Việt Nam Cộng Hòa . Làm hạo tổn báo nhiêu kinh phí Mỹ, gánh nặng cho dân Mỹ",2
Đá stream cực mạnh,0
k khác dì mấy với bọn thượng đẳng hàn quốc,2
Em chia sẻ lên bảng tin cho chị. hứng cho tiền,0
Lúc còn thời thì chửi ng ta. Hết thời rồi ra cái vẻ tiếc. Vớ vẩn vl :)),1
Cà khịa vl,1
Fu thê,0
Tui bi k là sẽ có bản này mà chủ mời cô mà nch có 15p thì phi👄♥️,0
Stupid cực mạnh,1
Hải Yến có câu nói là ( ko thích nhìn đéo ai bắt xem ),2
Chú trung đầu L chứ chú tí đầu lân clg 🤣,2
Đù mẹ.,1
Dã man quá,0
Trốn,0
"Óc nó được nhồi đậu phụ thối mà, so sánh như thế là ad sai rồi",1
Đù,1
✪ Quản Lí Fan Cứng,0
Ncc,1
Suốt ngày đi làm ô xin như con chó bên mỹ mà bị đá dập mu 2 lần rồi nên đi đái cũng khó sợ nó nhức,1
quàooo đỉnh kao gheeee,0
nhắn thêm chữ địt chị mày nữa chất vlon a êiiiii,1
"Cộng sản là thế, muôn đời",2
"Ở Italy còn ko lo , ở việt nam lo gì hãy tin vào nhà nước , quân y , bệnh viện dịch tễ họ thật sự đẳng cấp trong chuyện này đã chữa cho 16 ng , chị nhung vài bữa nữa khỏe giờ đó , nếu ko khỏe thì mình ship cho chị nhung 1 lạng đinh",2
Thì ra con đàn bà cũng nhận ra cái sai à,1
Chưa bật lên xem lần nào -.-,0
"Chưa bao giờ nền giáo dục được như ngày hôm nay, học sinh nữ lột quần áo đánh nhau ngoài đường, học sinh nam đứng cổ vũ, thầy giáo giao cấu với học trò đến có thai, cô thì đánh học sinh đến nhập viện cấp cứu, học sinh ra đường như du côn, đánh nhau như phim kiếm hiệp, đấy gọi là hạnh phúc hả ông?",1
Má nó đau tim vl các ông ạ,1
"Hội bảo vệ trẻ em - phụ nữ tiêu tốn ngân sách 1 năm bao nhiêu tỷ, có làm được trò gì không ? Bao nhiêu trẻ em bị bạo hành, lạm dụng , phụ nữ bị hành hạ đéll bao giờ thấy hội thối đấy ra mặt bảo vệ",2
Nghe như cặv,1
B52 If J97,0
Nhìn thầy có khác gì th nghiện k,2
Ông nội nào cũng ở không lắm khi không gọi điện cho bà Linh hỏi người ta đ* không Bởi vậy người ta chửi đâu có quan,2
Djtmenhaong🤬🤬🤬,2
Xaolon a ưii😆😆😆,1
Chán dell muốn nói gì 😢,1
"Nhìn gần thì như thk đần, Khi thì lại gần Ôi ông Trần Dần!!!",2
Cái này là tiếp nối truyền thống cụ nhà nó nhé.,1
Ả duconme 😂😂😂,1
Thôi ăn lol rồi thầy ạ 🤦‍♂️,2
Cho xin lời bình cái Quỳnh Liên,0
Bụng như con heo vậy mà bài đặt bán thuốc giảm cân. Uống đi rồi chết.,2
sóng gió Youtube bà con ơi🤣🤣🤣,0
Em cầm cái này phang vào sự chu đáo của anh Ba =))),2
"Có chữ để đọc mà còn không mang ơn ,,,Đúng là lũ khốn nạn ,,,,Đề nghị đổi chử của thằng giáo sư đầu bùi cho dễ sữ dụng,,,,,,,Đã vậy còn tôn thờ hai thằng mũi lõ mắt xanh gây đau khổ cho bao dân tộc trên thế giới,,,,Dân vn còn chưa có được cục phân của nó để bón cây vậy mà tôn thờ hơn cha mẹ",2
vcl đấy,1
"Quá troi xl , đm bán hàng 10 năm , bớt đi cd oi",2
Phim séc hả :)),0
Tầm này phải xiên thằng edit dám cà khịa a tôi,0
Dm pr game nào để t còn chốn,1
tuyệt đối ko haha nha ae =)),0
Lan Hoa nói như mày vậy là cả trường đạo nhái tao rồi ai cũng mặc đồ giống tao hết 🙂,2
Nguyễn Thuận trước khi phát ngôn ko chịu suy nghĩ xem chủ tus nó nói gì...thì ăn chửi là đúng thằng ngu ạ :)),2
Clm...:))),1
chị ba thử đăng video chửi tổng thống mĩ đii,1
Cứ tưởng quốc sư hy sinh rồi,0
"Việt cộng là cái thứ sinh ra từ thành phần bần cố nông, đã là bần cố nông thì chả có đứa nào được học hành tử tế đến nơi, đến chốn. Hậu quả là bọn Việt cộng nó quản lý, điều hành đất nước như cái con C, ngóc lên không nổi, nên phải bán đất nước cho bọn mọi rợ Tàu để có cái mà ăn dọng chứ !",2
"Đù dại ghê, bọn đấy ngày nào nó cũng lên Phường xiên cho nó 1 cái, đuợc tiếng luôn, vào khám mấy anh chị cũng thương, xiên hết mọi thằng trên Phường luôn cho nó Sum",1
Trời ơi ! cái con này kêu giang hồ tìm nó đánh cho nó tet mo nó . thấy nó chửi mà ủa gan,2
Duy Linh vailin live thật để quay mv =)),1
Lại mọc thêm 1 trang của viẹt tân ag. Đkm bọn chó đẻ,2
Hơn 48 tiếng trôi qua lặng lõe :))),0
"Dkm, chan Vkl",1
Đéo ai làm thế,1
Like!(ủa vậy trước giờ chửi sai ko à :)),0
Hết Xóa Nhi Huynh Cuong Huynh Nguyễn Văn Linh t nào thiếu tiền đi tự nguyện kìa,0
Tin tức như cc,1
Kh nghi hau qua ve sao luon ne..chui cho suong mieng di roi hau qua se ap den chi ne..,2
Bớt xạo loz nha,1
Chưa chiếu đã quảng cáo cmnr... lại cắt cmn hết để có thời gian đọc slogan,1
Phụng Mỹ e lai dưới lon e lại lên,1
"Nó cướp được tiền,nó có quyền_đồng bọn với quan.còn TNLT thì đồng bọn với dân_tuổi gì LS có quyền chứ?",2
call me Ppoong mày là người của 3/// hả? T nói k đúng sao? Phản động chả lẻ pải được tôn trọng sao.,2
Trăm năm kiều vẫn là kiều. Đu càng qua mỹ xao lol vẫn hay,2
Lam Phuong 1 pha tấu hài 😂,0
hh,0
Sống hơi bị vội,0
mấy cái thứ bắt chước trộm hình của người khác như mày muôn đời nát. Kinh tởm. Người ta đăng từ hôm qua thì mày ăn cắp hình rồi comment lại câu view hả mày? Tưởng vậy hay ho nhưng ko ai ngu như mày để mày qua mặt đâu.,2
Ôi thơm tho j. Ko co quan hệ thì vào lam cung bị đào thải. Mấy nghanh ma dân thuong vn ko bao gio vao đx. Cong an. Quan đội. Ngan hang nha nc. Hang không. Đừng mơ mà vào. Nếu vao đc cung lam cu li sai vat cho tui no. Đm,1
Nhin cai mieng Linh toile .....going cai Cau tieu we,2
Nguyễn Hương Giang ko phải là chậm mà là mk ko thích vả lại mk cx ko chụp ảnh,0
@MCVMedia e đi rồi kkkk 🙆,0
Tội anh be🤣,0
"Anh sắp cover cô ""thắm không về"" ae nhớ ủng hộ",0
Tưởng Xuân Hiển vcl ba chó :vvv,2
Ncc,1
Mu này tởm thật,1
Không ngủ được nữa mới cay :)),0
Chuột cống,0
Anh ơi cho em hỏi là con mèo nhà anh mua ở đâu vậy ạ :3,0
Cái thằng BD lộn kiếp nỗ banh nhà lòng,2
DM...thèng assmin cút qua Dubai sống đi mày...( tao đi lãnh 3 củ đây),2
Lưu Bảo Toàn đọc hại não vcl,1
Con lợn này béo vãi lon. Bắp tay to bằng ngón chân =)),1
nứng chưa ae,1
Cung chi vi đong tien ma mot so nguoi da ban re luong tam,2
Chị Chan Mặc Bikini Ngon vailon =))))),1
Trung La Hán,0
"đưa ra rồi mấy thằng bác học, mấy thằng tiến sĩ thạc sĩ nhục cái mặt làm sao ? đưa ra rồi còn đâu dự án cho mấy ổng ăn chia nữa, xời dễ hiểu",2
Duma tức ák,1
Chúc bác khỏe mạnh để điều hành đất nước,0
Linh Chi zề là duii rùiiii kakaa,0
Tấn Thời kiểu k có cao trào nhưng nhạc nghe hay và lạ tai,0
Ad ngu như 1 con chó....xh nước nào mà ko có cướp giật.....chẳng qua là kéo giảm chứ làm cc j hết tuyệt đối.....mày ăn cức nên não mày ko phát triển hả ad!!!,2
Ditme mặt thầy cũng thần thái vãi l*n :)),2
sân bay tình hình như vậy chỉ có kiệt sức thôi. khai báo cho cố vô ko chịu cách ly giờ lòi ra cả đống luôn. 1 đứa bệnh 1000 đứa cách ly ai mà chơi lại.,0
Cho em coi vu chi sua co đep khong em se cho vo em sua,1
v cut,1
Cái miệng linh cá lóc ik hệt cái lồn,2
"Ôi trời giai cấp lđ ở ta thì đổi trắng thay đen nhanh lắm,nhìn thì vậy mà lại không phải vậy,chỉ có điều rõ ràng nhất là chỗ nào cũng có chuyện vợ ông này cặp với chồng bà kia!",1
Cc,1
Thoại Trần “ thâu” ông im mẹ nó ik” :))),1
Thầy làm như vậy là chết cdm tụi em ròi,1
Cuộc đời có lúc lên voi xuống chó mà anh năm nay ko đc thì năm sau có j mà căng,0
Cái bọn trẻ trâu miền bắc hô hô miệng Việt kiều hàn mang bịnh dìa. R bảo viết thì nói chung chung Việt kiều.,2
Khon nan lu tham nhung,2
"Hot girl ống tinh đi, nghe vui tai hơn",2
"nhìn bác tôi chợt nhớ tới những tượng đài nghìn tỉ đồng, cụ Hồ ơi sao cụ không sống mãi để lãnh đạo. thối nát thối nát.",2
dm bữa ni đường 3m cũng có CA đứng @@,1
cũng muốn mang tiếng Dân Làm Việt lắm mà hôk được,2
"Thấy tốn tiền nhà nước hong mấy chị \""có ý thức\""",1
Láo,1
"Đù dại ghê, bọn đấy ngày nào nó cũng lên Phường xiên cho nó 1 cái, đuợc tiếng luôn, vào khám mấy anh chị cũng thương, xiên hết mọi thằng trên Phường luôn cho nó Sum",1
3 pro player phải gánh 1 con gà 1000kg,2
"Bữa nay ít chửi, nói chuyện nhẹ nhàng hơn, livechim duyên dáng nc vs fan vui tính, ăn mặc sexy vs chất hơn 👌👌 Ủng hộ chị 🔥",0
nhanh chóng vãi lồng ! cá chết 3 tuần mới xách đít đi lấy mẫu !,1
Kênh tấu hài của B52 😁😁😁,0
"Moá, quái thai",2
Tặng cho những con bò thích làm theo và học tập theo...🤣🤣,2
Nguyễn Trọng Quốc nguyễn khánh toàn chứ trần cái gì,0
Ncc,1
Bảo vệ thằng nào nhiều tiền hơn nhé. Hị hị,1
"Các a các chị cho phép e xả chút ạ. Dkm mấy cái thằng hãm lol đi hát cái kiểu ki bo kẹt sỉ . Ăn mà ịt muốn ỉa . T thanh toán suốt rồi nhé ịt thèm chặt chém cái hội chúng mày mà mấy cái thể loại kêu t chặt chém. Loại mất dạy , chúng m động mồ động mả hả",2
rất chi là đẹp trai,0
Sang VN thành cái l cat khong...🙈🙈🙈,1
Em tổ tư vấn nhưnlol ấy độ ak 🤣🤣🤣,2
Nghèo thì sẽ hèn :)),0
Bạn Ba còn gạ bạn Thơ vô to lét nữa :))),1
"Cái miệng cua con bong thuôi này chuoi ngta sẽ bị UNG THU hong,lưoi miệng cực kô?",2
"nói z thôi cho dân chúng bớt xoắn lên nhưng thực chắc cũng đâu vào đấy. nó chơi ngầm thì đố ai biết. cái nhà nước này nó nát bét hết rồi. các bác đừng có mơ làm nhà nước nữa, từ cấp 3 đã xác định là làm nghề gì mà k liên qua nhà nước rồi, vì tao biết g",2
Kệ mẹ mày,2
Chị ơi chị dễ thương quá,0
"Tui thấy lãnh đạo vn nên câm mẹ nó mồm đi cho xong, đã lỡ tham nhũng rồi thì ở nhà luôn đi, mỗi tháng chuyển tiền cho nó, khỏi làm... Đó là cách tốt nhất để nhân dân ấm no",2
Xài hủ sáp Kelvin Murphy khá tốt nhá mấy anh :))) mà không bóng lồng lộn thôi :)),0
Chén mẻ chứ chén kiểu mẹ gì,1
T nhìn k nhầm thì a ấy dg sấy 6X,0
"Suốt ngày ngoài ruộng, chẳg ai qtâm đâu",0
"Phạm Tuong không có cái gì cũng tự dưng lôi anh tao vào , cái thứ dòng đỗn lì , không khịa anh tao thì m bị ngứa tay à 🙃",2
Đụ con đĩ mẹ thầy nhá,2
Tóc du thiên đây mà,0
Má nước mắt cá sấu kìa trời,1
"Công nhận thần quyền của ông rất giỏi ,chỉ múa cho đẹp thôi chứ thực chiến là thua ngay, vẫn chém gió được là còn khỏe, nổ hơn cả bom",0
Sau khi dùng,0
Em chỉ tin mỗi con Susan của thầy thôi,0
mở mắt ra thấy mất fan cứng nhẹ,0
Nghe nói em thích người đàn ông có sức hút ❤,0
Còn đó nó bị nứng lồn rồi nên nó chọc Ng ta,2
vcl bôi cứt mũi,1
Rầu bữa giờ!,0
Dự tuyển ở đâu vậy,0
Bán rẻ tổ quốc,2
Lí do là đây 😀,0
Cay đỏ dái,1
@Thanh Tùng Nguyễn bùny,0
Đm cái đầu b gì cũng tăng ...đm,1
Loại mât đậy,1
Á á dm.,1
Tránh ra để t bắn chết mẹ nó......,1
"lâu lâu bới lên kiếm cái chửi , xong về nhận tiền từ bọn 3 que thì tội gì ko bới",1
Xl,1
Minh Bao Tran có nha,0
Biệt danh ml,1
Ad cho hỏi sao bọn nhà đài vtv24 có thể làm hiện các bình luận tích cực và có lợi cho nó nhỉ. BL phản bác sẽ tự ẩn.,1
Đm hết hình lựa hay sao mà lựa ngay quả ảnh hãm loz thật...,1
Cảm ơn em da dạy dỗ con Linh khùng.,2
Nguyễn Tuấn Anh 🤣,0
Nhìn cái mặt thớt đã biết tại sao thớt nói cmt như vậy. Ae thông cảm người khuyết tật tí đê,2
"Cảm ơn nhà sư.những nơi # thì_,thà lang thang thế này còn hơn vào trung tâm BT cho các loại quỷ đội lốt người có cơ hội ấu dâm😭",2
Thôi ăn lol rồi thầy ạ 🤦‍♂️,2
dạo này pản động nhiếu quá mấy bạn bò đỏ ah :D,2
Nhà tiên tri già lẫn rồi nói tào lao rồi nước Mỹ hiện giờ đã chết hơn 10000 người rồi.,2
cai cc,1
Quang Chivas thằng mồm lồn. Mặc váy vl.,2
Con gái của thầy đó,0
"Hội bảo vệ trẻ em - phụ nữ tiêu tốn ngân sách 1 năm bao nhiêu tỷ, có làm được trò gì không ? Bao nhiêu trẻ em bị bạo hành, lạm dụng , phụ nữ bị hành hạ đéll bao giờ thấy hội thối đấy ra mặt bảo vệ",2
Anh có thể bớt xạo cho dân tình đỡ ghét anh đi =))),2
Toàn a chị giàu sang..ko bao giờ nghe bóng này nói nó có cc gì hết,2
Ruyel Ruyel đọc cho vui =))),0
Nhật bản hẩy kiện thằng chủ tịt Hanoi cho nó biết thế nào là bố láo !,2
ngứa bà cẹt ghê 😌,1
Đm mày 2/5,1
kay vờ lờ.,1
Cái con này nó chết cũng không sửa đổi,2
Ông im mẹ mồm đi :))))))),1
Khói dm giốg vãi loz khác mỗi cái mặt,1
"chửi nhau sao kg gọi Phone chửi cho dã cái miệng,mà lên dây khoe vàng hả cha,ỉa déo ra cũng dưa lên,bó tay,",2
Lộc đến từ cao lãnh😂,0
Tuyên Tuyên hủy lịch ăn nhậu đi xem phim nè mài,0
Đũng là đ có trải nghiệm riêng nên rất khó 🙂,1
"Giám đốc phố Bolsa Hoàng Lân phỏng vấn xoáy Giám đốc Tiên tri vũ trụ tức nhiên, tức nhiên, vấn đề.....rất .....rất....chi là hấp dẫn.",0
"công nghệ làm sạch môi trường của nhật cản trở tham nhũng của công chức búa liềm, đúng là chuyện hài nhà sản",2
Quách Trường tự nhiên có hứng thú đi xem phim cậu ạ,0
Người có tiếng mặc cái lìn gì chẳng đẹp . Người bt nó bảo là điên,1
"Trời đất.Dân dừng xe vô tình cán vạch hoặc đi cán làn mà chỉ dừng xe nhắc nhở không xử phạt ?,sao các anh khác xa mấy con ....(định bảo con chó nhung thấy xúc phạm con chó quá) ở Hải Phòng quá vậy ?,chúng nó tìm đủ mọi cách bày binh bố trận để dân hở",1
Mầm mống tai họa của xã hội,1
Sống như lồn ok,1
Tự post tự vả -.-,0
Quên mất a hỏi nhà tiên tri bao giờ cưới danh ca như quỳnh,0
đọc bài báo xong buồn ĩa đéo chịu đc,1
Vậy trả thuế lại cho dân đi dân nó tự chống. Mọe làm không được chứ gì. Nói mẹ là cán dọng hết rồi nên làm gì còn mà trả. NGU,2
Đinh Phước cmt trên thì k thấy chửi =))) mà cmt này lại quay ra chửi =))) chắc là thấy gái nên nứng hết cả buồi nên k dám chửi bác ạ =)))))),2
Còn bạn này nữa thầy ơi,0
Hay quá aba ơi thưởng cho cái thơm má nè,0
O DOI la vay luc nguoi ta ha Minh van con thi chuoi nguoi ta cang ngay cang manh Bay gio no tuc roi no quay Lai no can cang nhieu hon xua nghe Cho da tai nhaoi nguoi that la mat the dien cua nguoi vn Bo tay ban thieu,1
Tự hào về chiến thắng một giải bóng đá để che dấu những hèn kém khác của đất nước mình.,1
Thuốc lào phê hơn 😂,0
Thằng zô zăn hoá,2
"Được anh , được vãi lon anh ạ :)))",1
căng thẳng vlll,1
Toàna Tế :))),0
Đấy nghe chưa. Quốc sư nói Mỹ đã xóa cờ hó VNCH lâu rồi.,2
Ma 3 y nhat,0
Bê đê má ơiiii,1
Bọn cấp cao nó bắt đi chứ có muốn đi đâu sợ bỏ mẹ ra,2
Ông co noi gi đi nua thi ông cung ko dc chết trên đất nước vn đâu phẩn động,2
"ad thông minh vl, chỉ số tia cực tím cao là do bức xạ mặt trời, nếu mức độ tăng thì do thằng nào xả thải nhà kính, khí CFC nhiều chứ liên quan dew gì đến chính quyền mà chưỡi??? :v",2
"Giờ tao chỉ mong bóng đá đến sớm . Để lu ngu no tràn ra đường hít thêm khí chết bớt , mới tỉnh đc .",2
Đúng là ngưu tầm ngưu. Ăn chơi phè phỡn ở nc ngoài rồi đến lúc bệnh thì mới nhớ đến quê hương Tổ quốc,1
dkm nó . nhà có cái bóng đèn giờ làm thế đéo nào? k lẻ nhà có cái phòng lắp 50 bóng đèn cho oách à,1
"Trời, vậy mà biểu sao ai cũng thích, cưng hết sức, coi mà cười với thích dễ sợ",0
"Hải Yến kệ cm m luôn, tụi t thích là đx :))",2
Ít nhiều nguyên nhân,0
"Hỡi những con bò hãy cày và nuôi lũ này, mọi chuyện cứ để nhà nước lo 😂",2
"Từ chân lý giả, tư tưởng giả ,đạo đức giả, đường lối giả , bầu cử giả, luật pháp giả nó sinh ra đủ thứ giả và sự dối trá, lừa lộc, xã hội này đã là xã hội suy đồi thối nát đến mọi rợ.",2
bị ngu à,2
Ad chẳng biết cc j cả. Ổng nói đúng rồi. Ko có tranh giành gì hết. Họ rất đồng lòng và tất cả mọi việc mọi vị trí đều đc sắp xếp cả.,2
"Khổ vcl phải ăn mì ạ :""((",1
chi co du luan vien viet nam don mathoi,0
Bay đến đít rồi mà h vẫn la liếm ở đây,1
Mặt dầy như đít trâu,1
Chào thầy ba girl😌nứng vcl,1
Tóm lại bạn cũng như Linh nóc Toàn là lũ thất học vì một chút tiền lợi nhuận chửi nhau kiếm tiền,2
Tao xem mà t vui gần chết ! Nghe sướng lỗ tai 👂👂👂,0
Bóng dơ bóng bẩn bóng thúi,2
Nhung Phạm giống mình đi kh quen nghe mùi máy lạnh là ói sml,1
Hôm nay admin mày chửi đúng lắm! Yên lặng đáng sợ,1
"Thí sinh xứ mình ngay khi nghe câu hỏi sẽ trừng mắt chửi MC: Phản động, phản động. Rồi nhìn cả lượt BGK: Đồ ///",2
Tưởng thắm bán page ????,0
Kiểu gì antifan cũng bảo ảnh này là ghép,0
"Làm cái đéo gì thì làm đừng để ng ta nhắc đến VN là gắn với từ ""ăn cắp"" :))",1
"Làm cái đéo gì thì làm đừng để ng ta nhắc đến VN là gắn với từ ""ăn cắp"" :))",1
Má nứng quá aiu ơi,1
Xạo lz hk có j vui chúng ta hk nên xạo lz nha chị ba 😏,1
"Sẽ có 1 ngày những người ủng hộ tự do, chống độc tài sẽ bị đám cầu thủ đỏ chửi bới, tục tằn ko khác gì đám bò đỏ chửi",2
đấm xàm loinf,1
Tộc này căng đét làng này chất lừ:>,0
"mẹ, sao bộ k mở cửa hàng kinh doanh bán bình luôn cho dân, ko lại phạt vì mua phải bình đểu :)))",2
Hết chuyện nói thì dùng hành động để hâm nóng tình cảm nên ngu thế,1
Chả nhẽ t lại phang cho không trượt phát nào giờ,0
Thiếu vụ sông Đà rồi ad ơi. Lật lọng là truyền thống lúc nào cũng được phát huy của cộng sản và những người ủng hộ cộng sản.,2
Bị khùng r 🤪😨 Nói tiền nhiều mà giựt tiền cô minh hiếu 🤣🤣,1
Bui Hoang thầy lồn,2
"Đeos thân nó thì thân ai , đợi myz nó giúp á có mà đến mùa quýt . Tốt nhất cố mà tự thân vận đôngn",1
Mấy thằng cứ cực kì thuyết phục k chán à hay là k có não vậy !!!,2
6 tuổi xinh quá các bác ạ ♥️♥️,0
"Nên nhớ đất nước nầy, tài sản nầy là của dân tộc, nhân dân Viết Nam chứ không phải của cái đảng CS. Cái đảng nầy như cơ quan quản lý. Quản lý không xong thì để người khác quản lý chứ đừng lỳ cái mặt bám ghế làm cho đất nước ngày càng lụn bại tàn mạt. T",2
dm linkkkkkkkkkkkk,1
Đêm phia mà Cười k nhặt đc mồm :) rách cmn.cả miệng,0
Thôi ồn im mẹ mồm đi 😆😆,2
Con lợn này béo vãi lon. Bắp tay to bằng ngón chân =)),1
Mẹ mày. Đang họp đấy bọn ngu,2
A tôi 😂🤣,0
xuất khẩu gạo còn bị trả về vì vượt mức an toàn thì làm ăn j nữa,1
Có mùi việt tân,0
Phạm Trần Nhật Hạ ủa nói đúng mà có gì sai đéo? Đã vượt qua St đâu mà đạt kỉ lục mọi thể loại?💁,1
Làm không được gì nhưng bu thì chắc là được. Mà là rất được,0
Huỳnh Ngân xinh nee,0
Anh Trung bóng lộn sa đéc,2
A để em :)),0
Cười chay nước mắt. Mà thương em nhiều lắm,0
Hư cả một thế hệ..,1
Anh chả dùng chị Trang như phá rồi. Mà vẫn cãi được,0
Cường Sirô mồm thì to khéo ăn vạ =)))) toàn các bố giang hồ mõm,2
sai vl,1
Ad lại chẳng biết cc j rồi. Tiền thuế cno' lấy của ad đâu bằng tiền cúng của tụi giang hồ,2
Đầy tự hào. Ăn ít mới mạnh vậy đó. Ad hiểu hôn😂🤣🤣,0
Làm đek gì có Lê Văn Tám nên chậm là đúng rồi. :v,1
Dung Junn chuẩn đấy chị. Buồn cho nữ chính :<,0
đấm xàm loinf,1
Ncc,1
In vô vở nhà trường cấm học luôn đó Abe :))),0
nghiệp nặng quá là chết đó nha cô,1
Dm bị band cmt trong gruop,1
"Trời đất.Dân dừng xe vô tình cán vạch hoặc đi cán làn mà chỉ dừng xe nhắc nhở không xử phạt ?,sao các anh khác xa mấy con ....(định bảo con chó nhung thấy xúc phạm con chó quá) ở Hải Phòng quá vậy ?,chúng nó tìm đủ mọi cách bày binh bố trận để dân hở",1
Kiều Duyên vấn đề shipper giống m nói èn hâhhahah,0
Con nay ko co an hoc nen moi co hanh dong nhu the.de nguoi ta chua minh ko nhuc a,2
@Mood Music bạn nói dị Là bạn xạo lồn,2
Dễ thương quá,0
"nhỏ nầy nói chuyện ngong cuồng ,mày có làm đc hôn",1
Lắm tiền mà đéo bh chịu làm even cho học sinh,1
Đúng là ngưu tầm ngưu. Ăn chơi phè phỡn ở nc ngoài rồi đến lúc bệnh thì mới nhớ đến quê hương Tổ quốc,1
Ai cho lũ chống Tổ Quốc về nước? Bọn mày mơ...,2
Đm bọn thuyết phục xl,2
"Hải Yến kệ cm m luôn, tụi t thích là đx :))",2
Có cc ý :)) tin người vl,1
Gánh gánh cái l má tui bây à. Cái gì củng dân.,2
Cái vụ 4000 tỷ 1 tháng thì đéo thấy ói cái máu lol nào ra cả,1
Lam cai cc j dc bo ha T.lu,1
Nam Thành cmt của ông kia chỉ mang tính chất vả vào mồm mấy đứa tự nhục lúc nào cũng nói nhật là số 1 nhật là is the best từ đó cho ta thấy thì nhật cũng chẳng phải tốt đẹp lắm,1
T ghét bây giờ quá. Muốn vỡ ko đc,0
ăn bẩn ko chừa thứ gì kể cả bê tông.,1
Xạo l*n quen rồi bạn ơi. 😄,1
Chua thay thang bede nao sau nhu thang quy nay no banh noc,2
Đừng có y y bệnh cả nước k đủ thuốc là ăn lol luôn chứ ở đó,1
Cái tập đoàn dacosan rước giặc đây mà,2
Con cho,1
May trước đay ninh no chui liên oanh ma gio lai quay ra chui no ha cho may sang mặt ra chua,2
"Đình Quang đm anh đẹp trai vl, anh vậy mà xấu thì đéo đứa nào dám ra ngoài r anh ạ",1
Lỗ lồồn,1
"Ta ước gì có một lão Hitler tái sinh trên đất nước này, làm sạch hết lũ cặn bã dơ bẩn",2
Giựt tiền của minh hiếu mà bài đặc xaoloz ở đây,2
"Trần Vỹ không biết nhục mới đi đạo nhái, những thằng fan là nhục gấp đôi vì hâm mộ thằng đạo chất xám của ng khác",2
CHỊ BA VÀNG NGỌC có cây nọc giữa háng,2
"má k mặc áo mới đi, mặc hoài áo cũ thầy",0
Anh đánh máy giỏi thật! Dám biến đường đường là chủ tịch của một thành phố thủ đô trở thành tên nói láo! Tiên sư anh đánh máy!,2
Mat lon linh ca loc nay choi xuong lam,2
Katm: Yahhhh mềnh đc làm kaxũyyyyy ời :),0
Ở đấy ngột ngạt quá thì đưa nó qua vũ hán cho nó thoáng mát😡😡,2
"Ai là người miền Bắc nhào vô rửa lỗ tai, chứ em miền Nam nghe xót ruột quá, cầu xin cho linh cá lóc nhanh chóng bị nghiệp quật.",2
Lừa dối khách hàng,1
Dkm chửi hay lắm. Chửi hay lắm,1
M bị bắt là đáng r thằng ad hãm lz.,2
"Thì fake thì nói đại đi , hàng bình dany , bình dân qq",1
Gởi thầy ba,0
Ủa ngộ gê hen😄,0
Cho vào túi nilon thả trôi sông chứ cách ly làm gì tốn chi phí nhà nước,1
Đồ giả,1
"Nl số 1 á, ta thích c trinh nh géc thèn tiệp vãi",2
Ngực nhỏ quá đi,1
Ý thằng chó ad bảo nhà nước làm cái này cái kia. Rồi nó lại sủa rằng: nhà nước làm để hối lộ. Bọn phản động mà. Đi ỉa chúng cũng sủa mà. Thứ chó lưu vong,2
"ĐM, chắc lại rút sợ dây kinh nghiệm thôi mà",1
đkm dơ vc,1
Chúng ta ko thuộc về nhau,0
Con lon giả,2
Ngu thì chết chứ bệnh tật j. Thắng lại làm j,1
Thâm hết cả hậu!!!,1
Đơm luôn .cà khịa sela à,0
"Khi chế độ cs trung cộng sụp đổ ( điều này đang đến gần bằng chứng là ""làn gió độc"" của các cuộc biểu tình ở HongKong đang lan vào đại lục điển hình là Thượng Hải vào ngày 04-12-2019 ,Vũ Hán - Hồ Bắc tháng 07-2019, thị trấn Văn Lầu- Quảng Đông 28-11-2019...) thì người dân xứ đông Laos sẽ làm gì với bọn cs xứ này??? ..xin xem hồi sau sẽ rõ ( sẽ có thêm lời bình của Mao Ton Cương).",2
Tý thâm quá anh à,0
quay lại như ỉa ra ăn lại,1
xộn lào quá hà :))) 1 chai bán 1tr giảm còn 300k hai chai :v hàng giả chính hãng nha cả nhà :v,1
"Lá lành đùm lá rách là ở đó. Tiền thuế người giàu ""đùm"" người kém may mắn. Đó cũng là tư tưởng của mọi đảng chính trị thế giới, và điều nực cười nhất đó là Đảng Cộng sản nỗi dậy vì các tư tưởng bảo vệ người nghèo, người kém may mắn. Nhưng khi nắm quyền thì họ lật lộng. VN cũng có câu hay về những người đó: ""quẹt mỏ như gà"".",2
cú có Gai🤣,1
Quý Ngọc Nguyễn :)) nhạc của quý hay,0
Thôi ông im mẹ cái mồm đi,2
Dm Tôn Ngộ Không trông chán 🙂,1
Sắp tự kỉ vì quá mệt mỏi thì gặp ngay quả ảnh đéo đỡ nổi 🙂,1
Mọe,1
Đumoe nói leo,1
"Đã là người có tiền thì đi du lịch cái lúc k có dịch thì đi đi, đến lúc có dịch thì lại đéo hiểu luôn",2
"CH!CH khỏe, CH!CH phê, đê mê tối ngày :v",1
Kick nó đi Abe,2
đjt nhau thế kỉ đây rồi,1
Hợp lý @@,0
Đụ mé mình vừa đăng clgt.*độ said,1
Đàn bà dễ có mấy tay_dinh thự của nữ đội trưởng đội chống buôn lậu,2
Dung Diu Dàng OK : )),0
Dờ.... đéo phải đờ nghe chưa thằng hl :3,2
Cất con mắt lé vào đi r nc vs chị hiếu,1
:)) dm thối nát,1
anh Kiên tổ trưởng đang lập công mừng chức mới đây mà ! bởi vì nó chả ảnh hưởng đến người nghèo nên chăng anh tư vấn cho thủ tướng dựng 2km một trạm luôn cho máu đi anh !,2
rút con kẹc. rút rút quài,1
nứng nứng,1
Giống nhau như 2 giọt nước. Mà mỗi cái là 1 giọt nước mắt với 1 giọt nước 💩 thôi ạ 😂😂,1
Trước khi tìm được người đàn ông của đời mình chúng ta vẫn nghĩ rằng chúng ta thích con gái . Không sao hãy cố gắng tím lấy người đàn ông đẩy ngu giống bạn :)),0
Trần cọp ông anh thần tượng của tôi cũng không trống lại dc thời gian nhỉ tiếc Anh cọp ngộ giác muộn,0
Chờ đợi 17 nồi bánh chưng mới đc fan cứng nên cmt cho kh mất chứ ko biết chơi GA,0
đjt nhau thế kỉ đây rồi,1
Vô liêm sỉ. Dối trá. Tàn độc mà đòi chổ tựa của văn minh sao? Tìm lại các câu nói của đảng viên coi..,2
Lê Thành đã bảo r mà,0
đóng con cặc nhé!,2
"Nhà của c này cũng k phải là k có đóng góp gì cho VN đâu, cứ lên tra gg xem Johnathan Hạnh Nguyễn xem bác ấy có đóng góp gì cho kinh tế VN nhé ạ.",0
Xin lỗi chịu hết nỗi : )),0
Tết đến nơi cố cày cuốc để có tiền nhuộm nốt quả tóc này -)),0
Trunq Xuân Cao thì kp 2n nhưng cũng mấy tháng rồi :)))),0
Quả giọng truyền cảm vl anh tôi =))))),0
Toàn là những con người thiếu ý thức mà ra cầu mong dừng lại ở con số này thôi chứ lo lắng quá đi cầu cho máy cha máy mẹ đừng đi tùm lum nữa làm khổ nhiều người lắm muốn chết về nhà đóng cửa chết mình mẹ đi,2
"Duy Sama nghỉ nhiều quá thành đúp mẹ nguyên 1 kỳ,sau này học xong ĐH mới thấy thời gian nó quý như nào",1
Xấu người xấu nết nhìn là biết cái miệng đẻ ra trước (khẩu nghiệp),1
Tối Thầy stream đá phò đi thầy ơi,2
Con thần kinh,2
"Có thể các bạn chửi chúng nó là ngu nhưng mà đó là chúng nó lo cho con cháu đấy, có điều không phải con cháu các bạn thôi. Xong phi vụ này con cháu nó đổi màu hộ chiếu các kiểu hết :))",2
"Thằng áp dê ngon thì nói cho thiên hạ biết đi, hay đi làm Thông ngôn cmn đi",1
Nguyễn Sơn tđn ghét thầy ba thế à mà tút cu nào cũng thấy cmt :)))),1
đón trung quốc sang chiếm nước :))),2
tối có stream không abe,0
"Bây giờ Nhật thành cường quốc dân chủ, có ai quay lại tạc tượng anh thanh niên kia ko :3 Nhân vật tạo bước ngoặt lịch sử, mà giờ đừng ai làm theo nhá, mệt lắm đó :v",0
"vinh danh ... văn hoá việt , văn hoá chặt chém",0
"Thế mà chúng nó giật tít cộng gộp lại. Tít lẽ ra phải là : ""Muốn giết người? Hãy làm công an""",2
Chó má,1
cô chửi hộ cháu với thằng Định,0
"Thang cc nao ma chang the dc,",1
Thế là bạn nằm yên cho nó hiếp dâm à.:v,1
cháu còn nhỏ đừng xạo loz theo bố cháu nhé tùng,1
t thấy quen quen Kim Chi Kim Ngân Helen Vy Nguyen Cỏ Xanh😂😂,0
xe chở súc vật mong người dân hãy tránh xa (đề phòng súc vật phóng uế lung tung làm mất vệ sinh).,2
Trần Sinh Đức suy nghĩ như đầu buồi,2
Bà điên đi lang thang,2
"Đã đi xem và thấy nó đéo gay cấn gì cả, chỉ có hiệu ứng âm thanh âm thanh là ghê. Có lẽ bộ phim mang tới cái triết lý nào đó",1
"người mình ở nước người ta trộm cướp lừa đảo, người ta sang đây làm ăn đàn hoàng thì bị khủng bố, chả hiểu nổi",2
một minh chứng cho việc mua quan bán chức ! chức cao không phải vì tài chức cao vì bởi thằng này nó ngoan !,2
Dâm loạn viên bây giờ toàn mấy thằng con nít ỉa chùi đít chưa sạch,2
thằng VC nào thì củng đều là lưu manh và gian trá .... chức quyền càng cao thì độ lưu manh càng lớn .... ĐM bọn VC ...!!,2
Kênh như con c,2
Thắm mồm thối,2
Đợi cc :)),1
Chị ba vàng ngọc có cây nọc mọc giữa háng chị ba thêm hai trái dâu lủng lẳng. Bệnh nặng giữ lắm rồi đồ bóng khùng.nói chuyện là biết khùng điên rồi.,2
Cháu cũng làm con cặc j.,1
Ae hay đi đôi giày này và sút tung mỏ bọn nó trc khi đi nghĩa vụ nhé,0
Dòng họ cao sang mà có ng bị vậy hok tiền để trị bệnh tội ghê.,2
Sạo lol hổng có gì vui nên chúng ta đừng nên sạo lol 😂,1
Trần Lệ Diễm fan của KP giờ đã lập gia đình hết rồi,0
Làm wen bạn đc ko,0
Hóng abe react,0
"Chịu khó đọc báo dùm. Tiền xây tượng do dân địa phương đóng góp. Nguyên nhân tháo dở là do xây dựg ko xin phép cơ quan sở tại. Vải lại đag trong quá trình xây dựng nhé. Ko lẻ mấy lủ ngu các người xây nhà kiểu Âu Mỹ mà ko xin phép, bị cơ quan thẩm quyền tháo dở. Lủ ngu lại riêu rao: Do xây nhà theo kiểu tư bản nên bị chính quyền ngăn cấm àk? Lên mạng chi mà ko khôn ra được, thằng ad page này có vấn đề về nảo bộ",2
chị có râu haha,0
À nhân tiện 20/10 e muốn hỏi thầy là khi nào xoá kênh ?,0
Giờ tao thấy hối hận khi vừa nc với 1 con bò,1
Cô này duyên ôi là duyên.thương cô quá trời ln 👍👍👍😘😘😘😘😊😊😊,0
........,0
Lâm chí khanh nói chuyện nge mắt mệt,0
Hóng phần 2 của hài hải ngoại của anh Ba tại Lasvegas,0
;v,0
Võ Minh Hiếu gửi vid cho mik vs,0
Ông Tuân ổng quay xong chắc ổng bị đau bụng lắm nhỉ .. ổng cười khí thế...chị Hiếu có duyên quá mà .... Nc chân thật vui ..đúng chất miền tây,0
Đập đầu nó đi cô,0
Non quá thầy ơi,2
Vler. Cái bọn này mà. Ko làm cái này thì tụi nó cũng kiếm ăn bằng cái khác thôi.,2
"Lũ bán nước thì đang bận bán nước chớ đâu, hỏi cái lồn !",2
"8000 like đó là phần nhỏ trong số hàng tỷ người dùng Fb của tàu , suy ra số lượng óc chó của nó ko đáng kể :v",2
Elipsport Trịnh Đức nó nói nghèo có nhau ... bác hiểu ko :)),0
bất đồng chính kiến là tụi thân trung cộng ghép tội VN phản động.... khốn nạn bọn chó+svn,2
"Thua cả trung quốc , thế mà suốt ngày chửi người ta.",0
"Chị pa còn trinh có cây đinh chính giữa, Chị pa đẹp gái có 2 hòn dái 2 bên",2
Thôi ăn lol rồi thầy ạ 🤦‍♂️,2
Tài Lê Tấc nhiêng là mưu sự do nhân mà thành sự do thiên,0
Móc lên ngửi đấy mà. Dơ vcl 🤣🤣,1
Vãi cứt,1
Cười thế này mới đẹp,0
Bi benh ao tuong toi nghiep nhi,1
"Hết anh Chung,HN lại tự hào thêm vụ y đức của chị Tiến ruồi_Bệnh viện đa khoa Xanh Pôn gian lận kết quả,bớt xén vật tư khi xét nghiệm HIV & viêm gan B cho bệnh nhân",1
Chị lại hót,0
Clm :))))) Trí Xuân,1
Thằng này là thằng điên chứ gì nữa,2
Đm train như cuccut mà vô quất 1 hơi 3-0 sợ thật :v,1
nhờ tài lãnh đạo khéo léo của ai vậy ta?,0
"Nguyễn Hoàng thì bạn nó bị cả Việt Nam chửi r, nó thấy thế phải ngoan chứ",0
"Đm cái mỏ như mỏ vịt thề lề, thè lè, thấy ghê jk nào dừa chắc ooke",1
Tết nên lì xì bao nhiêu =)),0
anh ơi em muốn vào group bộ tộc thì làm sao ạ?,0
Hong Son Tran nếu không thích bác có thể bấm nút unlike mà chứ bác nói vậy éo ai cảm thông đâu :))),1
Theo mình thì treo cổ lên chứ đừng nguyền rủa......,1
Thằng mặt l này đi trên đường tưởng thần kinh đấy,2
Con đi gia,2
Bớt xạo loz nha,1
hot lồn chứ hot girl,1
Người du lịch ko muốn quay lại. Đi 1 lần là muốn chửi thề rồi.,1
Coi lúc đầu vui lúc sao ngge cô kể chuyện buồn quá thw cô quá,0
Moé chiều nay vừa đi tập gần đấy xong 🤦🏻‍♂️,0
Chán Chung =((,0
Thầy làm em xúc động qua',0
BaVi :)),0
Việt An Dùng vào lúc nào nó cũng thẳng đứng như bút chứ =)),0
"Cộng sản luôn đúng, nếu cộng sản sai thì mày là thằng phản động",2
Nản ba gà thật sự,2
"Dkm, chan Vkl",1
"Mẹ bạn chửi hay qá, lần đầu t xem một cái clip chửi mà hay tới như z, nghệ thuật của chửi là đây, hay qá trời hay😂👍",0
co oi co chui hay wua,0
Mía... Nó tức á. Chời...,1
Phạm Văn Lộc con đỉ mẹ mày tus nào cũng thấy liếm fame,2
Nguyễn Tài koi ccc bn,1
Yen Lyn Hoang Huyền TrangNgọc Anh nhớ mãi quả báo của chú Tùng 🤣,0
Vcl các thanh niên tay nhanh hơn não :)))),2
@Đầu Bò TV nó điên á,2
Cuối năm xem gặp nhau cuối năm rồi. Tình hình tham nhũng ở mức ổn định 😂😂😂😂😂😂,2
Vui quá cj oi,0
Sàm lồn,1
R thế giáo án đá phò đâu thầy l,2
Mat lon linh ca loc nay choi xuong lam,2
"trong đó có bọn comdom gì gì ấy cũng y như vậy, lũ sống bằng tiền lao động của dân mà cứ nghĩ chúng nó là thánh không bằng",2
Mọe,1
Be de roi lai con lam chuyện,1
Em tổ tư vấn nhưnlol ấy độ ak 🤣🤣🤣,2
Bùi Thị Minh Thư k ngon mà,0
Nhật TùNg r xong sản sủa,2
Lại chuẩn bị những giáo án mù mắt,0
Trym anh độ có gì mà ai cũng xem vậy?,1
Vl fake,1
Dễ thương quá lun hồi đó em cũng thích con mèo tom nữa mẹ ko cho cái nhõng nhẽo,0
Hẹn Mỹ nè cưng =)) xin giới thiệu cưng đây là cộng đồng ngừoi việt =)) k có dlv,0
Kệ mẹ ngta đi. Soi mói làm cái lồn gi,1
@Tủn 3K bởi nói ngu bây ko nhận,2
Trung như con CHÓ,2
"Cũng ko ngạc nhiên jì lắm, gần hết 2020 xăng xái cho đạt yêu cầu quan thầy ấy mà, riêng cái điều này coi bộ khó đạt í,có thằng chó nào ra đường nói tiếng tàu với đồng bào,đồng nghiệp,bạn bè bằng tiếng tàu ko,lúc đó nó cho vào bệnh viện tâm thần thì bỏ mẹ,hay về nhà hôn vợ,nựng con nó có nói tiếng tàu được vợ con nó chắc ngạc nhiên lắm vì nghĩ nó bị khùng,hahaha",1
#VTV1 tẩy chai con đỉ Trần Mu,2
Giải nhất luôn nha 😂,0
coi cười ỉa,0
Toàn ngu muội. Đi ra đó mà đánh đi.,1
Gần toàn gái xinh mà hành xử kém quá.,1
"Chế độ tốt sinh ra con người tốt . Hết xả súng da đen , trẻ em , CS mỹ lại làm 3 cái trò này ..",2
Hau Nguyen rảnh loz hả bà nội,2
"Đụ má, em ức chế quá.",1
Comeback vầy là giỏi quá rồi 😍,0
"Hóng bò đỏ vào sủa ""đất nước mình còn nghèo""",2
"DM...thằng assmin này phản lại cái động...bố nó thông minh,tài giỏi mới làm lãnh đạo...nó có gen di truyền thông minh,tài giỏi đó mới làm lãnh đạo như bố nó...không lẽ mày muốn thằng phụ bếp làm ""tủ lạnh"",thằng thiến heo làm TBT...v..v..DM có mà xuống hố cả nút đất nước này ah...DM...",2
trend này việt nam đi cả thập kỷ rồi nha bọn hàn kia 😂,0
"Ko dám nói to đâu, nhưng mình cứ liên tưởng đến Nhà nước hồi giáo tự xưng IS. Tụi mà chuyên đi khủng bố thưởng dân ấy...:v",2
Phạm Văn Lộc chán idol quá,0
lkkk,0
Mình học theo dị nha Hai Sấy An Diamond Hien Ma Cu POn,0
Đm mày 2/5,1
"Nguyên nhân chỉnh sửa chữ bố láo gây nhầm lần hiểu nhầm,số thứ tự gây xáo trộn mất thời gian vào những việc vô ích, còn gọi ruồi bu,suy ra độc tài là những kẻ ăn cắp thời gian láo nếu nhất gốc vẫn là cái búa liềm ám dân tộc ,triệu hồi hitler sống dậy...😅",2
sói lên ngôi,0
#MCVMedia #ComeOut #MinhHiếu Cười ỉa,0
19:43 hài vãi,0
Thằng già kia đứng cười chứ :(,2
Bành bướm leo rankkk,0
cơ quan điều tra việt nam giỏi nhất thế giới ....trừ tiền bẩn của quan tham !,2
đúng vạy đó anh,0
"Xàm ghê, có miến ziên nào chết liền , tự nhiên so sánh với Lisa",1
Tú bảnh dạy dỗ đàn em Trung sky :D,0
Chúng mày chụp mũ vãi lồn chúng mày còn chưa hiểu ý thằng Cường là sao đã auto chửi nó là thằng bán nước ?,1
Ad m éo làm đc cái chi mà tối ngày đi vạch lá tìm sâu mà nói! Có tài thì bỏ face và làm j đó thực tế đi.,2
Ủa đáng lí con gà phải là Abe chứ :)),0
Trinh ở ngoài đéo ai thèm ngó đâu anh cứ an tâm ở đấy,1
Cực kì thuyết phục :(((,0
Tộc trưởng có khác :v,0
"Nhìn thấy cái kia Chị xỉu 3 ngày, tỉnh lại nhìn thấy xỉu nữa haha.....",0
cận CL ! dân nghèo rớt ra xây cái nhà ga 900mil USD... 2` @@,1
Tởm...........,1
"Lũ bán nước thì đang bận bán nước chớ đâu, hỏi cái lồn !",2
"Cả cái thằng máu lồn ad nữa, dạo này cứ đăng mấy cái nhảm lồn, đ thích mua hộp cơm 200.000 thì vè nhà cắm con mẹ m cơm mà ăn, đi xăm xoi cái lồn ý à",2
Oh shjt,1
Chị kêu cá lóc nhẹ lắm. Chị phải kêu linh cá tra mới hộp với cái miệng hô của nó...kkkk.,2
Đéo nói nhiều 🙂,1
Dell hiểu kiểu j,1
Bao giờ có hướng nghiệp nghề này thầy ơi,0
"Thương cụ , tới giời vẩn không hiểu vì sao vẩn phải đi nhặt rác , chúc cụ có nhiều sức khoẻ để viết tiếp ước mơ cao đẹp của cụ , dạ bẩm cụ",0
"N17 khai gian dối, lây lan cho người nhà, hại bao nhiêu ng Việt Nam bị cách ly nên bị mọi người chửi là đúng.",2
xin vd ông ei,0
"Sản phẩm chất lượng để phục vụ một lũ “cực kỳ thuyết phục” bị di căn giai đoạn cuối quả phí phạm. Toàn bọn bại não, thoái hoá văn hoá. Cứ tưởng thế là hay ho.",2
Nhìn mặt đẹp gái mà cái tính lại xấu xa thế này.,2
con mẹ mày chửi anh độ,2
"Moá, quái thai",2
Này là Đế quốc quẫy muốn chết chứ ở đó rẫy chết :)),2
Đuổi mẹ nó đi thầy,2
Uống nước rửa bát xong ngồi đợi đ chết,1
Kg co vang nhu chi hieu,0
Nhục chưa? Sở DL HN còn hay giải tán rồi mà dân gọi cả ngày mà ko LH được là sao?,1
Đm abe giống bóng vcccc,2
"Cncs là quái thai của nhân loại, nó có sức mạnh không thế lực nào có thể tiêu diệt được, trừ chính nó ! Câu nói của một người nổi tiếng và đã được lịch sử xác định",2
Thầy dạy học sinh cách phê đá và cỏ,1
"báo cáo bò đỏ bọn Thanh Niên và nhiều tờ báo uy tín khác của Đảng đang phản động , giật tít câu view ! truyền lệnh tấn công đi lũ bò !",2
Bông Xù tag zô hội tuyết bích lun ớ,0
"Cái ảnh hưởng là ảnh hưởng đến thần kinh của mấy thằng não chó suốt ngày mở mồm là đmcs trong khj còn ăn hạt gạo, uống giọt nước do cs làm ra. Ngu như chó vậy",2
Kể cả mở nắp bồn cầu cũng nên đái nhẹ nhàng và thanh lịch thôi. Đm rớt vài giọt ra mép bồn cầu t nhìn mà tức nhức nách,1
Nghe lời vợ là thành công à😂,0
Cháu đang còn nhỏ mà cô chú làm hư cháu quá😥,0
"@hoa buitôi chửi nó để trong ngoặc đó bạn , chứ tôi biết thằng ba rọi này mồm nó hơn cống công cộng , từ thiện mà sủa như quái vật vậy, mồm nó độc quá ,mồm nó chửi tục vậy thì tâm nó chỉ tà kiến và ác gian tham thôi.",2
Gửi mấy bé sống nhanh vs sống chậm,0
"Họ coi trọng cái sĩ của họ , thực ra nó là sĩ diện , còn thực tế họ là lu ăn cháo đá bát , thuong cảm cho họ , có não cũng nhu không",1
Ko biết có ai nghèo ở VN nhận đc số tiền tỷ tỷ tỷ của nó chưa.kể tài sản của ng khác rồi xạo lozzz của mk.Bóng này là bóng dơ bóng dũa nail chứ có cl gì.,2
ơn giời cậu đây rồi. trần dần chưa chết còn dược xem hài miễn phí dài dài,0
Chỉ được cái lôi thằng con ra câu donate là hay 😂. Tùng said: Chụp nhanh lên ông già,0
"Cc gì zậy ô già , để cho mấy đứa nó ngủ coi 😳😳",2
dừng luôn cũng được,0
"Đoàn Anh Thư dìa quê cũng ko yên, cẩn thận nha cô bé",0
chỉ 1 người đứng ra thì làm được gì khi mà tất cả những kẻ khác chỉ biết đứng đó nhìn xem gió thổi chiều nào ta bay theo chiều đó,1
Sơn Tùng găm mì ở nhà đánh dota thôi,0
bây giờ cảnh sát ở hk là hắc cảnh của trung + rồi đâu còn của kh nữa mà tụi nó nhân nhượng cho dân hk.,0
tém lại thầy ơi :'(,0
Trần dần là hán gian,2
Thanh Trà Trương ?????????????????????????????????????????????????????????????????????????????????????,0
"Chuyên gia kinh tế, bà Phạm Chi Lan nói nè , cho nên chúng ta hiểu rằng Vingroup và các tỷ phú bất động sản khác giàu lên chỉ nhờ mối quan hệ và bắt tay với quan chức nhà nước mà thôi",1
Nguyễn Quang Huy thăng l nào chế cái này @@,1
thêm một người bị cộng sản nhồi sọ không biết sao có thể nạo ra được hết chất bã trong đầu,2
nói dối làm tim tan nats,0
Bà này thèm chích thiệt,1
Có cái cc cái gì cũng vịn vào khoảng cách :)),1
"Chào các anh chị em. Anh chị nào bị hôi miệng, vàng răng, ê buốt răng ,nhiệt miệng ,chảy máu chân răng, nhà có trẻ bị bệnh răng miệng như sâu răng, viêm lợi,nấm lưỡi thì e có CỐT THẢO DƯỢC dùng thay kem đánh răng cho cả nhà kể cả trẻ nhỏ. Cam kết hoàn tiền nếu k hiệu quả .ib hoặc gọi 0382840132",0
thôn cái lù. dkm cs,2
Abe chơi dơ,2
Dơ vlll nhưng t thích,0
"Vả vô cái mỏ loz mày bây giờ, thứ học sinh trời đánh",2
Facebook của chị là gì vậy,0
Đúng.là nước mắt cá sấu.. Các bạn bạn diệt tận nơi,1
"Xe tắng thiết giáp đáp lồn má mấy thằng ở trên,cmt ngu vl",2
Giọng cô mina nay nghe kỳ vậy :)),0
lik đâu dcm,1
Hay ho con cặc j mà tối ngày đụ với chả địt,1
Chẳng hiểu mày ăn mặc kiểu lồn gi,2
Đm Gội Làm Lồ.n Gì!,2
cục xúc vl =)),0
Iuuu Tòi Xúng 😚,0
Bảo hiểm thì nước đ' nào chả phải nộp :v tai nạn ra ai thanh toán :v bóp cái tít cũng ngu :v,1
Nay chị dẹp quá,0
Tẩy chay con chó này .bán toàn hàng giã,2
tien su no lam mom ?....,1
"cái thằng tung cựa...nó lại đi trước chúng ta ah ! đã duyệt bao nhiêu cái tượng đài, tốn bao nhiêu tiền tỷ rồi mà... ko có cái nào to nhất để đập là sao hả...các đồng chí ! về viết kiểm điểm hết cho tôi...",2
Từ cách nhìn của 1 người dân bình thường thôi bạn. Đúng và hay thì phải khen và ủng hộ thôi. Đâu phải 3 cái bọn rận chủ rẻ tiền kiểu nào cũng nói dc :)),2
cực kì thuyết phục abe 😄😄,0
"CHỬI Một lần nữa, yêu cầu ad kiểm tra lại cách ""đưa tin"" của mình:",2
Yeu nhau ko bao giờ được dụ nha anh . Nhưng mà phải Liếm lôn nha a 🤣🤣🤣🤣🤣🤣,1
Sờ sờ tai cc j đây,1
tất cả cũng chỉ vì con mụ này ra..thể chế pháp luật lỏng lẻo chưa đủ răn đe cứ có tiền là chạy án :) 1 con người reo rắt cái chết cho hàng triệu người,2
"Ai cho anh mược cục sạc dự phòng đi, dây dợ loằng ngoằng quá",0
"Nail là 1 nghề như nhiều nghành nghề lương thiện khác nhưng dưới bàn tay đen đúa của Tuyên giáo nó thành 1 cái nghề thấp kém, hạ đẳng. Nghề nào cũng để kiếm sống, nuôi sống gia đình, phục vụ xã hội cộng đồng không phân biệt giàu sang hay thấp hèn. Bản chất của CNCS là bình đẳng bác ái nhưng những hiện nay họ đang thực hiện hoàn toàn trái ngược.",1
Con điên này ghê,2
Trưởng tộc mixi tuổi mới thành công,0
"Uhmmm uhmmmm, đây là t khi Tết về =))",0
Chị Ba làm đéo gì có lol đâu để mà xài giẻ rách hahaha,2
Mong thời gian nhanh lên 😿,0
Báu bở lắm mà đợi =)),0
con mô hình awp asimov bao nhiêu nhỉ :3,0
"đéo làm được con cặc gì ngồi múa phím suy diễn đm tụi bây , làm được cái gì như người ta rồi hãy nói loại ghen ăn tức ở",2
Cứ tính ngìn tỷ đkm sợ thật,1
Quần gì ma nhìn vào thấy mất nết dễ sợ,1
Ở với + sản..bạn đấu tranh họ cho bạn là phản động...khi + sản sai...nó sẽ rút kinh nghiệm..đậu xanh rau muống..,2
Cà khịa đi xíu thầy vô chửi cm🤦,1
"co ba oi tang con 10trieu xai duoc ko co ba con kho lam hihi,",0
Nguoi dan ba dai loan dau co hoi han gi.vua dut nghiep phan to quoc.xong lai di khau chien tren mang xa hoi.tinh nao tat nay.dung rac cua xa hoi.nhin cai mo chui cua co ta nhu cai dit vit.qua ghe tom nguoi dan ba dai loan.dung nen lay quoc tich vn nua .,2
một minh chứng cho việc mua quan bán chức ! chức cao không phải vì tài chức cao vì bởi thằng này nó ngoan !,2
Do Dat gil lạc trôi ik đâu z,0
"ăn rồi cứu tú , cứu mà ăn lol à",0
Này là Đế quốc quẫy muốn chết chứ ở đó rẫy chết :)),2
vì vậy các bạn cứ ở ngoài đó nha. đừng có vô trong Nam này làm gì. hít bụi mịn như hít cỏ Mỹ vậy đó. hèn chi phát phát biểu ra là biết ở đâu liền ah !!! 🤣🤣🤣,2
Chung Tiến sv 16 hay 17 gì đó nằm ở cuối góc trái bản đồ,0
clm =)),1
Xã hội bây giờ..công an làm bố đời thiên hạ..chánh án chịt nhau trong cơ quan..dân oan bị cướp đất...đậu xanh rau má...đất nước đáng sống..,2
Cang ngay cang ghet tui thp,2
Câm miệng,1
Chuong trinh xam,2
Hoàng Đức Ngọc joke cái lồn chứ joke =)),1
Họ bị mù mà !!! Tiền che hàng cave đi rồi chúng cơ quan thiểu năng ko thấy đâu,2
Hải Yến Đ care cmt làm gì??? :))) Ô ai hỏi m à? :)))),2
Cũng đã đến lúc những người làm công tác bảo vệ an ninh.các khu phố cần vào cuộc. Vì hình ảnh của đất nước không để mấy thằng lưu manh làm mất mặt được,2
Họa từ miệng mà ra,1
Còn đâu những trận bóng ngày xưa:((,0
Chúng nó xài đúng luật luật trong tay hay xài luôn luật rừng có trời mới biết -_- !,0
"Minh Anh Mai Ơ đm bất công, ông cmt cái là sắp có ny luôn à :((",1
Láo,1
Chế độ hiện thời chỉ còn tồn tại nhờ vào dối trá và mị dân.,1
Già rồi còn đéo gì mà ráng nhoai lên chứ địt cụ,2
"@Ngoc Quynh Nhu Nguyen Thằng lồn cha với con đĩ mẹ mày không biết dạy mày nên mày mới dựng lồn lên xem vào chuyện của người khác, bộ tao ăn hết của ông nội mày sao mà mày lôi tao vào. Từ đầu tao đâu có lôi tên con đĩ mẹ mày ra nói đâu",2
Giết người dấu tay đây mà,1
Con me nay an noi lao phét mai mọt bi qua bao nang ne,2
Cực kì thuyết ph......,0
Vl,1
Chui linh ca loc nghe nao,0
Cai miệng nói không sợ bị hậu quả,1
mày biết củ cặc hong :v,1
Sting vô đầu,0
vcl cà khịa =))),1
Nhìn là muốn thông đít anh ba ghê dị á kkkk,0
Tú Trinh chơi luôn,0
Lúc đi da trắng lúc về da đen :))),0
Kiện chết mẹ nhà nó cho nó đi tù 12 năm đi bồi thường thuêtj hại cho cả khu,1
"Thân Thị Bích Quyên cái này là những con người phá nc, bán ns",2
mời abe đến quầy số 15 để thanh toán,0
"@hoa buitôi chửi nó để trong ngoặc đó bạn , chứ tôi biết thằng ba rọi này mồm nó hơn cống công cộng , từ thiện mà sủa như quái vật vậy, mồm nó độc quá ,mồm nó chửi tục vậy thì tâm nó chỉ tà kiến và ác gian tham thôi.",2
Thời gian đầu đ ai chả thề non hẹn biển yêu lâu mới lộ ra ngay ý mà,1
Bệnh dịch thì xem phim này nhé,0
Hightlight của abe là cái ngu của 5 tk kia đó abe :)))),2
Thằng nào ko bầu chọn thầy bắn cm hết,1
Kể cả mở nắp bồn cầu cũng nên đái nhẹ nhàng và thanh lịch thôi. Đm rớt vài giọt ra mép bồn cầu t nhìn mà tức nhức nách,1
Toàn Trịnh nó tốt hay ko thì kệ mẹ tụi nó,1
2tr bộ tóc dm làm từ 10h sáng đến 6h tối 🙂,1
Cà khịa vl,1
Vãi lol bác.kkk,1
Cảm ơn em da dạy dỗ con Linh khùng.,2
Ngày xưa chơi ma tuý trốn như chó giờ chơi ma tuý phải khoe ra cho thiên hạ biết là mình chơi ma tuý nó mới đẳng cấp.,1
Ủa bữa khóc lóc Xin lỗi rồi giờ chửi tiếp hả,0
Sub lại kênh cho thầy nha mng và nhớ là kênh mới là kênh kĩ năng nha,0
xám khí đú,1
Tàu khựa tào lao,2
Thấy chưa các bạn.chó lại nhà là nhà giàu khá nha 👍👍👍😘😘,0
còn nhân dân sẽ nhớ muôn đời Lũ súc sinh con Nghiệt súc như mày,2
Vậy chị cho em 2 tỉ ik,0
Tụt mẹ m ra cho nhanh đỡ phải mặc,1
"Được anh ưi, lâu rồi không nghe phúc du rap 🤣",0
"Việc to biến tháng nhỏ,việc nhỏ thành không có gì.xong lại còn đánh lạc hướng dư luận sang hướng anh nhà báo.một bàn tháng lớn cho bộ máy tuyên truyền",2
Mẹ nó. Sắp đc húp mà cứ live cc,1
Các cháu bị bệnh này lâu chưa? :))),0
Nhớ nha thánh ỉa Trung Thành Nguyễn,0
Đkm mấy ngày nay không thấy lũ dâm loạn viên xuất hiện,2
Ai đánh moá bóng già này thì hú tui đánh tiếp,2
Ngọc Hậu cả khối con chực,2
Mồ tổ cha mày chứ ko tưởng nhớ. Mày ko biết xem tin tức ak,2
"Cái lồn j thằng ad cx nói đc, bới bèo ra bọ móc máy nọ kia vớ vẩn, k có giấy phép chả thế thì lsao",1
Phương Minn ngộ nghĩnh nhỉ lạ lone nhỉ ? Rõ ràng cố tình tạo phốt để bán hàng online :))) mà làm như hay lắm . Sống dơ v ai mua đồ cho trời .,2
Đkm chúng nó bán hết rồi còn đâu mà của mình,1
"Thua cai nay nhug hon cai khac, tham nhung, quan lieu, yeu sach, hiep dap dan th nha nuoc VN lun so 1...",2
"hàn quốc là phồn vinh giả tạo, làm tay sai cho đế quốc thôi",2
Khùng quá trời khùng.,1
ghét nhất bọn nhà báo giật tít.,2
Chị Chan Mặc Bikini Ngon vailon =))))),1
Nguyễn Hiếu m là con nuôi à hay sao mà biết hay thế,0
Thích nhất đoạn 31:00😂😂😂😂,0
Cái vụ 4000 tỷ 1 tháng thì đéo thấy ói cái máu lol nào ra cả,1
Mốt hẹn vậy cho sang nè Tram Le Diệp Linh,0
Trần dần bệnh tâm thần chuyện có nói ko chuyện ko nói có làm cho cả cộng đồng người việt ở Mỹ quá bức xúc truyền thông pho bolsa tv giống Trần dần bịa đặt chuyện có nói ko chuyện ko nói có,2
vừa hôm trc nhận bằng khen Teacher of the Year của Bộ GD 💙 Yêu Thầy,0
"đéo chấp loại này vì nói gì nó cũng vậy thôi, ae kệ nó đi, chắc nó là bảo vệ ở đó đó :))",1
Chuyên toán và rất xuất sắc môn anh văn,0
Dung Hoàng Lý Đặng Thị Ngọc Hà Huỳnh Thị Hồng Yến Hứa Tuyết Nhi sẵn nghỉ rảnh kh có gì làm nè,0
Nhin mat la biet Đai Du roi...chư đai gia noi j...vang da thi có..no wa pd oi,1
Câu Fame vớ vẩn,1
Quang Nghĩa tính tiền cho anh ba,0
Như cc z thầy ơi :v,2
Ad ăn phân con j mà ngu thế......????,2
"Đảng viên thì sao?công khai đảng viên còn hơn lũ 3/// nhưng là cộng sản nằm vùng ,đem con mụ Nẫm qua chửi Mỹ như chó -lũ 3/// chống lưng cho mụ chửi ,tao là diện HO mà tao còn ko ưa tụi 3///",2
Bóng già đeo vàng giả sửa như chó,2
thế là ước mơ đi học của bao học sinh dần dần tan biến,0
bú cu không thầy,2
"2 con lợn trên 1 chiếc xe máy,hihi",0
Ngáo thế,1
đjt nhau thế kỉ đây rồi,1
Cô ơi cô lấy cái bai trộn hồ dích hột le nó đi cô,1
"Chết mẹ đi cho đỡ chật đất, ngu",1
"Hiểu pê đê nhục, miệng sửa như chó, đầu ngu như bò, bạn thân bóng vàng mã dơ kkkk",2
Lợi cái đầu buồi j hả,1
đi học mà xâm hình Thầy lol,2
Riết thấy page này xàm lồn vãi o.O Chửi thì chửi cho đúng.cái gì đáng chửi thì chửi. chứ cái vẹo gì cũng chửi.sai cũng chửi đúng cũng chửi.thành chí phèo cmnr,2
2 thím kia mắt có bị làm sao ko -.- có thấy chửi câu nào chưa,0
"dân chủ ở đâu vậy các bạn , à tên của nó là bảo hiểm "" bắt buộc "" mà !",1
"Hien Tran Ngoc Bich, Hiep Tranhoa xem có bó tay không nè trời.",1
Thầy ba dơ lắm cô ơi,2
Sao còn tồn tại con người này hả trèn,1
Đúng hay sai nhưng mở mồm ra đòi nửa tỷ là sai cmnr :v đời k ai ăn không của ai đc cái gì đâu :v ngu + tham thì chết thôi :v,1
Đáng lẽ nhà nước tong chúng nó ra đảo hết mới phải. Mang tiền đi du lịch rồi mang virut báo hại nhà nước,2
"Từ thiện cái máu L gì kiểu này. Có lòng sao đéo đến cái mái ấm, xóm nghèo, xóm lao động mà phát gạo tận tay. Dm khoanh chân 1 chỗ bỏ 1 cục tiền mua 1 đống gạo xong vứt 1 đống xong ghi 3 cái chữ kiểu GẠO FREE ĐÂY BU ZO BU ZO MỖI NGƯỜI 1 BỊCH :)",1
Mà công nhận cô này xấu ng mà xấu nết thiệt . ng ta gọi là xấu đều là đúng,2
Toanggggggggggg 😂,0
Trước khi làm gì cũng nên lắp não vào rồi làm gì thì làm chứ. Để não thành hoá thạch à,1
Ơ :)) sao tòi súng lại giơ ngón giữa thế kia,0
đâu?,0
Mẹ làm ảnh hưởng bon tao Vl,1
Chán,1
cho nó rít vài bi cần là nó ngoan vl luôn,1
Ngơ cái buồi :v,1
Thiên tai hạn hán cũng đổ lỗi cho chính phủ. Vậy có lẽ tao cũng nên coi mày là thất bại của việc bố mẹ mày làm tình phải ko thằng ad óc chó?,2
Be de roi lai con lam chuyện,1
Ủa rồi nhiều tiền để mang dịch về hay gì,1
Hết r :)),0
"5 ông lục tổ , là ai",0
cởi mẹ đi mặc khó ưa vc,1
"T rảnh giống bạn mà :). Con t , t chăm sao kệ chứ :))). Bán onl mà k cho t onl thì bạn bảo tôi đi bộ đến nhà khách à :))))",0
I want tu do hơn,0
Chi dep qua c oi.su con cho do di c.con mat day con cho phan quoc.,2
Add ngu vãi nồi,2
Thịt mèo xào xả ớt anh ưii =)),0
Trời ơi miệng dì mà như cá lóc chùi đít vậy oe,2
"Hiệp Đinh m muốn đi hiến máu giúp họ, nhưg khi hiến rồi mới biết bị nhiễm thì sao hả thằng bàn phím , đầu to mà óc cứ như củ cứt 🤗🤗🤗",2
Hiếu Bùi giỏi qá cc j cũng biết hết â,2
Cặp Chân mày xuất sắc 🤣🤣🤣,0
Nứng quá abe oi chơi e đi abe 😚😚😚,1
Đọc thì dịch từng chữ hahaha voai thật con tau hài cho thiện hạ,0
Đéo nói nhiều 🙂,1
Thời buổi nào rồi mà còn yêu đương. Ăn học k lo. Yêu yêu cl,1
Chị ba chim chật trai nó mê. Rộng như cái cống trai nó chạy mất tiêu chị ba,0
Nói chuyện xóc óc,1
Đéo đở dc)),1
Thuyết phục vcl =)))),1
Má nứng quá aiu ơi,1
Tưởng Xuân Hiển vcl ba chó :vvv,2
Trung thu ngủ nhà thôi ra đường xe điên đâm chết trung thu sang năm thành ngày dỗ đấy,0
Ăn cực chờ không,1
cái địt con mẹ m,1
Có nge cau mãi mãi phồn vinh đâu,0
"Ái chà chà, Tèo ơi a ADD e với Cùng họ cùng đệm luôn =)) ae cùng cha khác ông nộii",0
v ai đag ỉa trog toilet đây??,0
xin vid với bạn ơi,0
Toàn giáo án máu lồn chảy ngược,1
Đm chuẩn bị đi học tiếng tàu thôi là vừa,1
Không biết danh hài có biết mình đang nói gì ko nữa kkkkk,0
Em cầm cái này phang vào sự chu đáo của anh Ba =))),0
cà khịa t chém,1
Tha em thấy ơiii,0
Linh Nguyen trend này hình như có lâu lắm r nhỉ =)))),0
"Tui tin là boác kính yêu nói được 29 ngôn ngữ đó mọi người. Chắc là boác chỉ nói được chữ Hello bang 29 ngôn ngữ ( Hi, Bon jour, Hola, Nĩ hảo, Hallo, Ciao...) mà tại tụi bưng bô bốc phét nói là boác nói 29 ngôn ngữ :).",2
Ha Anh Tri đuôi nó tròn là con so còn hình tam giác là con sam đó chú ăn con so mới chết.,0
khi những con sán dây búa liềm phát biểu y như rằng tấu hài,2
cái ll cát không,1
Hk biết đây phải kênh chính của cô không nhỉ thấy cô dễ thương quá chời quá đất à,0
Hahaa,0
Cái đất nc nhiều chó giấy nhưng sáng chế toàn nông dân thì hy vọng cc gì?,2
"Bọn Việt cộng hầu hết nó khai lý lịch của nó xuất thân từ những gia đình thành phần là bần cố nông, mà bần cố nông thì đéo được học hành đến nơi đến chốn. Hậu quả là bây giờ bọn Việt cộng nó quản lý, điều hành đất nước như cái con C ! Ngóc đầu lên không nổi !",2
Phi Quý dầu thơm mùi nhức đầu chết mẹ =)),1
Bạn hãy đổi tên thành hiệp đầu chó,2
Phương Anh Trần Hoàng của theanh28 đúng nha,0
Ngô Tuấn phục cái máu lồn,2
Quốc Thắng ơ bắt bạn phải vào tl cmt của tớ à ơ lạlol ghê,2
Lan Bông khủng khiếp quá,0
"Nói chuyện thiếu văn hóa , tục tiểu , không ra gì",2
Bong gia xam lol qua,2
dơ vl,1
v cut,1
cái deo gig thế này :vv,1
Ngu vl =))),1
Cũng đã đến lúc những người làm công tác bảo vệ an ninh.các khu phố cần vào cuộc. Vì hình ảnh của đất nước không để mấy thằng lưu manh làm mất mặt được,2
Vu Mai Huong ớ,0
Gọi là báo nhưng chúng là bồi bút của lũ cướp nên chúng tiếp tay cho bọn cướp,2
"Đã là người có tiền thì đi du lịch cái lúc k có dịch thì đi đi, đến lúc có dịch thì lại đéo hiểu luôn",2
Đoàn Văn Ngọc Sơn abe nhái bản quyền rồi cụ tổ ơi !,0
Nổ như bom.,1
Anh ở trong khu cách ly mà la lối tùm lum tùm la,0
Cái lỗn cát khôg 😂,1
Thay vì ở đây xàm lol,1
Anh Trung bóng lộn sa đéc,2
Cuộc sông mưu sinh 🏦,0
Cực kỳ thuyết phục,0
Tộc trưởng nói nghe xàm cặc. nhưng em thích =))),2
Mất công tối qua nghỉ stream động vien,0
😎😎,0
Đất nước sẽ đi về đâu vs những thằng ngu như admin page này -_-,2
Em xin chia buồn với Hàn Quốc một đất nước thượng đẳng :((( nhưng em cũng muốn nói ditmevualonetaolam :))))),2
Bảo vệ thằng nào nhiều tiền hơn nhé. Hị hị,1
Huỳnh Châu chết cdm thầy rồi,2
Địt cụ chúng nó muốn người dân chở về thời đồ đá mất rồi? Như thế này đỡ phải sử dụng phương tiện? Địt mẹ thằng nào nghĩ ra cái luật lồn này,2
Bên mĩ nổi tieng đánh bom,1
"Tụi mày tuổi lồn, nói thế cho nó vuông",2
Phá hết đi rồi chết. Cuộc sống thật mong manh,1
"ĐM, chắc lại rút sợ dây kinh nghiệm thôi mà",1
Trần Vinh nhai lại cc,2
"Về với tập,ăn banh bao thịt người nhe ha ha h a",2
"Xích cổ cách ly ngoài rừng cho hợp với không khí nó cần,thag ml",2
Nam mo a di da phat,0
Hơn 2 chục triệu chứ mấy,0
Trường hợp này ở địa phương khác kêu là gì ko biết còn địa phương mình gọi là khùng á,1
già mà non :)),1
Sống chậm nhé ae :)),0
"Bây h tại trung ương thành đại la toàn đỉnh cao trí tuệ, nơi những con bò tự hào luôn rống lên rằng vn vô địch, ra đường người với người thì luôn tỏ ra ta đây hống hách về nhà say rượu đánh vk như dog, có chuyện lên phường thì cúi đầu im thin thít tìm người thân quen để bỏ phong bì, dưới chân thiên tử mà như cc 😤😤😤",2
"Bênh bênh cl nè,ahihi <("")",1
Gu thời trang gạ địt à 😀,1
Huy Đill chuẩn :>,0
"Dân đen ăn lồn hết rồi, đkm :D",1
Cố tỏ ra là mình ổn nhưng sâu bên trong nước mắt là biển rộng :'(,0
"đcm cái bọn ""Animal"" ""TAND BT"" ăn tiền nên mới xử như vậy.",2
Già mà non quá aba,0
Thật may “Hổ ca” của em vẫn còn khoẻ. Vậy là chứng táo bón của em vẫn còn chữa được:)),0
Quê vlin,1
Mọi việc đã có đãng và nhà nước lo các cháu xê ra một bên :)))),0
thầy mà là gia cát gì gia heo thì có =)),2
Mọe cái loại trai đéo phải nữ cũng không. Xàm lol quen,2
vãi đớp 😂,1
Con nay noi chuyen qua la mat day CDM phai cho con nay mot bai hoc nho doi,2
Cực kì ...,0
Vl,1
Nguyễn Thanh :)),0
bóng già chuyển giới. CÔ CÔ nghe mắc ỉa. súc vật lũ bongs chó tởm lợm,2
Thằng già kia đứng cười chứ :(,2
Tấu hai bonsa phát sóng,0
Nói gì vậy lão vô văn hóa,2
Điên .,1
Bán ba cái nước hoa xạo,1
kkkkkk con quỷ này bị bà tam cung hốt hết mớ rồi.kkkk bị bã dụ .😄😄,2
Bớt gáy lại nha abe,2
có cái ngu nào bằng cái ngu này?? làm việc thì cũng phải có chừng mực thôi!,1
Choy. Heu Minh said Mr Ba Coung con cu chua co los hahaha.,1
Corona tuổi lon vs cơ bắp a tôi,1
việc đéo gì phải nhường nhịn quyền lợi của mình bị xâm phạm mà,1
a xi đăng là qq gi vậy bà con,1
dống trong trại tâm thần vậy mấy bạn,0
Nguyễn Văn Thiện chậm cdmm,1
Ns cái quái j vậy trời ... tưởng mình là hoàng thân quốc thích của bên tàu bên mĩ j còn tồn tại hay sao ak... hay là coi mấy cái phim rồi lên cơn sản.người nhà đưa ra nước ngoài điều trị tâm thần.. mong chú sớm bình phục rồi chở lại đúng con người của mình .đừng thần tượng mấy ông công công hồi đó rồi hóa điên hóa khùng ...,2
Nghe thông báo có vẻ như là chăm lo cho du học sinh lắm....nhưng bản chất việc làm của bọn mang tiếng LSQ như cái Lon coca.....,2
Cái địt cụ nhà chúng nó ? Việt nam nhiều giáo sư tiến sỹ nhất thế giới mà chẳng thằng lồn nào hiểu chất độc nó là cái gì??? Bọn bú lồn ăn tục nói phét thôi,2
"Nhật Ký Yêu Nước nói vấn đề này rất chính xác vì làm cán bộ công chức trong bộ máy nhà nước mới có nhiều cách tham ô , nhũng nhiễu , hối lộ , chạy chọt và manh mún , thì mới có biệt phủ siêu xe.",2
Ko có gì bất ngờ. Chỉ là sớm hay muộn nước Anh sẽ toang thôi. 😏,0
loại này chỉ có đút cu vào mồm,1
Mu này tởm thật,1
Hà Hoàng,0
Lý do 1 đứa con gái chấp nhận yêu xa là thằng kia nó giàu vailou. Hết.....!!!!,1
Dkm tôi thề đỉnh vcl mấy ông ạ 😳😳,0
Nghe con cak,1
"Lúc hoạn nạn đấm nhau với mẽo ko thấy ai . Giờ phất lên 1 cái ai cũng muốn khoác tay làm bạn , cái thế giới này có kinh tế trong tay nó sướng là thế đấy",1
sai vl,1
Đây là cách bạn muốn khoe cả 2 cái quần vừa mới mua 🥴,0
thế đéo nào xin lỗi 1 câu là xong v?,1
Hang Tran T cãi với m hoá ra t bằng m à😔,0
Ngoc Chu đme đang ăn sáng 🙂,1
Cổng thì xấu vcc ra,1
Minh Quân djt,1
Các bạn có đang hài lòng với cuộc sống mình đang có? Câu hỏi của anh khó thực sự...,0
Mệt vl =)),1
một doanh nghiệp đóng thuế cả ngàn tỷ mỗi năm bị lũ ngu chó đẻ giết chết! và 1 thằng add óc éo bằng con chó,2
Đm quả nhạc 🤣,1
"@Bé Hoan Banana tự nhiên kêu nó câm , m có vấn đề về thần kinh k",2
Lê Chánh Huy vl nhật văn mình dữ v 🤣,1
chị nói chuyện vui quá chị ơi em thích chị lắm chị ạ,0
Cái mỏ con linh cá lóc ni giống như cái đít vịt,2
cho đi cách ly 14 năm cho nhớ .sống thua cả con vàng,1
"Nên nhớ đất nước nầy, tài sản nầy là của dân tộc, nhân dân Viết Nam chứ không phải của cái đảng CS. Cái đảng nầy như cơ quan quản lý. Quản lý không xong thì để người khác quản lý chứ đừng lỳ cái mặt bám ghế làm cho đất nước ngày càng lụn bại tàn mạt. T",2
Quan thì ăn cái bụng to như trống. Còn người dân thì ốm yếu nuôi tụi nó,2
Khá cayy 😂,0
xã hội vn thối nát rồi... bây h chúng nó chỉ mong vơ vét của dân cho nhiều rồi chuồn ra nước ngoài thôi.. phải có một hồ chủ tịch thứ hai,2
Ở đây toàn chó hùa vs ahbp ko...sao ko giỏi ra đứng trước mặt tụi nó mà chửi đi...núp lùm rồi chửi...éo bik nhục!,2
nói chuyện vô văn hóa... bắn chết m giờ!,2
Em đéo ra cao bằng gặp anh đc đcm,1
Mệt vl =)),1
nhìn ngứa mắt,1
thật là vãi lol a ơi,1
Đm tao cừ tao ỉa 🤣🤣,1
"“Ông già đem hết tiền đãi bạn,dm tháng này thiếu sữa rồi” :)))",1
Cái trend Nghe có vẻ mãi chúng nó vẫn chưa chán nhỉ,0
Chưa viết thành Mê Cung là khá rồi. Mà cái thằng soạn thư này chắc cũng không biết Mê Công là cái thứ gì. Thằng ký thì cứ ký!,2
"Mặt bà này là biết có dương vật ở dưới háng , mặt nhìn coi không có hậu gì hết .ăn nói như giang hồ mất dạy",2
Những thằng luôn bảo ko quan tâm chính trị thì đây...cái này là chính trị đấy...có bệnh thì chữa bệnh giả...ôm bệnh về người...rồi lúc phát bệnh nặng thì chúng nó đổ lỗi sao ko đi xét nghiệm sớm..giai đoạn cuối r....gia đình fai nhọc công chăm sóc...đôi khi fai bán nhà mua thuốc chữa trị r lại fai uống thuốc giả...để rồi....haizz ...tụi mày là quân giết người...,2
Anh Minh đéo hiểu sao giờ còn làm mấy cái trò trẻ trâu này,2
Gia đình nào đó :,0
Tuyền Phạm,0
abe moi' noi' cl gi` v ?,1
Đéo có kicm vao cay view ae oi,1
Cảnh này giống chạy giặc ngày xưa ghê =)₫,0
Đáng yêu k :v,0
Lon me no,2
Dăm ba con dao anh thích em tặng anh luôn nè,0
Trang's Em kìa. Việc nhẹ lương cao,0
Trung cũng có xe nè Mn. Anh Tiệp tuổi gì.,0
"Lớn vậy đi fan cu tùng sói, vãi thật, thương yêu nó đc rồi , già đâu fan đứa cháu vãi lờ",1
Cô ơi cô có dòng họ vs Hồ Xuân Hương không cô:)) cô nói gì 1 tỉ không bằng vải chùi âm đạo của cô hả 😂 vậy trước tiên thì cô thay lại cái áo của mình đi nghe cô😂 dù sang cở nào thì cái áo là nó làm mất hình tượng hết đó cô ơi 😂...,2
Yêu Grab k các bác,0
Nhin guong mat sang lan ....cai dau trong rong ...o ben trong cai gi cung THUI ....mo mieng ra cai gi cung thui .....dat nuoc oiiiiiiiii....,2
Giờ này chắc con mụ này nhục lắm đây.,1
Chúc cho team REFUND GAMING và những ai thấy ảnh này 1 năm mới ấm áp bên gia đình và những người mình thương nhé 🥰🥰,0
toàn chân lí😆,0
Cô hoèn acp cháu với ❤️,0
Người du lịch ko muốn quay lại. Đi 1 lần là muốn chửi thề rồi.,1
Nghe thì hư trúc nhưng rất mộ dung phục,0
Lấy búa liềm TQ để treo nữa chứ :),2
Hải bảo rùi>>Thà nghèo mà yên bình còn hơn giàu mà bất ổn.Tao buồn ỉa quá,2
Tui thấy mấy ông chống cộng chẳng ông nào còn tỉnh táo. Hâm hết ko giống con giáp nào hết,2
Gay to vl :))),1
"Nói tóm lại là thời gian này A chung đang bị ngáo đá nên toàn nói lung tung, hầu như phát biểu không có chuẩn mực ))) Thương cho Dân thủ đô có người đứng đầu vô liêm sỉ ......... Tốt nhất cho A í vào trại cai tiền thôi kkkkkkkk",2
Đ hiểu kiểu gì :))) sờ tai như cc,1
Tế :)),1
Ý thức còn ít hơn cả số tiền trong túi t,1
Trí thông minh không bằng đc người nhật! Nhưng mưu mô xảo trá thì có thừa,1
Lại Hợp Sâm wtf ?????,1
"Tôi xin rút kinh nguyệt nhé... mợ, mỗi tháng rút 1 lần nhể",1
Cái tập đoàn dacosan rước giặc đây mà,2
cảm ơn vì spoil nhá,0
Mẹ nó. Sắp đc húp mà cứ live cc,1
Hải Châu cũng gần lắm luôn á Thuỳ Phan,0
Mac ia qua,1
Xàm lồn vậy luôn sao,1
chị ăn gì xạo lồn chó vậy chị 3. đụ mẹ chị 3 chó hoang,2
Mới ở SanFansixLong về mà là đi khám bệnh về trễ quá ko kịp ăn luôn 🤞🤞🤞🤞,0
"Chuyên gia kinh tế, bà Phạm Chi Lan nói nè , cho nên chúng ta hiểu rằng Vingroup và các tỷ phú bất động sản khác giàu lên chỉ nhờ mối quan hệ và bắt tay với quan chức nhà nước mà thôi",1
Con cẹc,1
Chủ tiệm bánh mì tộc trưởng và ng bạn?,0
Tran dan very good,0
Qá tuyệt vời 😍😍😍,0
Toàn giáo án máu lồn chảy ngược,1
ăn vào máu rồi:)) ở Đức cũng vậy,0
Thế tốt!,0
Thần quyền môn của 5 ông lục tổ ????? =))))))) 14:06,0
Con cháu Bec và Đảng cộng sản quang vinh muôn năm...🤣🤣🤣,2
Ai lớp du chu cà mo🤣,0
"Ninh Trần Đi đâu cũg gặp -,-",0
"Công an lên làm thủ tướng nên se ra luật có lợi cho bọn công an. Luật sư cái chó gì ở VN. Tòa án nó muốn thì nó mời. Ghét thì nó đuổi chạy như chó. Ngoan ngoãn nghe lời thì Luật sư có cháo húp, không nghe lời nó đánh trào máu như vụ 2 luật sư bị đánh. Ai đánh đây?",2
Nhìn khó chịu vch.,1
Nghe kể chuyện tí rồi làm tiếp a Thanh Le :))),0
"công lý cái địt mẹ m à,công lý xử doanh nghiệp còn dân sai thì kệ mẹ à =))) bố m đéo uống cái gì của THP cơ mà để những con chó như m cắn càn thì xã hội loạn cmm r :)) m phạm tội xong m kêu m nghèo, mù chữ đéo biết luật thì m vô tội à thằng ngu, hay m lại bảo nó tống tiền là đúng đi :))",2
Chí Phèo thời nay.,1
mấy th` ml,2
Xin video đc ko bạn yêu,0
Sao tôi nhận k đc vậy,0
Minh Khánh đr b bài này t nghe hơi ngứa xíu,1
"Thành Lê cái lồn mẹ mày nha con chó koi chừng tao bắt con mẹ mày ra cho chó giao cấu , bắt mẹ mày làm tình liếm cặc mút cặc chó đến khi nào nó bắn tinh , chị e nhà mày thì xếp hàng chờ con chó của tao chơi con mẹ mày xong thì đến lượt ăn cức chó của ta",2
ơ ơ sợ quá clm,1
Lão Tập qua đây chả ai quan tâm. Dân còn biểu tình phản đối,2
Hải Yến xinh gái mà cmt thúi hoắc à 🤭,2
Nha tien tri Cop đen,0
trường hợp cai éo ji con này.dm nc éo có logic cc ji bị cả cộng đồng nó chửi cho sml cho cm may lun nghiệp,2
Chán ông già vl,1
Cam on chi noi that su. Thank you for letting peoples know.,0
nhớ giữ mồm giữ miệng chứ trong tù là hay bị mắc bệnh lạ lắm đấy,1
Giết người dấu tay đây mà,1
Chú trung đầu L chứ chú tí đầu lân clg 🤣,2
"Phương Bim \"" ai bảo bà cắt cho tôi thế này hả ? \"" 🤣",0
Tạ Đình Sơn ko bật sub hơi khó nghe thật nhưng nó có sub r mà,0
Chúng mày đốt luôn đi cũng kệ con mẹ chúng mày,2
Đm bọn thuyết phục xl,2
Mệt vl =)),1
Duy Anh Pham dm,2
chỉ đứng dẩy là thành ca sĩ đc rồi. Thế mà đợt trước a Bảnh về đội chắc giờ làm ca sĩ nổi tiếng đéo phải đi tù ý nhờ,1
Buồn cho thầy,0
"Nó khóc, nó xin lỗi rồi nó lại chửi tiếp . Con này nó coi trời bằng vung nhỉ? Sao nói mấy tay giang hồ gì đó hỏi thăm nó rồi mà nó có sợ gì đâu ta???",2
tóc Wendy,0
đm bọn trung quốc chó,2
"ơ, e tưởng phải bằng nhiều vailon chứ :)))",1
@Tuyen Ta chỉ là loại nằm vùng tại Mỹ & tiếp tục sống chui. rút để thủ lợi như thời vc sống trong bưng dùng 3/// xỏ lá để dành chùi rửa,2
"Nghe mà thấy nhục nhã, ăn nói vô học",1
cho nó rít vài bi cần là nó ngoan vl luôn,1
Nứng qá abe ơi :)),1
Giống nhau như 2 giọt nước mà chỉ khác mỗi khuôn mặt =)),0
Ko liên quan lắm 🤣🤣,0
Kiên Hoàng mình bán cho ai có nhu cầu thôii bạn ơii!,0
Cút lên top đi...việc còn lại cứ để bọn t lo,0
Ngáo thế,1
dám hó hé đéo,1
"đem bom mà rải thảm cho rồi chứ bọn này nát lắm rồi, nó có phân biệt được những người phụ nữ như mẹ nó nữa đâu, ái zà",2
Mía... Nó tức á. Chời...,1
"Việc to biến tháng nhỏ,việc nhỏ thành không có gì.xong lại còn đánh lạc hướng dư luận sang hướng anh nhà báo.một bàn tháng lớn cho bộ máy tuyên truyền",2
"Nên nhớ đất nước nầy, tài sản nầy là của dân tộc, nhân dân Viết Nam chứ không phải của cái đảng CS. Cái đảng nầy như cơ quan quản lý. Quản lý không xong thì để người khác quản lý chứ đừng lỳ cái mặt bám ghế làm cho đất nước ngày càng lụn bại tàn mạt. T",2
đíu tin được luôn =)))))))),1
Nói như shjt làm nô lệ cho bọn nào cungz khổ cả ... Tự thân vận động,1
cái đụ má lỗ gì mà lỗ hoài z,1
Tất diên,0
"học dối - học giả...kiến thức nông cạn, phát biểu nông nỗi!...Japan Technology thương hiệu toàn cầu mà đi chê bai !!!... làm ảnh hưởng đến quan hệ hữu nghị hợp tác với đối tác Nhật Bản...Ai làm được việc- người ấy có lý!!!...đằng nầy công nghệ xử lý nước thối made in Hà nội của nhóm lợi ích chưa làm được gì trong khi $ tiền thuế của dân đã đổ hàng bao nhiêu tỷ bạc vào mà nước thối vẫn thối!!!...",2
Người ta ra biết bao công sức tiền bạc. Mà giờ nghe nói như vậy như thay lời cảm ơn.Vãi lol thiệt 😏,1
Cái lùm má,1
Câu Fame vớ vẩn,1
Đời mà chii,0
A live stream ở đâu đấy anh. Em là fan mới xủa a ạ,0
Vì thuế,0
"Nail là 1 nghề như nhiều nghành nghề lương thiện khác nhưng dưới bàn tay đen đúa của Tuyên giáo nó thành 1 cái nghề thấp kém, hạ đẳng. Nghề nào cũng để kiếm sống, nuôi sống gia đình, phục vụ xã hội cộng đồng không phân biệt giàu sang hay thấp hèn. Bản chất của CNCS là bình đẳng bác ái nhưng những hiện nay họ đang thực hiện hoàn toàn trái ngược.",1
Lắm tiền mà đéo bh chịu làm even cho học sinh,1
Đĩ quýt Tiền nhìn mat hãm,2
Gi oi.gi de thuong qua.,0
Abe chơi dơ,2
"Thanh minh cho Trần Dần, Trần Dần không bị mắc covid 19 đâu, bác sĩ chuyên chữa bệnh thần kinh, kết luận, Trần Dần chỉ mắc bệnh tâm thần thôi, bệnh này hay ăn nói linh tinh bừa bãi, bậy bạ lắm,",2
Chi 3 cai gi cung co nhung cai lờ la chi 3 hét kiếp nay cung k bao gio co .,2
"Bọn này vô học, lại thích khoe khoang để lấy thành tích, viết những câu chữ tối nghĩa.",2
Ý kiến cái củ cải . Lên phường mau,1
Xin,0
Nha ba nay o gan kho dan no banh xac,2
Liên quan gì mỹ bảo vệ vn?????? câu chuyện đó phải nói là mỹ bảo vệ 3que nhen hông,2
Nguyễn Sơn Hà dến mệt :))),0
Lữ Văn Thánh như 1 con bò 🐂 thuyết phục clmm,2
thấm vãi l*n :'<,1
Em sẽ đến đơm cái lỗ nhị thầy đêm giáng sinh🙃,2
Bọn dâm loạn viên đc dạy nói xuôi nói ngược mà lại =]],2
Đ*o hiểu lun,1
Ý thức như l dị đó,1
Nhanh chậm cái địt mẹ mày,2
Idol ng sản xuất IPhone 11 mang tên Độ Mixi :)),0
"đưa ra rồi mấy thằng bác học, mấy thằng tiến sĩ thạc sĩ nhục cái mặt làm sao ? đưa ra rồi còn đâu dự án cho mấy ổng ăn chia nữa, xời dễ hiểu",2
Ngộ l ghê ta ơi,1
cà khịa t chém,1
Bộ tài nguyên và môi trường chết mẹ đau hết rôi?!,1
Như thắng dien,1
dm ho chi minh,2
@Anh Nguyen Tuan biến con mẹ mày,2
Game là dễ 😂,0
Hightlight của abe là cái ngu của 5 tk kia đó abe :)))),2
Sống như lồn ok,1
Anh nói rất là hay,0
"Vãi lồn, facebook từ 2009 tới 2013 mới bắt đầu chạy qc mà nói live bán 10 năm nay 😀 có xạo lồn quá không dạ",1
Ai thích bé này hơm :)))),0
1 con chó điên đã vào sủa và cắn....,1
Nguyễn Thuận ý kiến cá nhân thôi mà thử sáng tác cái mã bố nhà m à ?,2
Cáu vl,1
"Thật ác độc quá đi,ảnh chỉ mất show thời corona ạm thời thôi",0
"Không phải ai khuyết tật cũng bán vé số hay ăn xin , vẫn có thằng khuyết tật đầu ngoẹo sang một bên vẫn được làm quan thái thú cai trị một dân tộc đó !",2
"Mấy em cứ quăng miếng BVS ra đây, rồi xài cái hiệu gì... Chị 3 tài trợ cho xài tới mãn kinh luôn.",1
Phim đc vl mà thấy chê nhiều nhở. Thót tim vl.,0
"Đánh con mẹ gì trúng 20k, xao lol :))",1
Đức Mạnh Cứng clmm,2
"Lạc hậu, nghèo đói , trộm cươp...thời đại rực cmn rỡ",1
Đào Mạnh An bên đấy nó vẫn coi đay là cúm bt thôi tự mua thuốc về mà uống:)),0
ơ mất fan cưng r:(,0
Chả hiểu cái mẹ gì luôn,1
Trần Ngọc có trc tết luôn mừng á,0
Xao lol ma noi ko so meo mieng nhi,2
Ghi Ta chúa said : ta tha thứ cho con,0
Con cac,1
Nó lại được vãi lòn,1
Lời tiên tri,0
lý phục vô thuyết nhưng nghe lí hợp =)) ~~~,0
Ngoài những giáo án xịn sò thì đây là những gì anh em ta sẽ tiếp thu được từ thầy. Cám ơn thầy và xin đuỵt mọe thầy =))),0
Giáo án cc gì đây,1
:v có ai đó cười ở đằng sau,0
Như lol anh ba,2
"Ko phải chê gì chứ khả năng win của sbtc quá cao. Sela kidz clear vs petland toàn những thanh niên chuyên nghiệp try hard vkl sao những ""ông già"" bên kia chơi lại. Còn thầy lồn thì t xin mạng phép bỏ qua ko nói tới coi như sbtc 4 đánh 6",2
Chính phủ Nhật xin vái đcs VN 1 vái dài vãi đái :))),2
clm cuoi ia,1
abe dạo này nóng quá à hoong quạo nha abe . số abe nó mở ra zị thôi chửi cc nè abe,1
Nổ quá bà cụ ơi,2
Gnauq Ueik em tú sờ mai,0
Mà nó lại rất ưa là dethuong,0
Sống chậm lại nha mấy má,0
Ngáo thế,1
Con bóng??,1
"8000 like đó là phần nhỏ trong số hàng tỷ người dùng Fb của tàu , suy ra số lượng óc chó của nó ko đáng kể :v",2
như cl,1
A tuân hỏi chu cà mo la gi lam e cười mn xỉu,0
Ở đấy ngột ngạt mà còn đi lại được :)) ở chỗ kia thì đeo có cơ hội đi như vậy đâu mà ngột vs chả ngạt hihi,1
Pikachu !!!!,0
Đờ mờ cuộc sống,1
hết thời xuống núi lấy thun búng l*n :v,1
Nghe đâu thằng ad là dân Bắc. Nó mún ngửi đít miền Nam mà ko được nên tức ấy mà,2
Nhìn nhà tiên tri vủ trụ trần dần giống con chó quá trời luôn ta ơi .,2
Phàm :)) vlon thanh niên,2
Đéo còn gì để nói ;(,1
Đm cái đầu b gì cũng tăng ...đm,1
Lừa dối khách hàng,1
Cảm ơn cc,1
Từ từ 😂😂😂😂,0
Trần Sang tự nhục ít thôi,0
"Đéo hiểu nổi style kiểu gì? "" con c* hưng phấn "" hay gì?",1
đã đảo Hàn xẻng bị CS mua chuộc treo cờ máu!!! bên cali mà bắt chước treo thế này chắc nhiều ông bà đứt gân máu tăng xong chết quá 🥶,2
Thằng nào mạnh chẳng muốn ăn thằng khác. VN lúc có quân đội mạnh tí nữa thì nuốt đc thằng Cam kìa :)),2
Có tiền đâu mà sửa soạn chị,0
Già mà non,0
Cc,1
Loại này thả nó và khu bảo tồn thiên nhiên cho về với giống loài của nó chứ ng Việt Nam ta có cùng giống loài vời hắn dc đâu🙂,2
Con tìm Zalo cua Dì Ba ma con tìm k đc.0898056415 Mobi.,0
Nguyễn Trọng Hiệp cấy tội xl,1
Chi 3 có lồng đâu mà chùi,2
Loại này phải cách ly vĩnh viễn,2
Ghép như này ác quá không thầy,0
Tin tức như cc,1
Đờ mờ cuộc sống,1
"@AK47 AK47 ổng ko đồng ý thì kệ mẹ ổng,thích thì lấy hình ra chế giễu kêu ổng về kiện đi",1
Đẹp quá đi,0
Nguyễn Loan ý anh ý là thịt a đi e 😝,0
Phi Quý dầu thơm mùi nhức đầu chết mẹ =)),1
Cô yêu của tụi conn,0
Phò thì sao? Nó ko ăn trộm ăn cướp. Nó cũng ko lừa đảo của ai thì có gì đáng khinh?,0
Noi giong biet dot nat k dao duc,1
dạo này pản động nhiếu quá mấy bạn bò đỏ ah :D,2
Nguyễn Văn Huân sống chậm làm đéo j,1
Cái con này nghiệp nặng quá anh iu á 🤬🤬🤬🤬🤬,2
Đĩ già khùng,2
Tàu Hủ bản lĩnh lấy nick chính ra sủa nữa đừng lấy nick face clmmm,2
"Tao thấy mày giống sát chết đang ngồi quán, con quỷ ơi",2
Hay ho đéo j bài này. Hay lại câu like mất facebook,2
Trần dần sợ chết nên hồi hướng,0
vay cho con cháu du học xây nhà mà :v,1
bản chất thật của bọn Cơm Sườn ngày càng được công khai lộ liễu không còn dấu diếm như thời gian trước.,2
Tham nhũng đang rất ổn định mà 😂😂,2
Nó đéo phân biệt được giọng miền Trung với giọng Bắc. Các anh miền Bắc bị Oan rùi kkk,0
Tội nghiệp ông Hùng với bà Tư Nha quá. Biết tới cô là clip ông Hùng đụ bà Tư Nha nín thở..,1
Con C.A nhổ nuoc bọt voi danh dan thì xloi song huề,2
Trend này về VN ra đường dơ lên cái lại thâm mắt 🐒 các idol bậy quá.,0
"Chính cái bản chất tiền là trên hết kể cả bán rẻ lương tâm, đạo đức...thể loại văn hóa rừng rú không có gì là ngạc nhiên khi đặt chân đến xứ sở lừa.",2
"T coi t tức ghê, t làm biếng coi hết ghê",0
"F1 là fake loại 1 đúng ko, bán hàng fake là vi phạm pháp luật rồi, nói gì nhiều, kêu công an cồng đầu liền xem coi có già mồm được nữa không",1
Clm nó dơ như chó rách,1
Thế mày ăn rồi ỉa k đc cũng tại cs á,2
Bị khùng r 🤪😨 Nói tiền nhiều mà giựt tiền cô minh hiếu 🤣🤣,1
có cái nút unlike mà bấm rồi phắn cmmd,1
"đúng là cái dân Bắc Kỳ, tội này là do Đảng cả - ad cho hay :3",2
Nhớ dắt susan va poppy theo nha thầy,0
đây là một vấn đề hết sức QUAN NGẠI,1
Trend qq gì mà lạ lấm. Cãi lộn cát không,1
"Xàm ghê, có miến ziên nào chết liền , tự nhiên so sánh với Lisa",1
Gặp máy chị Ninja thì né luôn. trước mình đang đi lúc tắc đường có mụ đi giữa đường rẻ phải vào mua hoa quả luôn k cần xi nhê gì. :3 tức mà đéo làm gì đc bác ak.,2
"tự kiểm điểm, có cái éo đó cứ làm hoài",1
múa như cái biệt danh Susan : Chó :)),1
nghe nứng wá thầy ơi,1
Trèo cao ngã đau nhé thầy ngu,2
Là sv hay người ?,1
Ôi đm 😂,1
ở xứ xở thiên đường phải z chứ,0
Nhac nghe chan vl,1
Tao lao,1
E muốn chơi PUBG mà k có acc. Anh chị nào giúp e với,0
Này là Đế quốc quẫy muốn chết chứ ở đó rẫy chết :)),2
"Văn hóa xứ Bắc hà có khác, thô tục",2
cực kì thuyết phục😃,0
Thầy Giáo Lu vcl thấy giáo lu =))),0
vcl haha,1
Be de roi lai con lam chuyện,1
"Làm cái đéo gì thì làm đừng để ng ta nhắc đến VN là gắn với từ ""ăn cắp"" :))",1
Trần Công Luận đem đi tử hình cho nó lẹ phạt chi cho nó mệt,1
Cay vãi c***,1
Cái lozz cát không.,1
Ơ cái đ ịt đang ngủ mê bị mẹ chửi bỗng zưng fb tn kêu mở za xem thấy cái page chửi thuê đọc vài tí nghe vui tai vãi lìu tóm lại là a xẽ đưa thắm zô idol,1
Lúc đi rất buồn lúc về rất khùng Ngô Ngọc,0
"Đang họp nhưng kín, éo cho phóng viên vào. ĐM.",1
Chuẩn. Có nhiều người giỏi cào lồn ăn vạ lắm :))),1
Lại đéo cayy đi,1
Chị trang điểm kiểu này nhìn cứ như gái 18 luôn á ta,0
"Tui ko cần biết Fomolsa làm cái quần què gì, tui ko cần biết thằng nào làm cái gì ? Trước mắt là phải khắc phục hậu quả, số cá chết nhiễm độc giải quyết làm sao ? Ngư dân vùng ""biển chết"" làm cái nồi gì sống ? Người dân sống trong vùng này sinh hoạt, ă",1
Hơi rộng,0
Hợp thì mình cưới thôi anh :))),0
Lên anh eyyyyyyyy,0
Được luôn bố chồng ạ ❤️,0
Vãi cả vi trùng du học.😂 😂,0
Dùng nó chửi cho sml ak,1
Loại này thả nó và khu bảo tồn thiên nhiên cho về với giống loài của nó chứ ng Việt Nam ta có cùng giống loài vời hắn dc đâu🙂,2
"Mỗi lít xăng, mỗi gói xôi bao nhiu tiền thuế !?",0
Nói chuyện vừa dễ thương nghe quen tai hợp tính 🤣,0
"Moá, quái thai",2
Rất tiếc ông chọn nhầm cái đãn chó chết để phục vụ,2
Dm pr game nào để t còn chốn,1
Con chó điên,1
Tiến Chiểu chúng giàu có thiệt nhưng có giúp đỡ ai đâu có gì là chúng nó bay đi trốn hết ak,2
Nhạc với nhẽo . Nghe mấy bà cúng bái nói còn hay hơn =))) .,0
liệt dương luôn thì còn làm ăn được gì nữa,0
Kiếp bóng gió sống được lâu năm mà sao ko giữ được cái nết vậy...,1
tao nói thiệt ... tao vẫn xem tin chúng bây hằng ngày và hằng giờ.. nhưng sau tin này .. tao éo xem nữa .. lũ óc chó,2
Huỳnh Chí Tính CLMM CHỔNG MÔNG LÊN,2
Ý thức để dưới đít à,2
Lú luôn,0
"Phải nói cho rõ là Chính phủ tặng chứ thủ tướng lương có hai chục triệu thì lấy đâu ra tiền mà tặng, thực tế thì ông cũng ko bỏ tiền túi ra!",1
Quảng cáo con mẹ nó quảng cáo hoằ,1
Bệnh của m còn nặng hơn ung thư đấy thằng ngu ạ,2
Lựa cái đầu buồi ABe nè,2
Trời ơi miệng dì mà như cá lóc chùi đít vậy oe,2
"Ồ ,tự nhiên add làm e nhớ mấy ông áo vàng cho lính đánh xe taxi chặn đường để bắt sai làn :)))",2
"Nhị Thắng ông a chốt hạ câu lên top luôn,vãi cả nồi😂",1
Vẫn chưa què bằng nhân cách của anh🙂,2
Tiểu Faker =)),0
Trong những ng biểu tình dĩ nhiên có những ng đi vs cái tâm rất tốt,0
Nguyễn Văn Huân sống chậm làm đéo j,1
Quần gạ chịch à,1
Già mà dơ,1
Like đầu 🤣,0
"Trước tôi cứ nghĩ rằng chỉ có quân vô lại,trộm cướp mới phải núp lùm chứ?Ai ngờ thế sự nhiễu nhương trộm cướp công khai còn......thì núp như chó.",1
"Hot girl ống tinh đi, nghe vui tai hơn",2
Sống như lồn ok,1
Hoặc do xe vinfast dễ gây tai nạn cho các xe khác khi cùng lưu thông; Hoặc chính quyền dùng quyền lực xoá lợi ích người dân để phục vụ cho lợi ích nhóm?,2
"Hmm, Trời đã sinh ra Tuấn tại sao còn sinh ra Tiệp :( haizzz",2
Team Xanh vô phá nhà team Đỏ mà team Đỏ không dám ra team Xanh bá đạo thật hâm mộ quá ka ka,0
"Cắt giảm nhân sự thì có nhà vẫn còn cơm ăn, còn k cắt thì tất cả đều phải nhịn. Mấy thằng nói đạo lý chắc mới bị đuổi việc :)))",0
"3/// tới Vn dạy vc về lại bưng , dùng 3/// xỏ lá để dành chùi rửa lần",2
Có thêm vài người như nhung thì toang.,1
"mịa, bao nhiều đời đéo dẹp được, ông Thăng lên được mấy tháng thì dẹp thế đéo nào ngay được, nói ngu vl",1
Cmt nhớ mang theo não nha :'(,1
Toàn Trịnh nó tốt hay ko thì kệ mẹ tụi nó,1
Chậm thôi cưng à :)) Despasito,0
Anh ba láo nháo là Tú xiên giờ,2
quan trọng là dân đéo tin vào chúng mày nữa chứ ko phải là sợ chúng mày lạm quyền trưng dụng,2
TD yêu quỷ nói chả đúng gì cá,2
"@Bình Nguyễntôi biết mà bạn , chửi sỏ nó đó , chứ nó sao đẻ được bạn.",2
Tung ra làm j anh độ đã liên hệ ban tổ chức r mọi người cứ việc bắn tiền nong với a độ komquan trọng,0
Má nó đau tim vl các ông ạ,1
Mùi gì thế Sói,0
lolzzzz,1
Bắn bỏ nó đê,1
Ngô Hiếu Giờ cmt ảnh này là bị ban chết me đấy ông ạ :v,1
Bạn đã đủ 18+,0
Yến Hà hình cánh hoa nha 😂,0
Nếu kiếp này mình không duyên không nợ thì đụ nữa đi anh,1
"Hiệp Đinh m muốn đi hiến máu giúp họ, nhưg khi hiến rồi mới biết bị nhiễm thì sao hả thằng bàn phím , đầu to mà óc cứ như củ cứt 🤗🤗🤗",2
Kg hiểu người có não kg lúc khỏe ăn chơi nhẩy múa sứ người chê bai đất nước đến lúc gặp họa thì chạy về quê hương đúng là lúc gặp họa mới biết đất nước nào là ân tình,1
Clm...:))),1
Các mày dạt ra cho tao quỳ với :'(,0
"Đổ đổ cc, ad bộ mày muốn cưa chưn rồi bà bộ trưởng đến thăm mày rồi đổ thừa cho cái số à?! Đm, khôn thì im đi nha, tụi nó không có lương tâm đâu, sẽ hiếp nắng mày cho tới chết đó, ý tao là ám chỉ mấy thằng dư luận viên kìa.",2
Thằng này là thằng điên chứ gì nữa,2
"Tại sao có nhiều người, không phải chê mà là chửi :",0
Tin tức như cc,1
"Nguyễn Việt Nam , Ủa cứt 🐕‍🦺 vàng 👈 mới biết đó nghen. 🖕",1
Nước hoa đểu lấy đâu ra xịn :))) Hot girl méo gì nhìn xấu vkl thề :))),2
Hoàng Đức Ngọc joke cái lồn chứ joke =)),1
"mấy đứa đừng khen thầy nữa nha, thầy không thích vậy đâu",0
Chắc trong chuyện vui có liên quan đến bú ku 🤣🤣,1
Đéo biết game phải để giải trí không nữa 😂😂😂,1
Rút kinh nghiệm là lại đc sài nghìn tỷ .,1
ác mộng của cuộc đời là cà vào mấy con chửi thâm. nó chửi ko ngóc đầu lên đc :((( khóc mẹ mất,1
"Hiểu pê đê nhục, miệng sửa như chó, đầu ngu như bò, bạn thân bóng vàng mã dơ kkkk",2
Mày Bố láo ông băn mày bây giờ,2
Đau chứ,0
Phan Mạnh Cường hâm à. Thế là loạn lên hết đấy,0
"Ko biết từ khi nào mình không màn chuyện chính trị nữa, chuyện gì đến thì kệ mẹ nó cứ làm việc mình đam mê",1
794299314,0
Thứ giật tiền Minh Hiếu,2
Hay lắm abe,0
Đm chị tao bị mất gần 700tr. Có cmr ghi đc hình ăn trộm nhưng cũng botay :v,1
bất đồng chính kiến là tụi thân trung cộng ghép tội VN phản động.... khốn nạn bọn chó+svn,2
Con thần kinh,2
"Đã là người có tiền thì đi du lịch cái lúc k có dịch thì đi đi, đến lúc có dịch thì lại đéo hiểu luôn",2
Tàu Hủ bản lĩnh lấy nick chính ra sủa nữa đừng lấy nick face clmmm,2
Cởi thì cởi mẹ ra không thì mặc mẹ vào 🙃,1
Tiên tri gi gọi là tri thần kinh,1
Đúng là 1 con quỷ đầu đàn của mu :)),0
vualonemlabaonhieu cm,1
Ok thay,0
Định mệnh rùi nay là mùng BA,0
Đố anh bắt được em đấy 🤪🤪,0
Vài bữa nữa cty Lục Tỉnh ra thông báo xin lỗi Xanh Bôn thì lại hài vcl 😂,1
Hồ Thị Trúc Phương hôg sao..khoảnh khắc huyền thoại khác sẽ ra đời 🤣🤣,0
Giọt nước tràn ly đi.. hãy ra nhiều luật vice lone hơn nữa. tôi ủng hộ,1
Bọn Tàu chó má,2
biến đi nghĩa,2
"Quăng mẹ xuống cho rồi , ông già nuôi tốn tiền bỉm sữa vl",1
Vl anh ơi 🤣,1
"Trông khổ vãi đái, mong bác quay về với tổ quốc 😢",1
"im lặng nếu không muốn bị điều tra , đây là vấn đề nhạy cảm :v",0
Ai trả biết a lắm tiền. Lắm tiền đi du lịch tha bệnh về. Chứ cứ ở quê như e chăn trâu cắt cỏ nuôi cá. Làm sao mà nhiễm bệnh đc. Bệnh Nhà Giàu là thứ bệnh mới,2
Test,0
Thằng mặt l này đi trên đường tưởng thần kinh đấy,2
"Chiếm đoạt tiền dân thôi. Giờ toàn thề thốt chơi chữ. ""tặng quà"" chứ không phải là hối lộ. Thằng cựu bộ trưởng đổ thằng thứ trưởng, thằng thứ trưởng đổ thằng bộ trưởng. Một lũ lãnh đạo mà thua thằng giang hồ ra tòa hay những người chân chính bị bắt vì ""chống phá chế độ""",2
Nghỉ hè luôn,0
Nhân vật phụ mà lên hình to vậy abe 🙂,0
Ông này có vào ăn bao h ko nhìn quen quen Lê Lê Thị Kiều Ngân,0
dm ông nói phét à 🙂 cái vòng cổ đã quá 2l cụ rồi,1
"Chưa bao giờ nền giáo dục được như ngày hôm nay, học sinh nữ lột quần áo đánh nhau ngoài đường, học sinh nam đứng cổ vũ, thầy giáo giao cấu với học trò đến có thai, cô thì đánh học sinh đến nhập viện cấp cứu, học sinh ra đường như du côn, đánh nhau như phim kiếm hiệp, đấy gọi là hạnh phúc hả ông?",1
Tủnn Tủnn phục l4`n,2
"nhìn bác tôi chợt nhớ tới những tượng đài nghìn tỉ đồng, cụ Hồ ơi sao cụ không sống mãi để lãnh đạo. thối nát thối nát.",2
Xin Quỳ,1
Vcl anh tôi múa xịn thế 😂,0
Linh vật đại diện thầy ba:)),0
From Mixigaming with big big loveeee,0
Trend Hàn quốc học mót Việt Nam 🤣🤣🤣,0
Xau cai mieng nhu cai lon nguoi ta cco thang,1
Trần đức bo trần thanh tâm trần đòn,0
Haha lại ba que xỏ lá,2
2 người vui biết bao nhiêu:)))),0
Cc j zay :)),1
Chi oi chi dong lê thuy đep pua 5my,0
Còn Samsung thì đòi đem 700 kỹ sư nó qua mà không muốn bị cách ly suy nghĩ óc chó vẫn tồn lại ở người hàn,2
Đcm tướng mà giờ chơi loto để hy vọng. Vãi cả ...,1
Má bữa giờ tao tưởng ông ba là ng cha mẫu mực,2
Sống chậm thôi các ae,0
Mọe cái loại trai đéo phải nữ cũng không. Xàm lol quen,2
Bớt gáy lại nha abe,2
Không sao,0
Về nhà nhớ treo ảnh thờ t cao hơn tổ tiên nhà chúng m nghe chửa <3,2
Chuc cô van su nhu y,0
Thầy em❤,0
"ủa ngộ ha, 5,6 ng chơi thua hết mình A2 ăn hà ta",0
Trần Diên Dưỡng xịn vl,0
Ở Việt nam người ta kêu bóng khùng,2
✪ Quản Lí Fan Cứng,0
Trước khi làm gì cũng nên lắp não vào rồi làm gì thì làm chứ. Để não thành hoá thạch à,1
"hỡi đồng bào ( người dân cu đen vn ) đừng có tin và nghe lời của kẻ đang cầm quyền lãnh đạo toàn trị + độc tài + hút máu chúng ta.Vì bản chất chúng là LOÀI THÚ HOANG,+điên -lên đã quyết bảo vệ quyền lực phạm hạnh PHÁT XÍT +PHONG KIẾN CỰC ĐOAN VỚI TƯ T",2
Chỉ chịch xã giao thôi =)))),1
2 tầng 53 tỷ. Vãi nhồn,1
Uốn cho tỉnh đi thầy =)),0
nứng nứng,1
Nhìn là biết xạo lồn rồi.. hình như đàn ông mà,2
"Cs cha , Cs con , Rận cha, Rận con ...ai đúng ai sai thì cũng chỉ là mỗi người nghe từ 1 phía,đéo có gì là minh bạch. Kẻ thắng làm vua, thế thôi !",2
Chao chi 3 vang Ngọc,0
Hai chi em ba nay mat dai an noi tuc tiu lon roi an noi mat dai hai chi em may no khoe,2
Hà Lội TP đáng sống nhất ..... VI THẾ CÁC BẠN BAKE ĐUNG ĐU CÀNG VÀO NAM . CU Ở NGOÀI ĐÓ MÀ HIT KHÍ THIÊN ĐUONG,2
Đầy ông kinh doanh bây h thờ Quan Công chứ đéo ai xăm và thờ Thánh Gióng =))))),1
Phan Mạnh Cường sao lo mong nhà mày chết bớt 1 ngày đi mà rủa người ta chết vậy óc,2
Mều Siu Nhơn why :))?,0
xạo lol quá má ơi,2
Nghe như l,1
"Tại kỉ năng xạo loz của thầy tăng lên , nên học sinh chăm chỉ hơn á thầy 😁",2
Duy Nguyen night nay eat egg tea nha uncle Duy,0
Em yêu thầy và yêu các bạn nữa chung lớp nha dấu bé 3,0
"Trần Huỳnh Như rồi nghe nhiều chuyện buồn quá cũng k tốt nha,đang busss cuuu tự nhiên nghĩ đến chuyện buồn xong là khóc ròng rã😅",1
Chắc Tiệp nghĩ Tiệp là hạng Thượng đẳng :)),2
Anh vừa nói cc gì vậy Abe :D??,2
Thèn em tui cũng bât kịp trend rồi 🤣🤣,0
Lê Thư bớt ngu,2
Hồi đấy thấy khánh phương đẹp trai nhất trong nhạc trẻ,0
Nhanh vcl,1
"Đào Bảo Khánh ""sẵn đồ bú nhiều đâm ra ngáo""Anh nhỉ",1
Dễ thương và duyên quá Cô ơi. Love Cô.,0
Chúng nó đéo còn gì để làm mà nên mới sống nhanh với sống chậm :v,2
"Chia địa bàn là có thật,đất có Thổ công,sông có Hà bá.sợ nhất là những khu đất vàng dân ở bao đời cũng phải nhường cho ""giải toả"".còn lấn biển,phá rừng...thì bạt ngàn nơi nơi",1
Trời ơi ! cái con này kêu giang hồ tìm nó đánh cho nó tet mo nó . thấy nó chửi mà ủa gan,2
Ông im mẹ mồm đi :))))))),1
Địt mẹ tụi trung quốc,2
Chúc ac và Sói + Sói f1 nghỉ lễ vui vẻ,0
Tưởng Nhật Bản văn minh thế nào,1
Mẹ mày. Đang họp đấy bọn ngu,2
Cái miệng linh cá lóc ik hệt cái lồn,2
"Mai Han Le Ngoc, Võ Thế Nguyên, Tuấn Anh Nguyễn Thị nhớ nha hônnn hihi",0
Ấu my fuckboi,1
Anh sinh viên nghèo Hải Phòng và Con cave già Sa Đéc !,2
Cô 3 em chúc cô 3 nhiều sức khỏe. Em nguoi ca mau,0
sale cc à thầy 😆😆,2
coppy anh3 clmm tao rip chet me may,2
Chắc Tiệp nghĩ Tiệp là hạng Thượng đẳng :)),2
"Dang gi thi Dang, dem lai DôcLâp ThôngNhât DâtNuoc, co ngày hôm nay là môt Suc-Manh duy-nhât co môt không hai cua Thuong-Dê ban cho, rât qui-bau con qui hon hêt tât ca kim-cuong, vàng-bac.",0
Ăn mặc còn thua ng ăn xin,1
"Không thấy CS đâu hết, thấy có 3 con chó. Có ai giống mình không ?",2
Pháp luật cần phải có những biện pháp xử lý mạnh những trường hợp ngn,0
t k nuốt nổi thời trang,1
"đéo chấp loại này vì nói gì nó cũng vậy thôi, ae kệ nó đi, chắc nó là bảo vệ ở đó đó :))",1
Khịa vl :)),1
Lê Hà Thư cái lol j đây,1
"Ko lẻ bất cứ nước nào nhận lao động nước ngoài thì nước đó trình độ kém?? Ngu vl. Ngành luyện kim: mổi cty mở ra đều đưa nhân viên ra nước ngoài thực tập( chủ yếu ở Trung Quốc), vì chuyên môn yếu với lại thiếu chuyên cần, bất cẩn. Các nhà thầu TQ hầu n",1
Xàm lồn vậy luôn sao,1
Chống tham nhũng ở ViêtNam như kiểu con Mèo ăn miếng mỡ thì bắt được còn Còn cọp ăn con hươu thì đeoa bắt đc,2
"Cái qq, đem clip đi kt liền",1
Du ma nguoi Vietnam sang my khung het tron,2
chuẩn là ngon ngọt nước luôn,0
ngon vậy ư?? hàng nk ngonn lànhh mà,0
Thang khung,2
Dễ thương thiệt,0
Đéo có kicm vao cay view ae oi,1
Khá Trần có những người tai trâu. nghe nhạc theo số đông nhạc thị trường. thấy ngta khen hay thi cung khen. cha biết đên tầm này tháng sau còn biết đên bài này la gì không nữa.,2
Nguyễn Thanh xin vid vs bạn ơi,0
Tổ chức đám tang . Toang rồi .,1
Câu cữa miệng đụ má nó 😁,1
Đưa về VN bằng máy bay riêng thì nó ở cái tầmmm :)))),0
Sô bít càng ngày càng xàm cái giống gì cũng lên sóng,2
Mỗi lần train là ổng petland đi ăn ngập mồm mới về😂,0
"Đừng lấy lí do trời mưa nên ko stream đc nha anh già , anh trốn việc hơi lâu r đấy =)))) kệ con mẹ giải đi , mấy giải Thái Lan ai mà thèm , em chỉ thèm giải ao làng của anh thôi",1
Cánh hoa bên đấy là l** bên đây 😰😰😰,1
Thế clg đây :v,1
giới trẻ bh thật khó hiểu 😅,0
Đù mẹ.,1
Ba khùng nữa rồi,2
Duy Nguyễn phục cái máu lồn,2
Cay vãi c***,1
Đừng chê tiểu tiểu😄,0
anh Lân ơi còn ông ngô kỷ thì sao anh,0
"Tụi mày tuổi lồn, nói thế cho nó vuông",2
"Tiền nào của đó m.n ơi,hay bỏ tiền triệu ra mua xài thì thơm suốt tháng.",0
Ý thức như qq,1
Con này nó mà về VN thì tập xác định. Đúng là thật khó mà tha thứ được.,2
Thanh Thảo quần què nầy 😪,0
Bọn đấy ngang với đa cấp đấy tàn mồm thầy cúng,2
Đéo 🤣,1
"THP sai thì tẩy chay, còn tml này cũng hay ho đ' gì, nó mà ko bị kiện thì cũng ngậm tiền rồi kệ con mệ tất cả bọn mày uống nước đái ruồi , bênh ngu vlllll",2
Ncc,1
"Đã đi xem và thấy nó đéo gay cấn gì cả, chỉ có hiệu ứng âm thanh âm thanh là ghê. Có lẽ bộ phim mang tới cái triết lý nào đó",1
"Không thể tha thứ cho loại mat dạy này,",1
"Năm ngoái thì vườn rau Lộc Hưng. Năm nay tới Biên Hoà. Nếu dân Việt Nam không đoàn kết, đồng lòng như dân Hồng Kông. Cuối cùng sẽ không có đất để chôn thân. Vì CS sẽ giao hết cho tầu cộng rồi hạ cánh an toàn ở nước ngoài. Người kế tiếp mất nhà.. chính là bạn.",2
Phúc Báo dịch thì sát đít mà đi du lịch như đéo có chuyện gì rồi mang về Việt Nam đéo hiểu mấy đĩ nhà giàu này,2
"trinh thu. Mỹ ác hơn tàu chứ bạn ơi , có lẽ bạn kg biết lịch sử chính phủ Mỹ .... nó gian tiếp kg trực tiếp như Trung Quốc ...",2
ổng nầy dc đánh giá là làm việc nguyên tắc cứng nhắc.,0
Nghe mà muốn đập cái đth đm :))),1
Có não thì nên sử dụng chứ cứ để nó đóng thành bê tông thì lại phí 😒,1
bản chất thật của bọn Cơm Sườn ngày càng được công khai lộ liễu không còn dấu diếm như thời gian trước.,2
Giống 18 thế võ bác Hồ quá ta.,0
"Theo ý thằng ad là: cứ hùng hồn qua trung quốc mà bảo: mày xả đập cho tao, ko tao sẽ ném boom mày. Ad mộng du",2
Giàu vậy sao đi lường gạt tiền người ta rồi hổng trả vậy chị ba? Miểng nó văng tùm lum luôn kìa,2
Để hình con chó con heo bình tùm bậy tùm bạ.:))) Chửi anti thốn vl,2
Tiên tri vũ trụ à! Ta là cụ tổ của Tiên tri vũ trụ đây! 2020 Tiên tri vũ trụ sẽ chui xuống đất ở nhé!🤣🤣🤣,0
Nghèo bày dạt nỏ.bién di me oi,2
"Ai cũng biết. Đã là chửi thì chửi thẳng, vòng vo nói nho nữa thì đổi tên page đi. Đậu má rau xanh.",1
tay cô gái to vl =)),1
T k thích k ưa mẹ này.... Mà dx cái chưit ngta nghe hài vcl bù lại củng đỡ 😂😂,2
"Chương trình riết nhảm, bế tắc. Mời bọn tục tỉu, vô văn hóa lên tv.",2
Caiditmemay,2
Cái con này sao xe bắt chó kg bắt nó giùm cái,2
9x5= 2001 nhé:)),0
Ĩ khùng 😑,1
Con này chắc ko dc di học,2
Cho xin fb a châu đi,0
Bố mấy con bệnh....dcm chúng mày.Làm bố đau cả cứt,2
Sao lại có những người khốn khổ tại thiên đường này chứ. :(,2
"Lương VN là cao rui, tăng thêm dân giàu sao :))",0
nứng nứng hóa,1
Bài này k hay lắm,0
Cực kỳ thuyết phục!!,0
Xàm quá. Đó là phá hoại chứ giỏi cái gì,0
nghĩ mà chán ...!!!,1
Nhìn khó chịu vch.,1
đây bạn :))),0
thằng ad này não bị delay 3 năm à :)),2
Chậm thôi các ông...,0
Tuyệt vời,0
"Thằng Vẹo lúc bố nó phang mẹ nó thì mẹ nó nghẹo cổ trên gối vì phê, thế là đẻ ra nó cũng Vẹo cổ theo. Đứng Vẹo, Ngồi Vẹo, lãnh đạo đường lối Vẹo",2
Con nhà cộng nô có khác . Dân có mù có điếc cũng biết cái quân cs nhà nó là lũ bán nước hại dân . Thấy MC PHAN ANH đc nhìu người mến mộ thì nó đi cắn người tốt,2
chiich phu tran dan.bi cach ly car chisnh phu.,2
clm =)),1
Bìnhh Tây's phẩy ét=)),0
919.495452,0
Luc óc chó này ăn lắm cứt quá,2
Minh Hoàng ghê ghê. Top r ông êi,0
"Ad hãy tìm số báo nào của báo quân đội khi viết "" ba-rách ô-ba-ma"" và ""đô-na trăm "". Vãi báo",1
Người Việt mà đéo được về Việt . Đâm đầu chết mẹ đi cho mấy mà vừa lòng .,1
có anh oiiiii :bb,0
A làm e nộp đơn xin nghỉ việc cmnr và cái kết dkmn rồi sml ra “Cực kỳ thuyết phục”,1
Lưu Thị Phương Thảo Trong Nam cũng sợ quá đây cô :((,0
Sao lon dung la mieng cho k the moc nga voi,2
Chúng bắt đầu cho báo chí đổ tại người dân dọn nhà đón Tết gây ra ô nhiễm kìa,2
Họa từ miệng mà ra,1
Đá đấm chi nx tời😅,0
Thằng Trung có con *** to lắm,2
Lê Hoàng,0
"Hết anh Chung,HN lại tự hào thêm vụ y đức của chị Tiến ruồi_Bệnh viện đa khoa Xanh Pôn gian lận kết quả,bớt xén vật tư khi xét nghiệm HIV & viêm gan B cho bệnh nhân",1
Hây wuá chi oi.,0
"Toàn ""sửu nhi""",1
Tóc này đẹp hơn chứ :((,0
cuop ngay benh cuop dem ma.be lu no phai benh lan nhau la phai rui,1
Toàn Trịnh nó tốt hay ko thì kệ mẹ tụi nó,1
Tao đéo biết,1
Đề Văn mai ra . A chj hãy nêu cảm nhận của mình và phân tích về hiện tg streamer Phùng Thanh Độ (Độ Mixi) hiện dk nhiều giới trẻ yêu thích. Câu 5đ,0
Triệu S. Tùng Icon sớm cũng bị nói. Đéo hiểu kiểu gì,1
Ánh sáng của đảng sẽ giết mày,1
Mấy người này là con cháu của tụi bán nước chứ ai nữa. Đem vàng qua Mĩ mà hãnh diện hả?? Vàng của ai?? Tiền vàng cũng của người Việt của đất Việt mà lại hãnh diện ghê. Tụi bán nước tui trộm cắp.,2
"Chuyện bình thường như cân đường hộp sữa ở thiên đường này.Các vị nghĩ chúng nó ăn như thế đã là ác độc lắm rồi à.Chưa đâu,nó ăn những cái mà quý vị còn chưa thấy kìa.Không từ bất cứ một thủ đoạn nào,ăn không từ một cái gì.Ăn trên xương máu,trên đầu tr",2
Ở giữa chú pew à ?,0
"Quá troi xl , đm bán hàng 10 năm , bớt đi cd oi",2
Chế độ hiện thời chỉ còn tồn tại nhờ vào dối trá và mị dân.,1
hay lắm ... tuy nghe không được hay cho lắm như mà vẫn thua Sơn Tùng MPT ❤❤,0
Cực kì khuyết tật,1
cảm giác như kiểu cái lồn cx đi kể cho con bạn nó :)) bỏ thì lại kêu :),1
"có một sự tồn tại của đàn bò mang tên "" cực kỳ thuyết phục "", có sở thích là nhai đi nhai lại, mục đích của chúng trên hành tinh này vẫn chưa có lời giải đáp, theo như các nhà động vật học cho biết loài bò này có lối sống hoang dâm trụy lạc, có thể động dục bất cứ lúc nào, con số của loài này đang được gia tăng đáng kể.",2
Súc vật ???,1
Con nay ko co an hoc nen moi co hanh dong nhu the.de nguoi ta chua minh ko nhuc a,2
Trường Giang ý mình là họ đều không có ý thức như nhau cả ..biết mình có mang bệnh trong ng mà chẳng chịu đi cách li rồi mang mầm bệnh trong người đi lây sang cho ng khác tội cho ng ta lắmm,2
:)) t bên này t còn dell giám dùng tien mà s chj 3 xaolol vay nhà toàn trã góp sūa cl :))),2
Nguyễn Thành Nam wtf tick xanh,0
"N17 khai gian dối, lây lan cho người nhà, hại bao nhiêu ng Việt Nam bị cách ly nên bị mọi người chửi là đúng.",2
chửi cái dcmmm,2
Tứ chi phát triển mà não đéo phát triển 😔,1
Mac ia qua,1
Đoàn Thị Thảo lại có hả chị,0
Vũ Thanh Huyền bọn Hàn Quốc biết nói tiếng Việt à :)),0
Chuyển a sang phòng tạm giam cho đỡ ngột ngạt =)),2
mat day,1
sale cc,1
susan nữa đi thầy oii,0
tụi trung + nó qua VN mặc áo dài luôn rồi ah. các bạn bò vô cho mình tí ý kiến với !!! thanks các bạn,2
"Ông già tham vãi lồn.. tay một cái, mồm một cái",2
nứng nứng hóa,1
đơn phương là tự nguyện đau là âm thầm nhớ :)))) gán chịu đi dmm mi,1
😌Kiều Kiềuu Quỳnh Liên nghe nè,0
Thuyết cc,1
Con Sờ Ầu ói dòi oi chấp làm gì con âm binh khí đụ tụ hình rạch trời rơi xuống kia hả bạn tôi ơi,2
"@Tiktok Official r Minh Hiếu làm gì mà chửi hả con thiểu năng, có não ko bt suy nghĩ ak, chưa chắc gì mấy đứa ghép hình nó vs MH là fan của MH",2
quá đỉnh luôn ae à,0
"Dùng được trong 2 năm là còn may, đéo biết nổi 2 tháng không",1
Đúng quần què,1
Ghép làm chó nha ae,1
thôn...làm ! cán bộ thôn...làm !,2
Chị ba có cái loz bằng cổ tay!,2
Chết với cộng sản thôu,1
nứng nứng hóa,1
Okie abe :v,0
Bác Dần mà làm youtube chắc 1 tr sub là ít,0
Ăn mặc như cái đb:)),1
Chôn sống nó đi,2
Không phận cái đcmm thg ad ngu như chó,2
Nguyễn Hạnh tiền nhiều để làm gì?? Để đi mang dịch về cho đất nước :((,1
"Ăn mặc không để đụng hàng, nên cũng không giống ai và con gì luôn.",1
Chán ông già vl,1
Trần Vinh :) về nhà mà giúp mẹ giúp cha ở đây thuyết phục cái mả cha nhà mày,2
Các cậu đéo đi học à 🤦‍♀️,2
"Trần Sinh Đức chụp ảnh thôi, ko bấm chuông hay lộ địa chỉ là đc",0
"Đm, thằng giám đốc này đúng ngu hơn heo. Nó nói mình thì cũng kệ mẹ nó rồi âm thầm đì. Đây lại tố cáo thì khác éo j nhận mình là thằng mặt heo cho cả thiên hạ biết :))))",2
còn đây là idol của tui :v,0
Dị ứng với thằng cha này quá,2
"@Tiktok Official nói k lại rooid phán là chó hùa. T chúng tao đang nói đây đéo phải hàng real. Bớt xl lại. Đéo có fan của ai đây hết. Bán vậy rồi nghiệp quật. Thử nghỉ cha mẹ bây uống thuốc chống đột quỵ.... Mà trúng thuốc giả rồi k có tác dụng rồi sao. Đéo biết suy nghỉ. Ừ hàng giả nói giả. Rẻ cũng chạy. Bày đặt real, hàng pháp .... Xạo l",1
Yêu Thầy Ba vãi cẹt 😚,1
tụi trung + nó qua VN mặc áo dài luôn rồi ah. các bạn bò vô cho mình tí ý kiến với !!! thanks các bạn,2
căng thẳng vlll,1
Có bác Đam là yên tâm quá.,0
"Các a các chị cho phép e xả chút ạ. Dkm mấy cái thằng hãm lol đi hát cái kiểu ki bo kẹt sỉ . Ăn mà ịt muốn ỉa . T thanh toán suốt rồi nhé ịt thèm chặt chém cái hội chúng mày mà mấy cái thể loại kêu t chặt chém. Loại mất dạy , chúng m động mồ động mả hả",2
Lũ ngu dân,2
Dit me vao long tot cho de cua may a,2
nghe giọng k hay bằng trước . Đề nghị bác độ để giọng cute khác đi .,0
Nhìn mặt đã thấy chán mà còn 2 nhiệm kì thì chán con mẹ nó luôn rui,1
Trần Thị Nhung con ng chứ có phải con c** đâu mà suốt ngày nghỉ. HN bị tuần sau còn phải cắp sách đi hc nữa là chỗ mk. Nằm mơ đi e,2
Nguyễn Hoàng Anh Tú thế thì ăn cứt đi chứ đừg để chết vì cô rô na,2
Trần Mạnh Hải do hình có ghi nguồn rồi nên anh ko ghi cre nha chú :)),0
Đoàn Văn Ngọc Sơn Abe dám cà khịa Sơn Đậm Sâu,0
#ERROR!,0
Dẫn độ tội phạm TC rất hoành tráng,2
"HL sao không chịu đem tấm bằng khen NSƯT ra khè lại đám Cu Vẹm kia vậy cà, dù sao đi nửa tấm bằng khen cũng do đảng và nhà nước cấp cho mà. Còn nếu dám chịu chơi nữa thì diễn kịch với tựa đề đừng tin những gì Cu Vẹm nói, mong ra khi về mỹ có thể xin welfare như lúc ban đầu khi mới tới mỹ diện H.O",2
Cứ 1 tiếng lại có 1 ca nhiễm thế này. Nên đổi tên Corona thành Conchodinhung,2
Ôi thơm tho j. Ko co quan hệ thì vào lam cung bị đào thải. Mấy nghanh ma dân thuong vn ko bao gio vao đx. Cong an. Quan đội. Ngan hang nha nc. Hang không. Đừng mơ mà vào. Nếu vao đc cung lam cu li sai vat cho tui no. Đm,1
"Tối thiểu phải giữ lại 33% thì mới đủ xây dựng hạ tầng cơ bản, hơn 40 năm bóc lột dân SG chưa đủ sao? Những ngày đầu tiên tràn vô chúng đã vơ vét số tài sản khổng lồ để cõng ra ngoài kia và cứ tiếp tục chúng xẻ thịt hàng ngày, cao tốc ở TPhcm k đủ phục",2
"Đm nứng lòn ghê dị hà, ngta đánh đôi 3 đi đánh đôi heo, dừa lòn 🤣",1
Người Việt mà đéo được về Việt . Đâm đầu chết mẹ đi cho mấy mà vừa lòng .,1
Tĩnh Que còn hát cho nhau nghe đc thì dăm ba cái chúc thấm đ' gì nhỉ,1
Thỉnh thoảng lại có địt con mẹ nghe hay vãi lon,1
ý thức rất tuyệt 👏,0
nhờ nó tố cáo mà khỏi ai thắc mắc thằng nào là thằng mặt heo 😃😃😃😃,2
Tuổi lol ăn anh t,1
Cây atm đến từ cao lãnh :)),0
Abe bucu,2
"mấy chú mà có quen 1 thằng ăn chơi hoang tàn, se sua diêm dúa cộng thêm cái tính láo toét éo có tự trọng... suốt ngày mở miệng là nổ mà cứ hỏi mượn tiền...mấy chú tính sao? liệu cho nó vay bao lâu thì nản?",1
tự hào vì có nhiều admin fanpage ngu nhất thế giới nữa :)),1
M KM,0
Ma no,1
Cái tập đoàn dacosan rước giặc đây mà,2
xóa kênh cũ trước đã,0
"Chẳng qua dân mình ngu dốt, học luật giao thông thì bố thằng nào làm bậy dm",1
Đầu bui,1
Thấy ông lên nói chuyện mừng quá.từ đợt dịch bùng phát cứ tưởng ông ẳng rùi,0
"Mấy chú mấy bác trị tham nhũng mạnh tay tử hình hết dùm, rồi lấy tiền lo cho dân đâu ra đó thì đéo có thằng nào rảnh phản động đâu mấy chú mấy bác ạ.",2
Chuyen gia vu tru thi phai doan truoc duoc dich cua nuoc My chu? Sao lai phai mua gao du phong. Chung to chuen gia vu tru nay oc dac.,2
Thằng assmin nhãm shitt...đành rằng page này là CHỬI. Nhưng mày là assmin thì chỉ nên viết gợi ý thôi...để mem nó CHỬI...mày dành CHỬI kiểu đó thì chơi thế đéo nào...,2
"Đặng Bảo tào lao, nhạc trước giờ cũng jack nó sáng tác chứ có cái đb mà liên quan kicm, bài hồng nhan trước đó chắc có cứt tên kicm trong đó",2
Hoa nở bặc bặc,0
"lũ bán nước đang bú đít tụi đài loan china.dech mẹ gia đình thằng chủ tịch tỉnh QB , mả cha thằng bộ trưởng tài nguyên môi trường.lũ sâu bọ",2
Bùi Đức HậuHậu nếu nó cười vào mặt bn thì chứng tỏ bn không phải là j của ngta thì vc Dell gì phải sợ chỉ là thích sai người thôi,1
Đang lúc dầu sôi lửa bỏng bay kiếm clmn hay gì á rồi đem bênh về đây cho nhà nước nuôi tốn cơm tốn gạo,1
Sam đi đôi so đi lẻ,0
Hải Yến tổ sư con dở ng nghĩ mình hài hước hay lòn gì cmt để ngta ỉa vào mặt à Hải Yến ơi,2
Biết bao nhiu $ mới vào được.. không ăn hối lộ thì ăn cức à.. khj nào mới hồi vốn chứ.. ng ta là dân làm ăn mà..,1
Xe này kg dùng vân tay vn dc.,0
"N17 khai gian dối, lây lan cho người nhà, hại bao nhiêu ng Việt Nam bị cách ly nên bị mọi người chửi là đúng.",2
t tu cuu dc r,0
Tình ngộ chưa ông Dần ? ông dẹp lá cờ /// đi nhục lắm và nói với bọn chống cộng ngu muội rằng quê hương Việt Nam là số 1 của thế giới nhé.,2
"Đụ mẹ, thầy làm clg vậy?",2
Đúng mấy thằng bệnh hoạn,2
Uống nước rửa bát xong ngồi đợi đ chết,1
Xóa kênh đi ông giáo êi. Quân tử nhất ngôn chứ. =)),0
Bán dân để trá nợ,1
Anh đéo phải trình bày,2
Hay.,0
Nhân cách thua con gấu bông nhà t🙂,1
Ở Nhật nhưng làm việc hành chính theo kiểu Việt Nam - Buồn,2
Đình Quang xấu như anh thì em cũng muốn 😌😌😌,0
Chua thay thang bede nao sau nhu thang quy nay no banh noc,2
Nguyễn Thanh Vũ học trò của thầy ở rank vàng đây. 😁,0
Dm bị band cmt trong gruop,1
"Hợp lý vl a ơi, ngta nói ước mơ ko đánh thuế, nhưng đéo đủ tiền đóng thuế thì mơ mơ cc",1
Tình đồng chí thật kiên trung!Sách lịch sử dạy giặc tra tấn dã man thế nào cũng không mở mồm có #,2
mong con mày không ngu như mày,2
Má ăn mặc đeo giống ai,1
Ủa đây là đâu hả,0
Thấy vd cute vch nhờ nền nhạc 😂😂,1
Có cc nè em :),2
Vl,1
bắc kỳ con đâu rồi con trai ???mâm nào cũng có mặt con mà @@,2
"May quá, đang tìm chỗ mua",0
Địt cụ chúng nó muốn người dân chở về thời đồ đá mất rồi? Như thế này đỡ phải sử dụng phương tiện? Địt mẹ thằng nào nghĩ ra cái luật lồn này,2
Đéo thấy thằng nào bị tử hình... vì các nghìn tỷ được bỏ túi đều... bọn này ăn nghìn tỷ chỗ này... bọn kia ăn nghìn tỷ chỗ khác... 1 thằng chết là chết cả lũ,1
Nghe bác nói vui tai mà. Mỗi người 1 chính kiến. Bác cứ tiếp tục nhé.,0
Ngon! Đeo tai nghe vào và sục cặc thôi!!,1
Chỉ Có những người ngu lâu dốt bền mới khoe của,2
Tin tức như cc,1
Đạo khổng ăn quá sâu vào tiềm thức rồi. Xã hội đó không thể bắt kịp nền văn minh nhân loại nữa.,2
Lee Sin lol mẹ giáo án kiểm soát của thầy Tú,1
Ở Nhật nhưng làm việc hành chính theo kiểu Việt Nam - Buồn,2
Thanh Huyền đấy mình đi trước thời đại rồi,0
Abe đúng là thật xàm l ;v,2
Ra khỏi chỗ cách ly rồi lấy đốg gạch🧱🧱 từ dư luận về xây biệt thự ở cho bớt ngột ngạt,1
m nói láo chứ ai,2
"Cho em hỏi dư luận viên đi ăn có được giảm giá không? Tiền điện, tiền xăng... có được miễn phí không ạ! 😂",2
"Bên a cần tuyển vài ae đi phụ hồ nhé, mấy em lh cho a...trượt TN hay ĐH k chết đc, chỉ có thất nghiệp thì mới chết thôi mấy e à :))))))))",0
nhìn nứng gkê ak abe ơi!!!,1
ghét mấy thằng lìn quay dọc vl,2
"chửi cái qq gì, ko làm đúng quy trình thì bị loại đúng rồi",1
Ad page này có quan tâm gì đâu. Chỉ quan tâm nói đểu nói xoáy thôi mà. Đm ad,2
Tam tu bi ma mieng thi kem gai,1
kkkkkkk con này bị cô ba vàng mã đào hết mớ rồi kkkk.bị sập bẫy của bà tam cung chén mũ rồi kkk,2
"Thích là mua , cuối tuần mua , lãnh lương mua , vui mua , buồn mua cần gì tết hã Nghi Tran",0
TD yêu quỷ nói chả đúng gì cá,2
Bán online 10 năm mà đm đạo đức kém vc boom hàng chết mẹ nó đi mng ơi :)),2
Thằng này ko dc,1
Có lửa mới có khói.cũng như vụ Tiên Lãng Hải Phòng mà thôi.chết oan cho bọn🐕tham lam ăn cướp,2
Thua !,0
Chui nua di co cho bo tat ngua,1
Julia Trần youtube có chỉ cách phân biệt bạn nhé,0
đơn phương là tự nguyện đau là âm thầm nhớ :)))) gán chịu đi dmm mi,1
Tên ăn hô nói tục... Đô trưởng HN...,2
Nếu mày mua hàng thật giá 150k thì ko ai nói gì. Đây là hàng fake thưownc hiệu. Giống như m mua iphone nhái vậy đó. Thay vì mua con xiaomi chính hãng còn xịn hơn cái iphone fake,0
Trùm hò - Trùm bánh mì tôm tép - Trùm khô gà,0
Tiên tri gi gọi là tri thần kinh,1
Thú vị,0
đúng rồi 1 có 2 không đợi đợi cc nhé 🤣🤣,1
"Đảng viên thì sao?công khai đảng viên còn hơn lũ 3/// nhưng là cộng sản nằm vùng ,đem con mụ Nẫm qua chửi Mỹ như chó -lũ 3/// chống lưng cho mụ chửi ,tao là diện HO mà tao còn ko ưa tụi 3///",2
rất hư trúc nhưng lại mộ dung phục!,0
"Thực sự cạn lời vs những ng thượng đẳng này. Đặt câu hỏi thật hay, tại sao cấm hàn quốc nhập cảng vào VN thật quá độc ác. Nghe vl thiệt",0
thôn cái lù. dkm cs,2
Đây là quần què à,1
"Oày,chức quyền đều mua thì biết cái quái gì mà bảo sao không phát biểu theo kiểu ""ngu học"" thế được.Mang tiếng giám đốc sở xây dựng mà một tí chuyên môn nghiệp vụ thì cũng dần dần hiểu ra bỏ bao nhiêu là ""tiền"" cho cái chức đó rồi đó.Phát cho bé 1 phiếu vì sự ""ngu dốt"" của bé :))",2
Quần gì ma nhìn vào thấy mất nết dễ sợ,1
Thằng chủ chó bị lũ chó bắt giam đến giờ chưa thả. Ad nắm thông tin vụ này chia sẻ với anh em gấp nhé !,1
Lần nào cũng đưa con Robot này lên bìa mặt báo :)),0
"Gel rửa tay khô mini đi ạ , chỉ từ 70k/c . hàng chuẩn usa 🇺🇸",0
Này thì chém gió này 😂,0
"Xương máu của đồng chí mà chúng nó còn trục lợi, thì mạng sống dân đen có là gì.",2
Lan Hoa nhưng đạo nhái là kiếm được tiền tỷ còn hơn cái lũ trẻ trâu chĩa mỏ vào để cắn cho bỏ ghét 🤔😏,2
Ốc chó mới kêu cầm cờ việt nam diễn tập.,2
Thanh Vo giống i như m :))),0
Dù sao vẫn trất :v,0
lz ma no do =)),1
Lê Thuần Triệu official bóng dơ này bán đồ giả nhe bạn nó khịa minh hiếu nên fan tag minh hiếu vào nhé,2
Rút kinh nghiệm là lại đc sài nghìn tỷ .,1
Đhs nói ngu vl :))),1
Rồi sau đó chết bảo tại số,1
Mỗi người 1 công việc..dm thằng đăng bài ngu đéo chịu đc,2
Chỉ khó cho người sang sau này thôi,0
"Chử, ""lẻ"" =))",0
Phim dở vl ạ hihi. Nữ chính đơ hơn nữ phụ,1
Chị Khánh chi càng ngày càng đẹp,0
Nha ba nay o gan kho dan no banh xac,2
Thanh Trẻ Trâu đm :)),2
Chúng nó soi mói từ ca si đi đái..ngủ gật..lộ vếu..còn tin quan trọng thì đéo dám đưa tin..truyền thông toàn bọn báo lá cải,2
tôi còn tưởng nó là ( đăng ký cái lồn ),1
Nghiệp quá tr :)),0
Hat nhu lon 🙂,1
Đầy ông kinh doanh bây h thờ Quan Công chứ đéo ai xăm và thờ Thánh Gióng =))))),1
Ae năm mới zui zẻ hông quạo nha ❤️,0
Đệt! =)),1
Phương Xuka chị xuất hiện trong vid kìa :),0
Cà khịa đi xíu thầy vô chửi cm🤦,1
Anh 3 ngu vải ra hahaha,2
Bạn nữ nào âm đạo dãn rộng thâm đen,1
Thương hiệu lâu đời :),0
mk chỉ thích xem a độ đá vs a bô béo,0
Đụ má mặt nhìn như đàn ông,1
chết con ỉ ẹ thầy vs em :)),2
Chết vì đảng miễn bàn,0
assmin đi chơi gái bị tống à :)),1
Kiểu như chúng thách thức: tao kí tao xài đấy ai ý kiến lên phường!,0
Cần thì inbox em nha.... e tình nguyện,0
Anh có thể bớt xạo cho dân tình đỡ ghét anh đi =))),2
Chu Hoài tay hơi cứng,0
Thiên đường xhcn là đây :v,2
Đuổi mẹ nó đi thầy,2
"ko biết tụi tham ô tham nhũng ăn cướp bán nước hại dân chúng dạy con như thế nào nhỉ, làm sao mà dám thấp hương cho ông bà tổ tiên",2
Phát Võ hút cho lắm vào,0
địt mẹ thắm :)),2
Tưởng k có tuổi vs vong ba gà,0
Cảm ơn em da dạy dỗ con Linh khùng.,2
Vl fake,1
Giang hồ c nói xạo khi nào nó bắt con quỷ này trực tiếp lên mới tin chứ mấy thag giag hồ ra quai vậy thôi. Chỉ đc cái mieg,0
Cắt cổ các đối thủ .... anh trung sát thủ,0
Phan Chí Trường =)),0
fan one piece :v,0
kkk,0
Viết Sang e còn trẻ và đẹp máy bay kiểu dell gì,0
Con này vừa xấu người vừa xấu nết khẩu nghiệp nó lại nặng nữa chứ,2
Thiếu nốt cái live là anh chăng khác gì bọn cô rê an,2
Câu cữa miệng đụ má nó 😁,1
Hightlight của abe là cái ngu của 5 tk kia đó abe :)))),2
Thu Ha con chó bằng bưởi là của bố bạn à :)))))))),0
nứng nứng,1
Noi giong biet dot nat k dao duc,1
Quá trời cái,1
Trần Dần chào hỏi trân trọng quá! Tự PR hay quá!,0
"Mồ tổ cha mày. Đăng mà cũng lược bỏ đi chi tiết: Cty hổ trợ 1thùng number one, bình đựng nước đá. Nhưng anh này...tham thêm 1chút là đòi 10 thùng number one. Đừg ngu mà tỏ nguy hiểm nha ad",2
thẻ rút kinh nghiệm đấy :)),0
"Vài bữa mà ho như chó sửa, thì bắn mày luôn nha.",2
bên ngoài hiền lành ngoan ngoãn bên trong đầy tiền :)))),0
link đâu con mẹ m,1
Điên .,1
việc đéo gì phải nhường nhịn quyền lợi của mình bị xâm phạm mà,1
"Chính cái bản chất tiền là trên hết kể cả bán rẻ lương tâm, đạo đức...thể loại văn hóa rừng rú không có gì là ngạc nhiên khi đặt chân đến xứ sở lừa.",2
Cap khá là hợp lý. Hình rất chi thuyết phục,0
Thầy Sonic giật dữ quá =))),0
nó lại hợp lý vcl anh Độ ạ,0
"Lên mạng THÁNH thiện làm phước, miệng lỗ mồm long công đồ chợ búa, Có chồn lùi đâu múa lữa, ngáo aõ",1
"Có chữ để đọc mà còn không mang ơn ,,,Đúng là lũ khốn nạn ,,,,Đề nghị đổi chử của thằng giáo sư đầu bùi cho dễ sữ dụng,,,,,,,Đã vậy còn tôn thờ hai thằng mũi lõ mắt xanh gây đau khổ cho bao dân tộc trên thế giới,,,,Dân vn còn chưa có được cục phân của nó để bón cây vậy mà tôn thờ hơn cha mẹ",2
Ok thầy nhé,0
Mom thui qua con nay loài kg an học mat dai kg so mot con nao tai sao len xin lỏi khóc nhu cho,2
Ngọc Tuấn ngõ 82 yên lãng,0
Thiếu răng... Phát âm ko chuẩn...,0
Ko chừng các đồng chí mua phẩm màu về rải ấy :),0
Thầy xạo lol hả thầy,2
"Cai du ma deo bit dang song trong cai thoi ky gi,ma lam alibaba the ko bit",1
Phi Quý dầu thơm mùi nhức đầu chết mẹ =)),1
"Thớt óc chó, dư lợn viên ăn cám heo, con bò đỏ ngu si..thằng đàn ông rẻ tiền mất dạy..1 con người khốn nạn..",2
Là sv hay người ?,1
Minh Hoàng vl a t,1
thông đít hàng ngày :),1
Chúng ta xây dựng gần xong cnxh rồi hoan hô,0
"Đm Ad, mày ngon kéo ra đó mà bve ngồi sủa phỏng có ích gì",2
cả một lũ sâu bọ. chó chết,1
Vl. bỏ 33 giây cuộc đời ra để cười. tốn thời gian mà đéo đc cl gì,1
Phạm Văn Công căng nhỉ,0
ThanhHuy Nguyen dơ vcl=))),2
Giựt tiền của minh hiếu mà bài đặc xaoloz ở đây,2
Nghe ông này nói dơ lỗ tai 😎,2
"Đúng vậy, bà tôi là một sản phẩm của cs, bà là người con của miền nam, nhưng ba mẹ bà lại đi tập kết và sinh bà ngoài bắc, bà sống mấy chục năm đầu đời trong trại trẻ - gọi là học sinh miền nam. Cái gốc là bà vẫn vô cùng tốt bụng, bà không tham, không",0
Lin gà của MU về giao lưu với bộ tộc,0
Vì 1 người tên nhung mà hại bit bao nhiu người,2
"Hoan hô ông Trần Dần, lần nảy thấy ông khỏe vui ghê.",0
Tiên sư trần dần .hỏi 2022 có về vn k thì cứ nói liên thiên,0
"Liên cái lồn, bọn game x mobi chúng nó cũng đóng video quảng cáo ở chung sân khấu đấy( cũng mặc quần áo táo quân ké tí fame) , đội táo quân cũng tập ở đấy nên ké hình táo quân tí thôi chứ tuổi buồi đòi táo quân quảng cáo cho, địt mẹ seed bẩn",2
"Bn nói chuẩn cmnr, nhai cứ như bò nhai cỏ, bảo dân trí thấp lại tự ái.",1
Công nhân sửa chữa đường dùng máy công suất lớn thổi bụi mù mịt giữa phố_Hà nội VN mới có,1
DLV thì cần đéo gì biết phải hay trái ?,1
Đây là bạn thân của vũ khắc tiệp mọi ngừoi ạ.nên ý thức nó cũng y vậy,2
thằng lồn này chỉ biết tham Mu chứ biết cc gì,2
TPHCM nhé. Sài Gòn không như vậy.,1
"Hanh Viet ở nhà giúp mẹ giúp cha , ở đây soi soi mã cha chúng mày :))",2
Việt Yến chăc t k lau chìu gì cái chổ ở t luôn quá... xui xui phải đền nữa,0
"Phải lên giành công trạng chứ, lãnh đạo mà. Nói chứ Bầu Đức là người có công lớn nhất đưa Park Hang Seo về dẫn dắt đội tuyển Việt Nam thế nhưng khi thành công chẳng ai một lời hỏi han quan tâm ông ta cả, lúc bầu cử còn gạch tên ông ta ra.",2
Ditme mặt thầy cũng thần thái vãi l*n :)),2
này là del có tí nhân phẩm nào nên nó thế :((,1
Chac bj dua mat day nao hach nich dang linh tinh thoi..chu dua nao ma ngu hon ca cho moi sua ra cau nay...,1
"“Ông già đem hết tiền đãi bạn,dm tháng này thiếu sữa rồi” :)))",1
dm linkkkkkkkkkkkk,1
Ơ tưởng thầy chơi gay 😢,2
Thu đi để lại lá vàng nhunh đến gửi ngàn lời yêu thương,0
"Luật Nhân Quyền của Mỹ dành cho HonhKong thật sự rất GOOD. Lũ hắc cảnh đã rón dái hết rồi các Bác ạ, làm chó săn cũng để kiếm tiền đi sứ giãy chết, mà giờ bị áp chế thế này thì làm chó chi cho người ta chửi nữa chứ 😷😷😷",2
Ông co noi gi đi nua thi ông cung ko dc chết trên đất nước vn đâu phẩn động,2
